[Licensing::Module] Trying to connect to existing licensing client channel...
Built from '6000.3/respin/6000.3.6f1-732c1ec89f18' branch; Version is '6000.3.6f1 (bbb010bdb8a3) revision 12300304'; Using compiler version '194234433'; Build Type 'Release'
OS: 'Windows 11  (10.0.26200) Professional' Language: 'en' Physical Memory: 64863 MB
[Licensing::IpcConnector] Successfully connected to: "LicenseClient-humai" at "2026-10-07T14:28:53.6220344Z"
BatchMode: 1, IsHumanControllingUs: 0, StartBugReporterOnCrash: 0, Is64bit: 1
System  architecture: x64
Process architecture: x64
Date: 2026-10-07T14:28:53Z

COMMAND LINE ARGUMENTS:
C:\Program Files\Unity\Hub\Editor\6000.3.6f1\Editor\Unity.exe
-adb2
-batchMode
-noUpm
-name
AssetImportWorker4
-projectPath
D:/Game Dev/Resort Empire
-logFile
Logs/AssetImportWorker4.log
-srvPort
50682
-licensingIpc
LicenseClient-humai
-job-worker-count
7
-background-job-worker-count
8
-gc-helper-count
1
-name
AssetImport
Successfully changed project path to: D:/Game Dev/Resort Empire
D:/Game Dev/Resort Empire
[UnityMemory] Configuration Parameters - Can be set up in boot.config
    "memorysetup-temp-allocator-size-nav-mesh-worker=65536"
    "memorysetup-temp-allocator-size-audio-worker=65536"
    "memorysetup-temp-allocator-size-gfx=262144"
    "memorysetup-allocator-temp-initial-block-size-main=262144"
    "memorysetup-allocator-temp-initial-block-size-worker=262144"
    "memorysetup-temp-allocator-size-background-worker=32768"
    "memorysetup-temp-allocator-size-job-worker=262144"
    "memorysetup-temp-allocator-size-preload-manager=33554432"
    "memorysetup-temp-allocator-size-gi-baking-worker=262144"
    "memorysetup-temp-allocator-size-gi-baking-worker=262144"
    "memorysetup-temp-allocator-size-gi-baking-worker=262144"
    "memorysetup-temp-allocator-size-gi-baking-worker=262144"
    "memorysetup-temp-allocator-size-gi-baking-worker=262144"
    "memorysetup-bucket-allocator-granularity=16"
    "memorysetup-bucket-allocator-bucket-count=8"
    "memorysetup-bucket-allocator-block-size=33554432"
    "memorysetup-bucket-allocator-block-count=8"
    "memorysetup-main-allocator-block-size=16777216"
    "memorysetup-thread-allocator-block-size=16777216"
    "memorysetup-gfx-main-allocator-block-size=16777216"
    "memorysetup-gfx-thread-allocator-block-size=16777216"
    "memorysetup-cache-allocator-block-size=4194304"
    "memorysetup-typetree-allocator-block-size=2097152"
    "memorysetup-profiler-bucket-allocator-granularity=16"
    "memorysetup-profiler-bucket-allocator-bucket-count=8"
    "memorysetup-profiler-bucket-allocator-block-size=33554432"
    "memorysetup-profiler-bucket-allocator-block-count=8"
    "memorysetup-profiler-allocator-block-size=16777216"
    "memorysetup-profiler-editor-allocator-block-size=1048576"
    "memorysetup-temp-allocator-size-main=16777216"
    "memorysetup-job-temp-allocator-block-size=2097152"
    "memorysetup-job-temp-allocator-block-size-background=1048576"
    "memorysetup-job-temp-allocator-reduction-small-platforms=262144"
    "memorysetup-temp-allocator-size-cloud-worker=32768"
Player connection [37104]  Target information:

Player connection [37104]  * "[IP] 192.168.83.1 [Port] 0 [Flags] 2 [Guid] 4037666668 [EditorId] 4037666668 [Version] 1048832 [Id] WindowsEditor(7,Humair_Ali) [Debug] 1 [PackageName] WindowsEditor [ProjectName] Editor" 

Player connection [37104]  * "[IP] 192.168.19.1 [Port] 0 [Flags] 2 [Guid] 4037666668 [EditorId] 4037666668 [Version] 1048832 [Id] WindowsEditor(7,Humair_Ali) [Debug] 1 [PackageName] WindowsEditor [ProjectName] Editor" 

Player connection [37104]  * "[IP] 192.168.1.139 [Port] 0 [Flags] 2 [Guid] 4037666668 [EditorId] 4037666668 [Version] 1048832 [Id] WindowsEditor(7,Humair_Ali) [Debug] 1 [PackageName] WindowsEditor [ProjectName] Editor" 

Player connection [37104] Host joined multi-casting on [225.0.0.222:54997]...
Player connection [37104] Host joined alternative multi-casting on [225.0.0.222:34997]...
JobSystem: Creating JobQueue using job-worker-count value 7
Input System module state changed to: Initialized.
[Physics::Module] Initialized fallback backend.
[Physics::Module] Id: 0xdecafbad
Library Redirect Path: Library/
[Physics::Module] Selected backend.
[Physics::Module] Name: PhysX
[Physics::Module] Id: 0xf2b8ea05
[Physics::Module] SDK Version: 4.1.2
[Physics::Module] Integration Version: 1.0.0
[Physics::Module] Threading Mode: Multi-Threaded
Refreshing native plugins compatible for Editor in 287.88 ms, found 5 plugins.
Preloading 1 native plugins for Editor in 2.05 ms.
Initialize engine version: 6000.3.6f1 (bbb010bdb8a3)
[Subsystems] Discovering subsystems at path C:/Program Files/Unity/Hub/Editor/6000.3.6f1/Editor/Data/Resources/UnitySubsystems
[Subsystems] Discovering subsystems at path D:/Game Dev/Resort Empire/Assets
GfxDevice: creating device client; kGfxThreadingModeNonThreaded
Direct3D:
    Version:  Direct3D 11.0 [level 11.1]
    Renderer: AMD Radeon (TM) Graphics (ID=0x15e7)
    Vendor:   ATI
    VRAM:     48479 MB
    Driver:   31.0.21914.18001
Initialize mono
Mono path[0] = 'C:/Program Files/Unity/Hub/Editor/6000.3.6f1/Editor/Data/Managed'
Mono path[1] = 'C:/Program Files/Unity/Hub/Editor/6000.3.6f1/Editor/Data/MonoBleedingEdge/lib/mono/unityjit-win32'
Mono config path = 'C:/Program Files/Unity/Hub/Editor/6000.3.6f1/Editor/Data/MonoBleedingEdge/etc'
Using monoOptions --debugger-agent=transport=dt_socket,embedding=1,server=y,suspend=n,address=127.0.0.1:56572
Begin MonoManager ReloadAssembly
[Licensing::Client] Handshaking with LicensingClient:
  Version:                 1.17.4+4293ba1
  Session Id:              72d14cedcb014c639712d3a2377b1133
  Correlation Id:          8be8d5780d5ca8ca6a35962fc934bb24
  External correlation Id: 156728402929683628
  Machine Id:              Du9is2DkLR7bDe9JONnBjenM6dY=
[Licensing::Module] Successfully connected to LicensingClient on channel: "LicenseClient-humai" (connect: 0.00s, validation: 0.00s, handshake: 2.75s)
[Licensing::IpcConnector] Successfully connected to: "LicenseClient-humai-notifications" at "2026-10-07T14:28:56.3775597Z"
[Licensing::Module] Licensing Background thread has ended after 2.76s
Registering precompiled unity dll's ...
Register platform support module: C:/Program Files/Unity/Hub/Editor/6000.3.6f1/Editor/Data/PlaybackEngines/WebGLSupport/UnityEditor.WebGL.Extensions.dll
[Licensing::Client] Successfully resolved entitlement details
[Licensing::Module] License group:
  Id: 18968372494550-UnityPersXXXX
  Product: Unity Personal
  Type: Assigned
  Expiration: Unlimited
Register platform support module: C:/Program Files/Unity/Hub/Editor/6000.3.6f1/Editor/Data/PlaybackEngines/VisionOSPlayer/UnityEditor.VisionOS.Extensions.dll
Register platform support module: C:/Program Files/Unity/Hub/Editor/6000.3.6f1/Editor/Data/PlaybackEngines/WindowsStandaloneSupport/UnityEditor.WindowsStandalone.Extensions.dll
[Licensing::Client] Successfully resolved entitlement details
Register platform support module: C:/Program Files/Unity/Hub/Editor/6000.3.6f1/Editor/Data/PlaybackEngines/MetroSupport/UnityEditor.UWP.Extensions.dll
[Licensing::Client] Successfully resolved entitlement details
Register platform support module: C:/Program Files/Unity/Hub/Editor/6000.3.6f1/Editor/Data/PlaybackEngines/AndroidPlayer/UnityEditor.Android.Extensions.dll
Register platform support module: C:/Program Files/Unity/Hub/Editor/6000.3.6f1/Editor/Data/PlaybackEngines/iOSSupport/UnityEditor.iOS.Extensions.dll
Register platform support module: C:/Program Files/Unity/Hub/Editor/6000.3.6f1/Editor/Data/PlaybackEngines/AppleTVSupport/UnityEditor.AppleTV.Extensions.dll
Register platform support module: C:/Program Files/Unity/Hub/Editor/6000.3.6f1/Editor/Data/PlaybackEngines/LinuxStandaloneSupport/UnityEditor.LinuxStandalone.Extensions.dll
Registered in 0.017520 seconds.
- Loaded All Assemblies, in  1.520 seconds
Native extension for LinuxStandalone target not found
[usbmuxd] Start listen thread
[usbmuxd] Listen thread started
Native extension for AppleTV target not found
[usbmuxd] Start listen thread
[usbmuxd] Listen thread started
Native extension for iOS target not found
Native extension for Android target not found
Android Extension - Scanning For ADB Devices 341 ms
Native extension for UWP target not found
Native extension for WindowsStandalone target not found
Failed to load: C:/Program Files/Unity/Hub/Editor/6000.3.6f1/Editor/Data/PlaybackEngines/VisionOSPlayer\x64\UnityEditor.VisionOS.Native.dll
Native extension for VisionOS target not found
Native extension for WebGL target not found
Package Manager log level set to [2]
[Package Manager] Failed to launch server process. Reason: Unity was launched with the -noUpm command-line argument
[Package Manager] Unable to send message (not connected to server process).
[Package Manager] Cannot connect to Unity Package Manager local server
ScheduleIndexationOnStartup MainProcess:False IndexOnStartup:True
Mono: successfully reloaded assembly
- Finished resetting the current domain, in  1.009 seconds
Domain Reload Profiling: 2523ms
	BeginReloadAssembly (193ms)
		ExecutionOrderSort (0ms)
		DisableScriptedObjects (0ms)
		BackupInstance (0ms)
		ReleaseScriptingObjects (0ms)
		CreateAndSetChildDomain (1ms)
	RebuildCommonClasses (200ms)
	RebuildNativeTypeToScriptingClass (18ms)
	initialDomainReloadingComplete (85ms)
	LoadAllAssembliesAndSetupDomain (1018ms)
		LoadAssemblies (188ms)
		RebuildTransferFunctionScriptingTraits (0ms)
		AnalyzeDomain (1011ms)
			TypeCache.Refresh (1010ms)
				TypeCache.ScanAssembly (816ms)
			BuildScriptInfoCaches (0ms)
			ResolveRequiredComponents (0ms)
	FinalizeReload (1010ms)
		ReleaseScriptCaches (0ms)
		RebuildScriptCaches (0ms)
		SetupLoadedEditorAssemblies (943ms)
			LogAssemblyErrors (0ms)
			InitializePlatformSupportModulesInManaged (572ms)
			SetLoadedEditorAssemblies (4ms)
			BeforeProcessingInitializeOnLoad (102ms)
			ProcessInitializeOnLoadAttributes (197ms)
			ProcessInitializeOnLoadMethodAttributes (68ms)
			AfterProcessingInitializeOnLoad (0ms)
			EditorAssembliesLoaded (0ms)
		ExecutionOrderSort2 (0ms)
		AwakeInstancesAfterBackupRestoration (0ms)
Assembly reference Packages/com.unity.cinemachine/Editor/Samples/ExposeHDRPInternals/HDRP-Editor-ref.asmref has no target assembly definition
========================================================================
Worker process is ready to serve import requests
Import Worker Mode flag is 0x00
Assembly reference Packages/com.unity.cinemachine/Editor/Samples/ExposeHDRPInternals/HDRP-Editor-ref.asmref has no target assembly definition
Assembly reference Packages/com.unity.cinemachine/Editor/Samples/ExposeHDRPInternals/HDRP-Editor-ref.asmref has no target assembly definition
Begin MonoManager ReloadAssembly
[Licensing::Client] Successfully resolved entitlement details
Symbol file LoadedFromMemory is not a mono symbol file
Symbol file LoadedFromMemory is not a mono symbol file
- Loaded All Assemblies, in  1.496 seconds
Assembly reference Packages/com.unity.cinemachine/Editor/Samples/ExposeHDRPInternals/HDRP-Editor-ref.asmref has no target assembly definition
'Packages/com.unity.cinemachine/Editor/Obsolete/CinemachineVirtualCameraBaseEditor.cs' contains partial class of Unity.Object, exactly 1 of the partial classes needs to be in a file with the same filename. This is to know the one that can be referenced from ie. GameObjects
'Packages/com.unity.cinemachine/Editor/Editors/CinemachineVirtualCameraBaseEditor.cs' contains partial class of Unity.Object, exactly 1 of the partial classes needs to be in a file with the same filename. This is to know the one that can be referenced from ie. GameObjects
Refreshing native plugins compatible for Editor in 2.71 ms, found 5 plugins.
Native extension for LinuxStandalone target not found
Native extension for AppleTV target not found
Native extension for iOS target not found
Native extension for Android target not found
Native extension for UWP target not found
Native extension for WindowsStandalone target not found
Failed to load: C:/Program Files/Unity/Hub/Editor/6000.3.6f1/Editor/Data/PlaybackEngines/VisionOSPlayer\x64\UnityEditor.VisionOS.Native.dll
Native extension for VisionOS target not found
Native extension for WebGL target not found
Assembly reference Packages/com.unity.cinemachine/Editor/Samples/ExposeHDRPInternals/HDRP-Editor-ref.asmref has no target assembly definition
Refreshing native plugins compatible for Editor in 2.97 ms, found 5 plugins.
[Package Manager] Failed to launch server process. Reason: Unity was launched with the -noUpm command-line argument
[Package Manager] Unable to send message (not connected to server process).
[Package Manager] Cannot connect to Unity Package Manager local server
[Package Manager] Failed to launch server process. Reason: Unity was launched with the -noUpm command-line argument
[Package Manager] Unable to send message (not connected to server process).
[Package Manager] Cannot connect to Unity Package Manager local server
[Licensing::Client] Error: Code 404 while processing request (status: Found 0 entitlement groups and 0 free entitlements matching requested entitlement ids)
[Licensing::Client] Error: Code 404 while processing request (status: Found 0 entitlement groups and 0 free entitlements matching requested entitlement ids)
[Licensing::Client] Error: Code 404 while processing request (status: Found 0 entitlement groups and 0 free entitlements matching requested entitlement ids)
ScheduleIndexationOnStartup MainProcess:False IndexOnStartup:True
Mono: successfully reloaded assembly
- Finished resetting the current domain, in  2.804 seconds
Domain Reload Profiling: 4293ms
	BeginReloadAssembly (248ms)
		ExecutionOrderSort (0ms)
		DisableScriptedObjects (7ms)
		BackupInstance (0ms)
		ReleaseScriptingObjects (0ms)
		CreateAndSetChildDomain (43ms)
	RebuildCommonClasses (45ms)
	RebuildNativeTypeToScriptingClass (14ms)
	initialDomainReloadingComplete (88ms)
	LoadAllAssembliesAndSetupDomain (1094ms)
		LoadAssemblies (596ms)
		RebuildTransferFunctionScriptingTraits (0ms)
		AnalyzeDomain (643ms)
			TypeCache.Refresh (503ms)
				TypeCache.ScanAssembly (471ms)
			BuildScriptInfoCaches (119ms)
			ResolveRequiredComponents (14ms)
	FinalizeReload (2804ms)
		ReleaseScriptCaches (0ms)
		RebuildScriptCaches (0ms)
		SetupLoadedEditorAssemblies (2335ms)
			LogAssemblyErrors (0ms)
			InitializePlatformSupportModulesInManaged (35ms)
			SetLoadedEditorAssemblies (8ms)
			BeforeProcessingInitializeOnLoad (281ms)
			ProcessInitializeOnLoadAttributes (1558ms)
			ProcessInitializeOnLoadMethodAttributes (440ms)
			AfterProcessingInitializeOnLoad (14ms)
			EditorAssembliesLoaded (1ms)
		ExecutionOrderSort2 (0ms)
		AwakeInstancesAfterBackupRestoration (9ms)
Launched and connected shader compiler UnityShaderCompiler.exe after 0.02 seconds
Refreshing native plugins compatible for Editor in 3.19 ms, found 5 plugins.
Preloading 1 native plugins for Editor in 0.07 ms.
Unloading 60 Unused Serialized files (Serialized files now loaded: 0)
Unloading 11008 unused Assets / (22.5 MB). Loaded Objects now: 11882.
Memory consumption went from 243.6 MB to 221.1 MB.
Total: 39.358700 ms (FindLiveObjects: 1.535700 ms CreateObjectMapping: 2.089000 ms MarkObjects: 26.281300 ms  DeleteObjects: 9.451200 ms)

========================================================================
Received Import Request.
  Time since last request: 7536.063892 seconds.
  path: Assets/Prefabs/TilePanel/Stone Tile.prefab
  artifactKey: Guid(91d725ee0b973da4baee0b2675757fe0) Importer(815301076,1909f56bfc062723c751e8b465ee728b)
Start importing Assets/Prefabs/TilePanel/Stone Tile.prefab using Guid(91d725ee0b973da4baee0b2675757fe0) Importer(815301076,1909f56bfc062723c751e8b465ee728b) (PreviewImporter) -> (artifact id: 'c4f65ec12de53ff7ed40a40821e84eef') in 0.4491342 seconds
Number of updated asset objects reloaded before import = 0Number of asset objects unloaded after import = 11

========================================================================
Received Import Request.
  Time since last request: 0.454942 seconds.
  path: Assets/Prefabs/TilePanel/Stone Tile.prefab
  artifactKey: Guid(91d725ee0b973da4baee0b2675757fe0) Importer(2089858483,b0f066a214c2f5e87bad3c948f4d605d)
Start importing Assets/Prefabs/TilePanel/Stone Tile.prefab using Guid(91d725ee0b973da4baee0b2675757fe0) Importer(2089858483,b0f066a214c2f5e87bad3c948f4d605d) (ScriptedImporter) -> (artifact id: '04aa84078c0331f2fe6d6a75b93d2f32') in 0.1438936 seconds
Number of updated asset objects reloaded before import = 0Number of asset objects unloaded after import = 10

========================================================================
Received Import Request.
  Time since last request: 27.681045 seconds.
  path: Assets/Prefabs/TilePanel/Stone Tile.prefab
  artifactKey: Guid(91d725ee0b973da4baee0b2675757fe0) Importer(815301076,1909f56bfc062723c751e8b465ee728b)
Start importing Assets/Prefabs/TilePanel/Stone Tile.prefab using Guid(91d725ee0b973da4baee0b2675757fe0) Importer(815301076,1909f56bfc062723c751e8b465ee728b) (PreviewImporter) -> (artifact id: '09e6d60a3bf71e9990e8dc768df33b9b') in 0.0137267 seconds
Number of updated asset objects reloaded before import = 0Number of asset objects unloaded after import = 11

========================================================================
Received Import Request.
  Time since last request: 0.889761 seconds.
  path: Assets/Prefabs/TilePanel/Stone Tile.prefab
  artifactKey: Guid(91d725ee0b973da4baee0b2675757fe0) Importer(2089858483,b0f066a214c2f5e87bad3c948f4d605d)
Start importing Assets/Prefabs/TilePanel/Stone Tile.prefab using Guid(91d725ee0b973da4baee0b2675757fe0) Importer(2089858483,b0f066a214c2f5e87bad3c948f4d605d) (ScriptedImporter) -> (artifact id: '157f38c6ef46442133d8b654ffb34e47') in 0.0266683 seconds
Number of updated asset objects reloaded before import = 0Number of asset objects unloaded after import = 10

========================================================================
Received Import Request.
  Time since last request: 30.680307 seconds.
  path: Assets/Prefabs/TilePanel/Stone Tile.prefab
  artifactKey: Guid(91d725ee0b973da4baee0b2675757fe0) Importer(815301076,1909f56bfc062723c751e8b465ee728b)
Start importing Assets/Prefabs/TilePanel/Stone Tile.prefab using Guid(91d725ee0b973da4baee0b2675757fe0) Importer(815301076,1909f56bfc062723c751e8b465ee728b) (PreviewImporter) -> (artifact id: '42f64cb233e22a50516d0f7d2c1c4b7e') in 0.0114754 seconds
Number of updated asset objects reloaded before import = 0Number of asset objects unloaded after import = 11

========================================================================
Received Import Request.
  Time since last request: 0.887582 seconds.
  path: Assets/Prefabs/TilePanel/Stone Tile.prefab
  artifactKey: Guid(91d725ee0b973da4baee0b2675757fe0) Importer(2089858483,b0f066a214c2f5e87bad3c948f4d605d)
Start importing Assets/Prefabs/TilePanel/Stone Tile.prefab using Guid(91d725ee0b973da4baee0b2675757fe0) Importer(2089858483,b0f066a214c2f5e87bad3c948f4d605d) (ScriptedImporter) -> (artifact id: 'e2ef020e27dd293b0d9ed5298d53e62a') in 0.0136283 seconds
Number of updated asset objects reloaded before import = 0Number of asset objects unloaded after import = 10

========================================================================
Received Import Request.
  Time since last request: 32.732010 seconds.
  path: Assets/Prefabs/TilePanel/Stone Tile.prefab
  artifactKey: Guid(91d725ee0b973da4baee0b2675757fe0) Importer(815301076,1909f56bfc062723c751e8b465ee728b)
Start importing Assets/Prefabs/TilePanel/Stone Tile.prefab using Guid(91d725ee0b973da4baee0b2675757fe0) Importer(815301076,1909f56bfc062723c751e8b465ee728b) (PreviewImporter) -> (artifact id: '97fe7615151b0ac15af8b70c6dd86df9') in 0.0086786 seconds
Number of updated asset objects reloaded before import = 0Number of asset objects unloaded after import = 11

========================================================================
Received Import Request.
  Time since last request: 0.922609 seconds.
  path: Assets/Prefabs/TilePanel/Stone Tile.prefab
  artifactKey: Guid(91d725ee0b973da4baee0b2675757fe0) Importer(2089858483,b0f066a214c2f5e87bad3c948f4d605d)
Start importing Assets/Prefabs/TilePanel/Stone Tile.prefab using Guid(91d725ee0b973da4baee0b2675757fe0) Importer(2089858483,b0f066a214c2f5e87bad3c948f4d605d) (ScriptedImporter) -> (artifact id: '523b360d6a9dab58ee483f3b4263257a') in 0.0147891 seconds
Number of updated asset objects reloaded before import = 0Number of asset objects unloaded after import = 10

========================================================================
Received Prepare
Assembly reference Packages/com.unity.cinemachine/Editor/Samples/ExposeHDRPInternals/HDRP-Editor-ref.asmref has no target assembly definition
Assembly reference Packages/com.unity.cinemachine/Editor/Samples/ExposeHDRPInternals/HDRP-Editor-ref.asmref has no target assembly definition
Begin MonoManager ReloadAssembly
[Licensing::Client] Successfully resolved entitlement details
Symbol file LoadedFromMemory is not a mono symbol file
Symbol file LoadedFromMemory is not a mono symbol file
- Loaded All Assemblies, in  1.687 seconds
Assembly reference Packages/com.unity.cinemachine/Editor/Samples/ExposeHDRPInternals/HDRP-Editor-ref.asmref has no target assembly definition
'Packages/com.unity.cinemachine/Editor/Obsolete/CinemachineVirtualCameraBaseEditor.cs' contains partial class of Unity.Object, exactly 1 of the partial classes needs to be in a file with the same filename. This is to know the one that can be referenced from ie. GameObjects
'Packages/com.unity.cinemachine/Editor/Editors/CinemachineVirtualCameraBaseEditor.cs' contains partial class of Unity.Object, exactly 1 of the partial classes needs to be in a file with the same filename. This is to know the one that can be referenced from ie. GameObjects
Refreshing native plugins compatible for Editor in 2.69 ms, found 5 plugins.
Native extension for LinuxStandalone target not found
Native extension for AppleTV target not found
Native extension for iOS target not found
Native extension for Android target not found
Native extension for UWP target not found
Native extension for WindowsStandalone target not found
Failed to load: C:/Program Files/Unity/Hub/Editor/6000.3.6f1/Editor/Data/PlaybackEngines/VisionOSPlayer\x64\UnityEditor.VisionOS.Native.dll
Native extension for VisionOS target not found
Native extension for WebGL target not found
Assembly reference Packages/com.unity.cinemachine/Editor/Samples/ExposeHDRPInternals/HDRP-Editor-ref.asmref has no target assembly definition
Refreshing native plugins compatible for Editor in 2.82 ms, found 5 plugins.
[Package Manager] Failed to launch server process. Reason: Unity was launched with the -noUpm command-line argument
[Package Manager] Unable to send message (not connected to server process).
[Package Manager] Cannot connect to Unity Package Manager local server
[Package Manager] Failed to launch server process. Reason: Unity was launched with the -noUpm command-line argument
[Package Manager] Unable to send message (not connected to server process).
[Package Manager] Cannot connect to Unity Package Manager local server
[Licensing::Client] Error: Code 404 while processing request (status: Found 0 entitlement groups and 0 free entitlements matching requested entitlement ids)
[Licensing::Client] Error: Code 404 while processing request (status: Found 0 entitlement groups and 0 free entitlements matching requested entitlement ids)
[Licensing::Client] Error: Code 404 while processing request (status: Found 0 entitlement groups and 0 free entitlements matching requested entitlement ids)
ScheduleIndexationOnStartup MainProcess:False IndexOnStartup:True
Mono: successfully reloaded assembly
- Finished resetting the current domain, in  2.278 seconds
Domain Reload Profiling: 3967ms
	BeginReloadAssembly (406ms)
		ExecutionOrderSort (0ms)
		DisableScriptedObjects (46ms)
		BackupInstance (0ms)
		ReleaseScriptingObjects (0ms)
		CreateAndSetChildDomain (141ms)
	RebuildCommonClasses (47ms)
	RebuildNativeTypeToScriptingClass (16ms)
	initialDomainReloadingComplete (74ms)
	LoadAllAssembliesAndSetupDomain (1146ms)
		LoadAssemblies (711ms)
		RebuildTransferFunctionScriptingTraits (0ms)
		AnalyzeDomain (569ms)
			TypeCache.Refresh (20ms)
				TypeCache.ScanAssembly (1ms)
			BuildScriptInfoCaches (524ms)
			ResolveRequiredComponents (17ms)
	FinalizeReload (2279ms)
		ReleaseScriptCaches (0ms)
		RebuildScriptCaches (0ms)
		SetupLoadedEditorAssemblies (2036ms)
			LogAssemblyErrors (0ms)
			InitializePlatformSupportModulesInManaged (41ms)
			SetLoadedEditorAssemblies (10ms)
			BeforeProcessingInitializeOnLoad (323ms)
			ProcessInitializeOnLoadAttributes (1188ms)
			ProcessInitializeOnLoadMethodAttributes (461ms)
			AfterProcessingInitializeOnLoad (13ms)
			EditorAssembliesLoaded (1ms)
		ExecutionOrderSort2 (0ms)
		AwakeInstancesAfterBackupRestoration (18ms)
Refreshing native plugins compatible for Editor in 3.13 ms, found 5 plugins.
Preloading 1 native plugins for Editor in 0.07 ms.
Unloading 60 Unused Serialized files (Serialized files now loaded: 0)
Unloading 10973 unused Assets / (20.9 MB). Loaded Objects now: 11884.
Memory consumption went from 243.8 MB to 222.9 MB.
Total: 31.119900 ms (FindLiveObjects: 1.602000 ms CreateObjectMapping: 1.496600 ms MarkObjects: 20.525000 ms  DeleteObjects: 7.494500 ms)

Prepare: number of updated asset objects reloaded= 0
========================================================================
Received Prepare
'Packages/com.unity.cinemachine/Editor/Obsolete/CinemachineVirtualCameraBaseEditor.cs' contains partial class of Unity.Object, exactly 1 of the partial classes needs to be in a file with the same filename. This is to know the one that can be referenced from ie. GameObjects
'Packages/com.unity.cinemachine/Editor/Editors/CinemachineVirtualCameraBaseEditor.cs' contains partial class of Unity.Object, exactly 1 of the partial classes needs to be in a file with the same filename. This is to know the one that can be referenced from ie. GameObjects
Refreshing native plugins compatible for Editor in 2.93 ms, found 5 plugins.
Preloading 1 native plugins for Editor in 0.06 ms.
Unloading 60 Unused Serialized files (Serialized files now loaded: 0)
Unloading 10955 unused Assets / (21.7 MB). Loaded Objects now: 11885.
Memory consumption went from 243.2 MB to 221.5 MB.
Total: 33.784000 ms (FindLiveObjects: 1.258700 ms CreateObjectMapping: 1.458900 ms MarkObjects: 22.109200 ms  DeleteObjects: 8.955300 ms)

Prepare: number of updated asset objects reloaded= 0
========================================================================
Received Import Request.
  Time since last request: 1092.937553 seconds.
  path: Assets/Scripts/CustomerSpawner.cs
  artifactKey: Guid(2e46c00889f7cf949975c4d0c76e34a6) Importer(2089858483,b0f066a214c2f5e87bad3c948f4d605d)
Start importing Assets/Scripts/CustomerSpawner.cs using Guid(2e46c00889f7cf949975c4d0c76e34a6) Importer(2089858483,b0f066a214c2f5e87bad3c948f4d605d) (ScriptedImporter) -> (artifact id: 'cb2618073323f6f50dd23b2d72f82ebd') in 0.1073243 seconds
Number of updated asset objects reloaded before import = 0Number of asset objects unloaded after import = 0

========================================================================
Received Prepare
Assembly reference Packages/com.unity.cinemachine/Editor/Samples/ExposeHDRPInternals/HDRP-Editor-ref.asmref has no target assembly definition
Assembly reference Packages/com.unity.cinemachine/Editor/Samples/ExposeHDRPInternals/HDRP-Editor-ref.asmref has no target assembly definition
Begin MonoManager ReloadAssembly
[Licensing::Client] Successfully resolved entitlement details
Symbol file LoadedFromMemory is not a mono symbol file
Symbol file LoadedFromMemory is not a mono symbol file
- Loaded All Assemblies, in  1.491 seconds
Assembly reference Packages/com.unity.cinemachine/Editor/Samples/ExposeHDRPInternals/HDRP-Editor-ref.asmref has no target assembly definition
'Packages/com.unity.cinemachine/Editor/Obsolete/CinemachineVirtualCameraBaseEditor.cs' contains partial class of Unity.Object, exactly 1 of the partial classes needs to be in a file with the same filename. This is to know the one that can be referenced from ie. GameObjects
'Packages/com.unity.cinemachine/Editor/Editors/CinemachineVirtualCameraBaseEditor.cs' contains partial class of Unity.Object, exactly 1 of the partial classes needs to be in a file with the same filename. This is to know the one that can be referenced from ie. GameObjects
Refreshing native plugins compatible for Editor in 2.81 ms, found 5 plugins.
Native extension for LinuxStandalone target not found
Native extension for AppleTV target not found
Native extension for iOS target not found
Native extension for Android target not found
Native extension for UWP target not found
Native extension for WindowsStandalone target not found
Failed to load: C:/Program Files/Unity/Hub/Editor/6000.3.6f1/Editor/Data/PlaybackEngines/VisionOSPlayer\x64\UnityEditor.VisionOS.Native.dll
Native extension for VisionOS target not found
Native extension for WebGL target not found
Assembly reference Packages/com.unity.cinemachine/Editor/Samples/ExposeHDRPInternals/HDRP-Editor-ref.asmref has no target assembly definition
Refreshing native plugins compatible for Editor in 3.85 ms, found 5 plugins.
[Package Manager] Failed to launch server process. Reason: Unity was launched with the -noUpm command-line argument
[Package Manager] Unable to send message (not connected to server process).
[Package Manager] Cannot connect to Unity Package Manager local server
[Package Manager] Failed to launch server process. Reason: Unity was launched with the -noUpm command-line argument
[Package Manager] Unable to send message (not connected to server process).
[Package Manager] Cannot connect to Unity Package Manager local server
[Licensing::Client] Error: Code 404 while processing request (status: Found 0 entitlement groups and 0 free entitlements matching requested entitlement ids)
[Licensing::Client] Error: Code 404 while processing request (status: Found 0 entitlement groups and 0 free entitlements matching requested entitlement ids)
[Licensing::Client] Error: Code 404 while processing request (status: Found 0 entitlement groups and 0 free entitlements matching requested entitlement ids)
ScheduleIndexationOnStartup MainProcess:False IndexOnStartup:True
Mono: successfully reloaded assembly
- Finished resetting the current domain, in  2.686 seconds
Domain Reload Profiling: 4176ms
	BeginReloadAssembly (380ms)
		ExecutionOrderSort (0ms)
		DisableScriptedObjects (19ms)
		BackupInstance (0ms)
		ReleaseScriptingObjects (0ms)
		CreateAndSetChildDomain (119ms)
	RebuildCommonClasses (53ms)
	RebuildNativeTypeToScriptingClass (22ms)
	initialDomainReloadingComplete (81ms)
	LoadAllAssembliesAndSetupDomain (953ms)
		LoadAssemblies (647ms)
		RebuildTransferFunctionScriptingTraits (0ms)
		AnalyzeDomain (465ms)
			TypeCache.Refresh (21ms)
				TypeCache.ScanAssembly (2ms)
			BuildScriptInfoCaches (421ms)
			ResolveRequiredComponents (16ms)
	FinalizeReload (2687ms)
		ReleaseScriptCaches (0ms)
		RebuildScriptCaches (0ms)
		SetupLoadedEditorAssemblies (2394ms)
			LogAssemblyErrors (0ms)
			InitializePlatformSupportModulesInManaged (45ms)
			SetLoadedEditorAssemblies (11ms)
			BeforeProcessingInitializeOnLoad (342ms)
			ProcessInitializeOnLoadAttributes (1386ms)
			ProcessInitializeOnLoadMethodAttributes (591ms)
			AfterProcessingInitializeOnLoad (18ms)
			EditorAssembliesLoaded (1ms)
		ExecutionOrderSort2 (0ms)
		AwakeInstancesAfterBackupRestoration (27ms)
Refreshing native plugins compatible for Editor in 3.52 ms, found 5 plugins.
Preloading 1 native plugins for Editor in 0.07 ms.
Unloading 60 Unused Serialized files (Serialized files now loaded: 0)
Unloading 10974 unused Assets / (20.9 MB). Loaded Objects now: 11888.
Memory consumption went from 243.7 MB to 222.7 MB.
Total: 38.176700 ms (FindLiveObjects: 1.997700 ms CreateObjectMapping: 2.844000 ms MarkObjects: 23.582900 ms  DeleteObjects: 9.750100 ms)

Prepare: number of updated asset objects reloaded= 0
========================================================================
Received Prepare
'Packages/com.unity.cinemachine/Editor/Obsolete/CinemachineVirtualCameraBaseEditor.cs' contains partial class of Unity.Object, exactly 1 of the partial classes needs to be in a file with the same filename. This is to know the one that can be referenced from ie. GameObjects
'Packages/com.unity.cinemachine/Editor/Editors/CinemachineVirtualCameraBaseEditor.cs' contains partial class of Unity.Object, exactly 1 of the partial classes needs to be in a file with the same filename. This is to know the one that can be referenced from ie. GameObjects
Refreshing native plugins compatible for Editor in 4.00 ms, found 5 plugins.
Preloading 1 native plugins for Editor in 0.09 ms.
Unloading 60 Unused Serialized files (Serialized files now loaded: 0)
Unloading 10955 unused Assets / (21.3 MB). Loaded Objects now: 11888.
Memory consumption went from 243.2 MB to 222.0 MB.
Total: 46.153600 ms (FindLiveObjects: 2.359900 ms CreateObjectMapping: 3.996800 ms MarkObjects: 24.457100 ms  DeleteObjects: 15.338100 ms)

Prepare: number of updated asset objects reloaded= 0
========================================================================
Received Import Request.
  Time since last request: 91.946716 seconds.
  path: Assets/Scripts/CustomerSpawner.cs
  artifactKey: Guid(2e46c00889f7cf949975c4d0c76e34a6) Importer(815301076,1909f56bfc062723c751e8b465ee728b)
Start importing Assets/Scripts/CustomerSpawner.cs using Guid(2e46c00889f7cf949975c4d0c76e34a6) Importer(815301076,1909f56bfc062723c751e8b465ee728b) (PreviewImporter) -> (artifact id: '4bff5bbb5416bf3030f8659d344af498') in 0.0028821 seconds
Number of updated asset objects reloaded before import = 0Number of asset objects unloaded after import = 0

========================================================================
Received Import Request.
  Time since last request: 85.469658 seconds.
  path: Assets/Scripts/CustomerSpawner.cs
  artifactKey: Guid(2e46c00889f7cf949975c4d0c76e34a6) Importer(2089858483,b0f066a214c2f5e87bad3c948f4d605d)
Start importing Assets/Scripts/CustomerSpawner.cs using Guid(2e46c00889f7cf949975c4d0c76e34a6) Importer(2089858483,b0f066a214c2f5e87bad3c948f4d605d) (ScriptedImporter) -> (artifact id: '2567fbada8b8bd80910af04e7161f12d') in 0.083246 seconds
Number of updated asset objects reloaded before import = 0Number of asset objects unloaded after import = 0

========================================================================
Received Prepare
'Packages/com.unity.cinemachine/Editor/Obsolete/CinemachineVirtualCameraBaseEditor.cs' contains partial class of Unity.Object, exactly 1 of the partial classes needs to be in a file with the same filename. This is to know the one that can be referenced from ie. GameObjects
'Packages/com.unity.cinemachine/Editor/Editors/CinemachineVirtualCameraBaseEditor.cs' contains partial class of Unity.Object, exactly 1 of the partial classes needs to be in a file with the same filename. This is to know the one that can be referenced from ie. GameObjects
Refreshing native plugins compatible for Editor in 3.01 ms, found 5 plugins.
Preloading 1 native plugins for Editor in 0.07 ms.
Unloading 60 Unused Serialized files (Serialized files now loaded: 0)
Unloading 10956 unused Assets / (20.7 MB). Loaded Objects now: 11889.
Memory consumption went from 238.2 MB to 217.5 MB.
Total: 33.091900 ms (FindLiveObjects: 1.476900 ms CreateObjectMapping: 1.491500 ms MarkObjects: 22.482700 ms  DeleteObjects: 7.638800 ms)

Prepare: number of updated asset objects reloaded= 0
========================================================================
Received Import Request.
  Time since last request: 13.221939 seconds.
  path: Assets/Scripts/CustomerMovement.cs
  artifactKey: Guid(9138f62b3afeb89449efdd53308cb79b) Importer(2089858483,b0f066a214c2f5e87bad3c948f4d605d)
Start importing Assets/Scripts/CustomerMovement.cs using Guid(9138f62b3afeb89449efdd53308cb79b) Importer(2089858483,b0f066a214c2f5e87bad3c948f4d605d) (ScriptedImporter) -> (artifact id: 'c2103fd58d354fa547036f19061bd585') in 0.0136105 seconds
Number of updated asset objects reloaded before import = 0Number of asset objects unloaded after import = 0

========================================================================
Received Import Request.
  Time since last request: 0.000034 seconds.
  path: Assets/Scripts/CustomerMovement.cs
  artifactKey: Guid(9138f62b3afeb89449efdd53308cb79b) Importer(815301076,1909f56bfc062723c751e8b465ee728b)
Start importing Assets/Scripts/CustomerMovement.cs using Guid(9138f62b3afeb89449efdd53308cb79b) Importer(815301076,1909f56bfc062723c751e8b465ee728b) (PreviewImporter) -> (artifact id: '5d80200b215b48c476f89687b669742e') in 0.0007022 seconds
Number of updated asset objects reloaded before import = 0Number of asset objects unloaded after import = 0

========================================================================
Received Prepare
Assembly reference Packages/com.unity.cinemachine/Editor/Samples/ExposeHDRPInternals/HDRP-Editor-ref.asmref has no target assembly definition
Assembly reference Packages/com.unity.cinemachine/Editor/Samples/ExposeHDRPInternals/HDRP-Editor-ref.asmref has no target assembly definition
Begin MonoManager ReloadAssembly
[Licensing::Client] Successfully resolved entitlement details
Symbol file LoadedFromMemory is not a mono symbol file
Symbol file LoadedFromMemory is not a mono symbol file
- Loaded All Assemblies, in  1.498 seconds
Assembly reference Packages/com.unity.cinemachine/Editor/Samples/ExposeHDRPInternals/HDRP-Editor-ref.asmref has no target assembly definition
'Packages/com.unity.cinemachine/Editor/Obsolete/CinemachineVirtualCameraBaseEditor.cs' contains partial class of Unity.Object, exactly 1 of the partial classes needs to be in a file with the same filename. This is to know the one that can be referenced from ie. GameObjects
'Packages/com.unity.cinemachine/Editor/Editors/CinemachineVirtualCameraBaseEditor.cs' contains partial class of Unity.Object, exactly 1 of the partial classes needs to be in a file with the same filename. This is to know the one that can be referenced from ie. GameObjects
Refreshing native plugins compatible for Editor in 6.25 ms, found 5 plugins.
Native extension for LinuxStandalone target not found
Native extension for AppleTV target not found
Native extension for iOS target not found
Native extension for Android target not found
Native extension for UWP target not found
Native extension for WindowsStandalone target not found
Failed to load: C:/Program Files/Unity/Hub/Editor/6000.3.6f1/Editor/Data/PlaybackEngines/VisionOSPlayer\x64\UnityEditor.VisionOS.Native.dll
Native extension for VisionOS target not found
Native extension for WebGL target not found
Assembly reference Packages/com.unity.cinemachine/Editor/Samples/ExposeHDRPInternals/HDRP-Editor-ref.asmref has no target assembly definition
Refreshing native plugins compatible for Editor in 4.80 ms, found 5 plugins.
[Package Manager] Failed to launch server process. Reason: Unity was launched with the -noUpm command-line argument
[Package Manager] Unable to send message (not connected to server process).
[Package Manager] Cannot connect to Unity Package Manager local server
[Package Manager] Failed to launch server process. Reason: Unity was launched with the -noUpm command-line argument
[Package Manager] Unable to send message (not connected to server process).
[Package Manager] Cannot connect to Unity Package Manager local server
[Licensing::Client] Error: Code 404 while processing request (status: Found 0 entitlement groups and 0 free entitlements matching requested entitlement ids)
[Licensing::Client] Error: Code 404 while processing request (status: Found 0 entitlement groups and 0 free entitlements matching requested entitlement ids)
[Licensing::Client] Error: Code 404 while processing request (status: Found 0 entitlement groups and 0 free entitlements matching requested entitlement ids)
ScheduleIndexationOnStartup MainProcess:False IndexOnStartup:True
Mono: successfully reloaded assembly
- Finished resetting the current domain, in  2.875 seconds
Domain Reload Profiling: 4372ms
	BeginReloadAssembly (354ms)
		ExecutionOrderSort (0ms)
		DisableScriptedObjects (19ms)
		BackupInstance (0ms)
		ReleaseScriptingObjects (0ms)
		CreateAndSetChildDomain (120ms)
	RebuildCommonClasses (53ms)
	RebuildNativeTypeToScriptingClass (19ms)
	initialDomainReloadingComplete (84ms)
	LoadAllAssembliesAndSetupDomain (986ms)
		LoadAssemblies (660ms)
		RebuildTransferFunctionScriptingTraits (0ms)
		AnalyzeDomain (464ms)
			TypeCache.Refresh (21ms)
				TypeCache.ScanAssembly (1ms)
			BuildScriptInfoCaches (421ms)
			ResolveRequiredComponents (15ms)
	FinalizeReload (2876ms)
		ReleaseScriptCaches (0ms)
		RebuildScriptCaches (0ms)
		SetupLoadedEditorAssemblies (2578ms)
			LogAssemblyErrors (0ms)
			InitializePlatformSupportModulesInManaged (47ms)
			SetLoadedEditorAssemblies (12ms)
			BeforeProcessingInitializeOnLoad (381ms)
			ProcessInitializeOnLoadAttributes (1545ms)
			ProcessInitializeOnLoadMethodAttributes (573ms)
			AfterProcessingInitializeOnLoad (18ms)
			EditorAssembliesLoaded (1ms)
		ExecutionOrderSort2 (0ms)
		AwakeInstancesAfterBackupRestoration (21ms)
Refreshing native plugins compatible for Editor in 3.39 ms, found 5 plugins.
Preloading 1 native plugins for Editor in 0.11 ms.
Unloading 60 Unused Serialized files (Serialized files now loaded: 0)
Unloading 10975 unused Assets / (20.5 MB). Loaded Objects now: 11892.
Memory consumption went from 244.0 MB to 223.5 MB.
Total: 43.614700 ms (FindLiveObjects: 2.095800 ms CreateObjectMapping: 2.660100 ms MarkObjects: 26.210300 ms  DeleteObjects: 12.646100 ms)

Prepare: number of updated asset objects reloaded= 0
========================================================================
Received Import Request.
  Time since last request: 92.676218 seconds.
  path: Assets/Scripts/CustomerMovement.cs
  artifactKey: Guid(9138f62b3afeb89449efdd53308cb79b) Importer(815301076,1909f56bfc062723c751e8b465ee728b)
Start importing Assets/Scripts/CustomerMovement.cs using Guid(9138f62b3afeb89449efdd53308cb79b) Importer(815301076,1909f56bfc062723c751e8b465ee728b) (PreviewImporter) -> (artifact id: '239798e566dbfda66deda78585e789ae') in 0.0033277 seconds
Number of updated asset objects reloaded before import = 0Number of asset objects unloaded after import = 0

========================================================================
Received Import Request.
  Time since last request: 16.970929 seconds.
  path: Assets/Scripts/CustomerMovement.cs
  artifactKey: Guid(9138f62b3afeb89449efdd53308cb79b) Importer(2089858483,b0f066a214c2f5e87bad3c948f4d605d)
Start importing Assets/Scripts/CustomerMovement.cs using Guid(9138f62b3afeb89449efdd53308cb79b) Importer(2089858483,b0f066a214c2f5e87bad3c948f4d605d) (ScriptedImporter) -> (artifact id: '8ede7d80cafaa19af8bc2a62e711c049') in 0.0943979 seconds
Number of updated asset objects reloaded before import = 0Number of asset objects unloaded after import = 0

========================================================================
Received Import Request.
  Time since last request: 4.857498 seconds.
  path: Assets/Prefabs/Customers
  artifactKey: Guid(c397f5f8492a356428c8c7ac9996fb45) Importer(815301076,1909f56bfc062723c751e8b465ee728b)
Start importing Assets/Prefabs/Customers using Guid(c397f5f8492a356428c8c7ac9996fb45) Importer(815301076,1909f56bfc062723c751e8b465ee728b) (PreviewImporter) -> (artifact id: '2d6751a2c9876db3c5c0515ebd23add9') in 0.000628 seconds
Number of updated asset objects reloaded before import = 0Number of asset objects unloaded after import = 0

========================================================================
Received Import Request.
  Time since last request: 0.820576 seconds.
  path: Assets/Prefabs/Customers
  artifactKey: Guid(c397f5f8492a356428c8c7ac9996fb45) Importer(2089858483,b0f066a214c2f5e87bad3c948f4d605d)
Start importing Assets/Prefabs/Customers using Guid(c397f5f8492a356428c8c7ac9996fb45) Importer(2089858483,b0f066a214c2f5e87bad3c948f4d605d) (ScriptedImporter) -> (artifact id: '509ef972b17cdb6517422a9c5fc51363') in 0.0131664 seconds
Number of updated asset objects reloaded before import = 0Number of asset objects unloaded after import = 1

========================================================================
Received Import Request.
  Time since last request: 14.974233 seconds.
  path: Assets/Prefabs/Customers/Mr. Smith
  artifactKey: Guid(e3bd2bf8c1b373842b4e983cae87214c) Importer(815301076,1909f56bfc062723c751e8b465ee728b)
Start importing Assets/Prefabs/Customers/Mr. Smith using Guid(e3bd2bf8c1b373842b4e983cae87214c) Importer(815301076,1909f56bfc062723c751e8b465ee728b) (PreviewImporter) -> (artifact id: '5523348adb42e74a3404b628edf913d9') in 0.0008784 seconds
Number of updated asset objects reloaded before import = 0Number of asset objects unloaded after import = 0

========================================================================
Received Import Request.
  Time since last request: 0.878950 seconds.
  path: Assets/Prefabs/Customers/Mr. Smith
  artifactKey: Guid(e3bd2bf8c1b373842b4e983cae87214c) Importer(2089858483,b0f066a214c2f5e87bad3c948f4d605d)
Start importing Assets/Prefabs/Customers/Mr. Smith using Guid(e3bd2bf8c1b373842b4e983cae87214c) Importer(2089858483,b0f066a214c2f5e87bad3c948f4d605d) (ScriptedImporter) -> (artifact id: 'a7267bfc47bd064a5e4fcc70f8d91ef3') in 0.0119361 seconds
Number of updated asset objects reloaded before import = 0Number of asset objects unloaded after import = 1

========================================================================
Received Import Request.
  Time since last request: 4.372297 seconds.
  path: Assets/Prefabs/Customers/Mr. Smith/Mr. Smith.prefab
  artifactKey: Guid(0eaf664c02473764c93dd4aa7966df75) Importer(815301076,1909f56bfc062723c751e8b465ee728b)
Start importing Assets/Prefabs/Customers/Mr. Smith/Mr. Smith.prefab using Guid(0eaf664c02473764c93dd4aa7966df75) Importer(815301076,1909f56bfc062723c751e8b465ee728b) (PreviewImporter) -> (artifact id: 'ec81444dea3c24f40a92fb09ae400891') in 0.4900354 seconds
Number of updated asset objects reloaded before import = 0Number of asset objects unloaded after import = 7

========================================================================
Received Import Request.
  Time since last request: 0.385902 seconds.
  path: Assets/Prefabs/Customers/Mr. Smith/Mr. Smith.prefab
  artifactKey: Guid(0eaf664c02473764c93dd4aa7966df75) Importer(2089858483,b0f066a214c2f5e87bad3c948f4d605d)
Start importing Assets/Prefabs/Customers/Mr. Smith/Mr. Smith.prefab using Guid(0eaf664c02473764c93dd4aa7966df75) Importer(2089858483,b0f066a214c2f5e87bad3c948f4d605d) (ScriptedImporter) -> (artifact id: '5ef53b05949c55350edc58fb30fb70dd') in 0.0522153 seconds
Number of updated asset objects reloaded before import = 0Number of asset objects unloaded after import = 7

========================================================================
Received Prepare
Assembly reference Packages/com.unity.cinemachine/Editor/Samples/ExposeHDRPInternals/HDRP-Editor-ref.asmref has no target assembly definition
Assembly reference Packages/com.unity.cinemachine/Editor/Samples/ExposeHDRPInternals/HDRP-Editor-ref.asmref has no target assembly definition
Begin MonoManager ReloadAssembly
[Licensing::Client] Successfully resolved entitlement details
Symbol file LoadedFromMemory is not a mono symbol file
Symbol file LoadedFromMemory is not a mono symbol file
- Loaded All Assemblies, in  1.496 seconds
Assembly reference Packages/com.unity.cinemachine/Editor/Samples/ExposeHDRPInternals/HDRP-Editor-ref.asmref has no target assembly definition
'Packages/com.unity.cinemachine/Editor/Obsolete/CinemachineVirtualCameraBaseEditor.cs' contains partial class of Unity.Object, exactly 1 of the partial classes needs to be in a file with the same filename. This is to know the one that can be referenced from ie. GameObjects
'Packages/com.unity.cinemachine/Editor/Editors/CinemachineVirtualCameraBaseEditor.cs' contains partial class of Unity.Object, exactly 1 of the partial classes needs to be in a file with the same filename. This is to know the one that can be referenced from ie. GameObjects
Refreshing native plugins compatible for Editor in 2.96 ms, found 5 plugins.
Native extension for LinuxStandalone target not found
Native extension for AppleTV target not found
Native extension for iOS target not found
Native extension for Android target not found
Native extension for UWP target not found
Native extension for WindowsStandalone target not found
Failed to load: C:/Program Files/Unity/Hub/Editor/6000.3.6f1/Editor/Data/PlaybackEngines/VisionOSPlayer\x64\UnityEditor.VisionOS.Native.dll
Native extension for VisionOS target not found
Native extension for WebGL target not found
Assembly reference Packages/com.unity.cinemachine/Editor/Samples/ExposeHDRPInternals/HDRP-Editor-ref.asmref has no target assembly definition
Refreshing native plugins compatible for Editor in 4.20 ms, found 5 plugins.
[Package Manager] Failed to launch server process. Reason: Unity was launched with the -noUpm command-line argument
[Package Manager] Unable to send message (not connected to server process).
[Package Manager] Cannot connect to Unity Package Manager local server
[Package Manager] Failed to launch server process. Reason: Unity was launched with the -noUpm command-line argument
[Package Manager] Unable to send message (not connected to server process).
[Package Manager] Cannot connect to Unity Package Manager local server
[Licensing::Client] Error: Code 404 while processing request (status: Found 0 entitlement groups and 0 free entitlements matching requested entitlement ids)
[Licensing::Client] Error: Code 404 while processing request (status: Found 0 entitlement groups and 0 free entitlements matching requested entitlement ids)
[Licensing::Client] Error: Code 404 while processing request (status: Found 0 entitlement groups and 0 free entitlements matching requested entitlement ids)
ScheduleIndexationOnStartup MainProcess:False IndexOnStartup:True
Mono: successfully reloaded assembly
- Finished resetting the current domain, in  3.141 seconds
Domain Reload Profiling: 4640ms
	BeginReloadAssembly (393ms)
		ExecutionOrderSort (0ms)
		DisableScriptedObjects (39ms)
		BackupInstance (0ms)
		ReleaseScriptingObjects (0ms)
		CreateAndSetChildDomain (131ms)
	RebuildCommonClasses (47ms)
	RebuildNativeTypeToScriptingClass (17ms)
	initialDomainReloadingComplete (86ms)
	LoadAllAssembliesAndSetupDomain (956ms)
		LoadAssemblies (652ms)
		RebuildTransferFunctionScriptingTraits (0ms)
		AnalyzeDomain (445ms)
			TypeCache.Refresh (10ms)
				TypeCache.ScanAssembly (0ms)
			BuildScriptInfoCaches (412ms)
			ResolveRequiredComponents (16ms)
	FinalizeReload (3141ms)
		ReleaseScriptCaches (0ms)
		RebuildScriptCaches (0ms)
		SetupLoadedEditorAssemblies (2857ms)
			LogAssemblyErrors (0ms)
			InitializePlatformSupportModulesInManaged (47ms)
			SetLoadedEditorAssemblies (11ms)
			BeforeProcessingInitializeOnLoad (346ms)
			ProcessInitializeOnLoadAttributes (1758ms)
			ProcessInitializeOnLoadMethodAttributes (673ms)
			AfterProcessingInitializeOnLoad (20ms)
			EditorAssembliesLoaded (1ms)
		ExecutionOrderSort2 (0ms)
		AwakeInstancesAfterBackupRestoration (30ms)
Refreshing native plugins compatible for Editor in 3.58 ms, found 5 plugins.
Preloading 1 native plugins for Editor in 0.14 ms.
Unloading 60 Unused Serialized files (Serialized files now loaded: 0)
Unloading 10975 unused Assets / (20.9 MB). Loaded Objects now: 11915.
Memory consumption went from 244.2 MB to 223.3 MB.
Total: 45.105800 ms (FindLiveObjects: 2.059500 ms CreateObjectMapping: 3.025700 ms MarkObjects: 26.963700 ms  DeleteObjects: 13.053700 ms)

Prepare: number of updated asset objects reloaded= 0
========================================================================
Received Prepare
Assembly reference Packages/com.unity.cinemachine/Editor/Samples/ExposeHDRPInternals/HDRP-Editor-ref.asmref has no target assembly definition
Assembly reference Packages/com.unity.cinemachine/Editor/Samples/ExposeHDRPInternals/HDRP-Editor-ref.asmref has no target assembly definition
Begin MonoManager ReloadAssembly
[Licensing::Client] Successfully resolved entitlement details
Symbol file LoadedFromMemory is not a mono symbol file
Symbol file LoadedFromMemory is not a mono symbol file
- Loaded All Assemblies, in  4.610 seconds
Assembly reference Packages/com.unity.cinemachine/Editor/Samples/ExposeHDRPInternals/HDRP-Editor-ref.asmref has no target assembly definition
'Packages/com.unity.cinemachine/Editor/Obsolete/CinemachineVirtualCameraBaseEditor.cs' contains partial class of Unity.Object, exactly 1 of the partial classes needs to be in a file with the same filename. This is to know the one that can be referenced from ie. GameObjects
'Packages/com.unity.cinemachine/Editor/Editors/CinemachineVirtualCameraBaseEditor.cs' contains partial class of Unity.Object, exactly 1 of the partial classes needs to be in a file with the same filename. This is to know the one that can be referenced from ie. GameObjects
Refreshing native plugins compatible for Editor in 7.29 ms, found 5 plugins.
Native extension for LinuxStandalone target not found
Native extension for AppleTV target not found
Native extension for iOS target not found
Native extension for Android target not found
Native extension for UWP target not found
Native extension for WindowsStandalone target not found
Failed to load: C:/Program Files/Unity/Hub/Editor/6000.3.6f1/Editor/Data/PlaybackEngines/VisionOSPlayer\x64\UnityEditor.VisionOS.Native.dll
Native extension for VisionOS target not found
Native extension for WebGL target not found
Assembly reference Packages/com.unity.cinemachine/Editor/Samples/ExposeHDRPInternals/HDRP-Editor-ref.asmref has no target assembly definition
Refreshing native plugins compatible for Editor in 5.81 ms, found 5 plugins.
[Package Manager] Failed to launch server process. Reason: Unity was launched with the -noUpm command-line argument
[Package Manager] Unable to send message (not connected to server process).
[Package Manager] Cannot connect to Unity Package Manager local server
[Package Manager] Failed to launch server process. Reason: Unity was launched with the -noUpm command-line argument
[Package Manager] Unable to send message (not connected to server process).
[Package Manager] Cannot connect to Unity Package Manager local server
[Licensing::Client] Error: Code 404 while processing request (status: Found 0 entitlement groups and 0 free entitlements matching requested entitlement ids)
[Licensing::Client] Error: Code 404 while processing request (status: Found 0 entitlement groups and 0 free entitlements matching requested entitlement ids)
[Licensing::Client] Error: Code 404 while processing request (status: Found 0 entitlement groups and 0 free entitlements matching requested entitlement ids)
ScheduleIndexationOnStartup MainProcess:False IndexOnStartup:True
Mono: successfully reloaded assembly
- Finished resetting the current domain, in  6.097 seconds
Domain Reload Profiling: 10691ms
	BeginReloadAssembly (1660ms)
		ExecutionOrderSort (0ms)
		DisableScriptedObjects (196ms)
		BackupInstance (0ms)
		ReleaseScriptingObjects (0ms)
		CreateAndSetChildDomain (200ms)
	RebuildCommonClasses (93ms)
	RebuildNativeTypeToScriptingClass (35ms)
	initialDomainReloadingComplete (165ms)
	LoadAllAssembliesAndSetupDomain (2641ms)
		LoadAssemblies (1906ms)
		RebuildTransferFunctionScriptingTraits (0ms)
		AnalyzeDomain (1025ms)
			TypeCache.Refresh (31ms)
				TypeCache.ScanAssembly (2ms)
			BuildScriptInfoCaches (947ms)
			ResolveRequiredComponents (32ms)
	FinalizeReload (6098ms)
		ReleaseScriptCaches (0ms)
		RebuildScriptCaches (0ms)
		SetupLoadedEditorAssemblies (5525ms)
			LogAssemblyErrors (0ms)
			InitializePlatformSupportModulesInManaged (71ms)
			SetLoadedEditorAssemblies (17ms)
			BeforeProcessingInitializeOnLoad (605ms)
			ProcessInitializeOnLoadAttributes (2435ms)
			ProcessInitializeOnLoadMethodAttributes (2365ms)
			AfterProcessingInitializeOnLoad (31ms)
			EditorAssembliesLoaded (1ms)
		ExecutionOrderSort2 (0ms)
		AwakeInstancesAfterBackupRestoration (36ms)
Refreshing native plugins compatible for Editor in 6.19 ms, found 5 plugins.
Preloading 1 native plugins for Editor in 0.14 ms.
Unloading 60 Unused Serialized files (Serialized files now loaded: 0)
Unloading 10975 unused Assets / (19.7 MB). Loaded Objects now: 11918.
Memory consumption went from 244.1 MB to 224.4 MB.
Total: 51.393000 ms (FindLiveObjects: 2.122000 ms CreateObjectMapping: 2.420600 ms MarkObjects: 36.870000 ms  DeleteObjects: 9.978300 ms)

Prepare: number of updated asset objects reloaded= 0
========================================================================
Received Prepare
'Packages/com.unity.cinemachine/Editor/Obsolete/CinemachineVirtualCameraBaseEditor.cs' contains partial class of Unity.Object, exactly 1 of the partial classes needs to be in a file with the same filename. This is to know the one that can be referenced from ie. GameObjects
'Packages/com.unity.cinemachine/Editor/Editors/CinemachineVirtualCameraBaseEditor.cs' contains partial class of Unity.Object, exactly 1 of the partial classes needs to be in a file with the same filename. This is to know the one that can be referenced from ie. GameObjects
Refreshing native plugins compatible for Editor in 6.48 ms, found 5 plugins.
Preloading 1 native plugins for Editor in 0.11 ms.
Unloading 60 Unused Serialized files (Serialized files now loaded: 0)
Unloading 10956 unused Assets / (20.0 MB). Loaded Objects now: 11918.
Memory consumption went from 243.7 MB to 223.6 MB.
Total: 53.922000 ms (FindLiveObjects: 2.033400 ms CreateObjectMapping: 2.036600 ms MarkObjects: 38.813900 ms  DeleteObjects: 11.035700 ms)

Prepare: number of updated asset objects reloaded= 0
========================================================================
Received Prepare
'Packages/com.unity.cinemachine/Editor/Obsolete/CinemachineVirtualCameraBaseEditor.cs' contains partial class of Unity.Object, exactly 1 of the partial classes needs to be in a file with the same filename. This is to know the one that can be referenced from ie. GameObjects
'Packages/com.unity.cinemachine/Editor/Editors/CinemachineVirtualCameraBaseEditor.cs' contains partial class of Unity.Object, exactly 1 of the partial classes needs to be in a file with the same filename. This is to know the one that can be referenced from ie. GameObjects
Refreshing native plugins compatible for Editor in 7.83 ms, found 5 plugins.
Preloading 1 native plugins for Editor in 0.13 ms.
Unloading 60 Unused Serialized files (Serialized files now loaded: 0)
Unloading 10956 unused Assets / (20.6 MB). Loaded Objects now: 11918.
Memory consumption went from 238.6 MB to 218.0 MB.
Total: 67.307800 ms (FindLiveObjects: 2.127300 ms CreateObjectMapping: 3.700700 ms MarkObjects: 46.201000 ms  DeleteObjects: 15.276500 ms)

Prepare: number of updated asset objects reloaded= 0
========================================================================
Received Prepare
Assembly reference Packages/com.unity.cinemachine/Editor/Samples/ExposeHDRPInternals/HDRP-Editor-ref.asmref has no target assembly definition
Assembly reference Packages/com.unity.cinemachine/Editor/Samples/ExposeHDRPInternals/HDRP-Editor-ref.asmref has no target assembly definition
Begin MonoManager ReloadAssembly
[Licensing::Client] Successfully resolved entitlement details
Symbol file LoadedFromMemory is not a mono symbol file
Symbol file LoadedFromMemory is not a mono symbol file
- Loaded All Assemblies, in  3.620 seconds
Assembly reference Packages/com.unity.cinemachine/Editor/Samples/ExposeHDRPInternals/HDRP-Editor-ref.asmref has no target assembly definition
'Packages/com.unity.cinemachine/Editor/Obsolete/CinemachineVirtualCameraBaseEditor.cs' contains partial class of Unity.Object, exactly 1 of the partial classes needs to be in a file with the same filename. This is to know the one that can be referenced from ie. GameObjects
'Packages/com.unity.cinemachine/Editor/Editors/CinemachineVirtualCameraBaseEditor.cs' contains partial class of Unity.Object, exactly 1 of the partial classes needs to be in a file with the same filename. This is to know the one that can be referenced from ie. GameObjects
Refreshing native plugins compatible for Editor in 8.21 ms, found 5 plugins.
Native extension for LinuxStandalone target not found
Native extension for AppleTV target not found
Native extension for iOS target not found
Native extension for Android target not found
Native extension for UWP target not found
Native extension for WindowsStandalone target not found
Failed to load: C:/Program Files/Unity/Hub/Editor/6000.3.6f1/Editor/Data/PlaybackEngines/VisionOSPlayer\x64\UnityEditor.VisionOS.Native.dll
Native extension for VisionOS target not found
Native extension for WebGL target not found
Assembly reference Packages/com.unity.cinemachine/Editor/Samples/ExposeHDRPInternals/HDRP-Editor-ref.asmref has no target assembly definition
Refreshing native plugins compatible for Editor in 10.75 ms, found 5 plugins.
[Package Manager] Failed to launch server process. Reason: Unity was launched with the -noUpm command-line argument
[Package Manager] Unable to send message (not connected to server process).
[Package Manager] Cannot connect to Unity Package Manager local server
[Package Manager] Failed to launch server process. Reason: Unity was launched with the -noUpm command-line argument
[Package Manager] Unable to send message (not connected to server process).
[Package Manager] Cannot connect to Unity Package Manager local server
[Licensing::Client] Error: Code 404 while processing request (status: Found 0 entitlement groups and 0 free entitlements matching requested entitlement ids)
[Licensing::Client] Error: Code 404 while processing request (status: Found 0 entitlement groups and 0 free entitlements matching requested entitlement ids)
[Licensing::Client] Error: Code 404 while processing request (status: Found 0 entitlement groups and 0 free entitlements matching requested entitlement ids)
ScheduleIndexationOnStartup MainProcess:False IndexOnStartup:True
Mono: successfully reloaded assembly
- Finished resetting the current domain, in  5.933 seconds
Domain Reload Profiling: 9547ms
	BeginReloadAssembly (1183ms)
		ExecutionOrderSort (0ms)
		DisableScriptedObjects (52ms)
		BackupInstance (0ms)
		ReleaseScriptingObjects (1ms)
		CreateAndSetChildDomain (230ms)
	RebuildCommonClasses (125ms)
	RebuildNativeTypeToScriptingClass (57ms)
	initialDomainReloadingComplete (193ms)
	LoadAllAssembliesAndSetupDomain (2054ms)
		LoadAssemblies (1335ms)
		RebuildTransferFunctionScriptingTraits (0ms)
		AnalyzeDomain (1018ms)
			TypeCache.Refresh (30ms)
				TypeCache.ScanAssembly (2ms)
			BuildScriptInfoCaches (935ms)
			ResolveRequiredComponents (39ms)
	FinalizeReload (5934ms)
		ReleaseScriptCaches (0ms)
		RebuildScriptCaches (0ms)
		SetupLoadedEditorAssemblies (5462ms)
			LogAssemblyErrors (0ms)
			InitializePlatformSupportModulesInManaged (98ms)
			SetLoadedEditorAssemblies (17ms)
			BeforeProcessingInitializeOnLoad (1364ms)
			ProcessInitializeOnLoadAttributes (2693ms)
			ProcessInitializeOnLoadMethodAttributes (1250ms)
			AfterProcessingInitializeOnLoad (38ms)
			EditorAssembliesLoaded (1ms)
		ExecutionOrderSort2 (0ms)
		AwakeInstancesAfterBackupRestoration (39ms)
Refreshing native plugins compatible for Editor in 7.74 ms, found 5 plugins.
Preloading 1 native plugins for Editor in 0.15 ms.
Unloading 60 Unused Serialized files (Serialized files now loaded: 0)
Unloading 10975 unused Assets / (21.0 MB). Loaded Objects now: 11921.
Memory consumption went from 244.2 MB to 223.2 MB.
Total: 59.868700 ms (FindLiveObjects: 3.113200 ms CreateObjectMapping: 3.016500 ms MarkObjects: 40.053400 ms  DeleteObjects: 13.683200 ms)

Prepare: number of updated asset objects reloaded= 0
========================================================================
Received Prepare
'Packages/com.unity.cinemachine/Editor/Obsolete/CinemachineVirtualCameraBaseEditor.cs' contains partial class of Unity.Object, exactly 1 of the partial classes needs to be in a file with the same filename. This is to know the one that can be referenced from ie. GameObjects
'Packages/com.unity.cinemachine/Editor/Editors/CinemachineVirtualCameraBaseEditor.cs' contains partial class of Unity.Object, exactly 1 of the partial classes needs to be in a file with the same filename. This is to know the one that can be referenced from ie. GameObjects
Refreshing native plugins compatible for Editor in 7.29 ms, found 5 plugins.
Preloading 1 native plugins for Editor in 0.14 ms.
Unloading 60 Unused Serialized files (Serialized files now loaded: 0)
Unloading 10956 unused Assets / (19.2 MB). Loaded Objects now: 11921.
Memory consumption went from 243.8 MB to 224.6 MB.
Total: 55.059700 ms (FindLiveObjects: 2.051200 ms CreateObjectMapping: 2.767500 ms MarkObjects: 39.180400 ms  DeleteObjects: 11.058400 ms)

Prepare: number of updated asset objects reloaded= 0
========================================================================
Received Prepare
Assembly reference Packages/com.unity.cinemachine/Editor/Samples/ExposeHDRPInternals/HDRP-Editor-ref.asmref has no target assembly definition
Assembly reference Packages/com.unity.cinemachine/Editor/Samples/ExposeHDRPInternals/HDRP-Editor-ref.asmref has no target assembly definition
Begin MonoManager ReloadAssembly
[Licensing::Client] Successfully resolved entitlement details
Symbol file LoadedFromMemory is not a mono symbol file
Symbol file LoadedFromMemory is not a mono symbol file
- Loaded All Assemblies, in  2.965 seconds
Assembly reference Packages/com.unity.cinemachine/Editor/Samples/ExposeHDRPInternals/HDRP-Editor-ref.asmref has no target assembly definition
'Packages/com.unity.cinemachine/Editor/Obsolete/CinemachineVirtualCameraBaseEditor.cs' contains partial class of Unity.Object, exactly 1 of the partial classes needs to be in a file with the same filename. This is to know the one that can be referenced from ie. GameObjects
'Packages/com.unity.cinemachine/Editor/Editors/CinemachineVirtualCameraBaseEditor.cs' contains partial class of Unity.Object, exactly 1 of the partial classes needs to be in a file with the same filename. This is to know the one that can be referenced from ie. GameObjects
Refreshing native plugins compatible for Editor in 7.56 ms, found 5 plugins.
Native extension for LinuxStandalone target not found
Native extension for AppleTV target not found
Native extension for iOS target not found
Native extension for Android target not found
Native extension for UWP target not found
Native extension for WindowsStandalone target not found
Failed to load: C:/Program Files/Unity/Hub/Editor/6000.3.6f1/Editor/Data/PlaybackEngines/VisionOSPlayer\x64\UnityEditor.VisionOS.Native.dll
Native extension for VisionOS target not found
Native extension for WebGL target not found
Assembly reference Packages/com.unity.cinemachine/Editor/Samples/ExposeHDRPInternals/HDRP-Editor-ref.asmref has no target assembly definition
Refreshing native plugins compatible for Editor in 7.84 ms, found 5 plugins.
[Package Manager] Failed to launch server process. Reason: Unity was launched with the -noUpm command-line argument
[Package Manager] Unable to send message (not connected to server process).
[Package Manager] Cannot connect to Unity Package Manager local server
[Package Manager] Failed to launch server process. Reason: Unity was launched with the -noUpm command-line argument
[Package Manager] Unable to send message (not connected to server process).
[Package Manager] Cannot connect to Unity Package Manager local server
[Licensing::Client] Error: Code 404 while processing request (status: Found 0 entitlement groups and 0 free entitlements matching requested entitlement ids)
[Licensing::Client] Error: Code 404 while processing request (status: Found 0 entitlement groups and 0 free entitlements matching requested entitlement ids)
[Licensing::Client] Error: Code 404 while processing request (status: Found 0 entitlement groups and 0 free entitlements matching requested entitlement ids)
ScheduleIndexationOnStartup MainProcess:False IndexOnStartup:True
Mono: successfully reloaded assembly
- Finished resetting the current domain, in  5.380 seconds
Domain Reload Profiling: 8355ms
	BeginReloadAssembly (641ms)
		ExecutionOrderSort (0ms)
		DisableScriptedObjects (39ms)
		BackupInstance (0ms)
		ReleaseScriptingObjects (0ms)
		CreateAndSetChildDomain (177ms)
	RebuildCommonClasses (122ms)
	RebuildNativeTypeToScriptingClass (57ms)
	initialDomainReloadingComplete (164ms)
	LoadAllAssembliesAndSetupDomain (1990ms)
		LoadAssemblies (1293ms)
		RebuildTransferFunctionScriptingTraits (0ms)
		AnalyzeDomain (973ms)
			TypeCache.Refresh (30ms)
				TypeCache.ScanAssembly (2ms)
			BuildScriptInfoCaches (904ms)
			ResolveRequiredComponents (28ms)
	FinalizeReload (5381ms)
		ReleaseScriptCaches (0ms)
		RebuildScriptCaches (0ms)
		SetupLoadedEditorAssemblies (4828ms)
			LogAssemblyErrors (0ms)
			InitializePlatformSupportModulesInManaged (78ms)
			SetLoadedEditorAssemblies (18ms)
			BeforeProcessingInitializeOnLoad (656ms)
			ProcessInitializeOnLoadAttributes (2645ms)
			ProcessInitializeOnLoadMethodAttributes (1392ms)
			AfterProcessingInitializeOnLoad (38ms)
			EditorAssembliesLoaded (1ms)
		ExecutionOrderSort2 (0ms)
		AwakeInstancesAfterBackupRestoration (35ms)
Refreshing native plugins compatible for Editor in 5.41 ms, found 5 plugins.
Preloading 1 native plugins for Editor in 0.14 ms.
Unloading 60 Unused Serialized files (Serialized files now loaded: 0)
Unloading 10975 unused Assets / (19.8 MB). Loaded Objects now: 11924.
Memory consumption went from 244.2 MB to 224.4 MB.
Total: 54.419500 ms (FindLiveObjects: 1.940200 ms CreateObjectMapping: 3.697300 ms MarkObjects: 36.788400 ms  DeleteObjects: 11.991400 ms)

Prepare: number of updated asset objects reloaded= 0
========================================================================
Received Import Request.
  Time since last request: 2254.317570 seconds.
  path: Assets/Prefabs/Customers/Mr. Smith/Mr. Smith.prefab
  artifactKey: Guid(0eaf664c02473764c93dd4aa7966df75) Importer(815301076,1909f56bfc062723c751e8b465ee728b)
Start importing Assets/Prefabs/Customers/Mr. Smith/Mr. Smith.prefab using Guid(0eaf664c02473764c93dd4aa7966df75) Importer(815301076,1909f56bfc062723c751e8b465ee728b) (PreviewImporter) -> (artifact id: 'b4f844de8e3cecc8d6acce4b4eef11b6') in 1.0614358 seconds
Number of updated asset objects reloaded before import = 0Number of asset objects unloaded after import = 8

========================================================================
Received Prepare
Assembly reference Packages/com.unity.cinemachine/Editor/Samples/ExposeHDRPInternals/HDRP-Editor-ref.asmref has no target assembly definition
Assembly reference Packages/com.unity.cinemachine/Editor/Samples/ExposeHDRPInternals/HDRP-Editor-ref.asmref has no target assembly definition
Begin MonoManager ReloadAssembly
[Licensing::Client] Successfully resolved entitlement details
Symbol file LoadedFromMemory is not a mono symbol file
Symbol file LoadedFromMemory is not a mono symbol file
- Loaded All Assemblies, in  4.229 seconds
Assembly reference Packages/com.unity.cinemachine/Editor/Samples/ExposeHDRPInternals/HDRP-Editor-ref.asmref has no target assembly definition
'Packages/com.unity.cinemachine/Editor/Obsolete/CinemachineVirtualCameraBaseEditor.cs' contains partial class of Unity.Object, exactly 1 of the partial classes needs to be in a file with the same filename. This is to know the one that can be referenced from ie. GameObjects
'Packages/com.unity.cinemachine/Editor/Editors/CinemachineVirtualCameraBaseEditor.cs' contains partial class of Unity.Object, exactly 1 of the partial classes needs to be in a file with the same filename. This is to know the one that can be referenced from ie. GameObjects
Refreshing native plugins compatible for Editor in 11.47 ms, found 5 plugins.
Native extension for LinuxStandalone target not found
Native extension for AppleTV target not found
Native extension for iOS target not found
Native extension for Android target not found
Native extension for UWP target not found
Native extension for WindowsStandalone target not found
Failed to load: C:/Program Files/Unity/Hub/Editor/6000.3.6f1/Editor/Data/PlaybackEngines/VisionOSPlayer\x64\UnityEditor.VisionOS.Native.dll
Native extension for VisionOS target not found
Native extension for WebGL target not found
Assembly reference Packages/com.unity.cinemachine/Editor/Samples/ExposeHDRPInternals/HDRP-Editor-ref.asmref has no target assembly definition
Refreshing native plugins compatible for Editor in 7.22 ms, found 5 plugins.
[Package Manager] Failed to launch server process. Reason: Unity was launched with the -noUpm command-line argument
[Package Manager] Unable to send message (not connected to server process).
[Package Manager] Cannot connect to Unity Package Manager local server
[Package Manager] Failed to launch server process. Reason: Unity was launched with the -noUpm command-line argument
[Package Manager] Unable to send message (not connected to server process).
[Package Manager] Cannot connect to Unity Package Manager local server
[Licensing::Client] Error: Code 404 while processing request (status: Found 0 entitlement groups and 0 free entitlements matching requested entitlement ids)
[Licensing::Client] Error: Code 404 while processing request (status: Found 0 entitlement groups and 0 free entitlements matching requested entitlement ids)
[Licensing::Client] Error: Code 404 while processing request (status: Found 0 entitlement groups and 0 free entitlements matching requested entitlement ids)
ScheduleIndexationOnStartup MainProcess:False IndexOnStartup:True
Mono: successfully reloaded assembly
- Finished resetting the current domain, in  5.890 seconds
Domain Reload Profiling: 10113ms
	BeginReloadAssembly (1775ms)
		ExecutionOrderSort (0ms)
		DisableScriptedObjects (86ms)
		BackupInstance (0ms)
		ReleaseScriptingObjects (0ms)
		CreateAndSetChildDomain (249ms)
	RebuildCommonClasses (99ms)
	RebuildNativeTypeToScriptingClass (44ms)
	initialDomainReloadingComplete (166ms)
	LoadAllAssembliesAndSetupDomain (2138ms)
		LoadAssemblies (1341ms)
		RebuildTransferFunctionScriptingTraits (0ms)
		AnalyzeDomain (1078ms)
			TypeCache.Refresh (19ms)
				TypeCache.ScanAssembly (0ms)
			BuildScriptInfoCaches (1003ms)
			ResolveRequiredComponents (40ms)
	FinalizeReload (5891ms)
		ReleaseScriptCaches (0ms)
		RebuildScriptCaches (0ms)
		SetupLoadedEditorAssemblies (5383ms)
			LogAssemblyErrors (0ms)
			InitializePlatformSupportModulesInManaged (81ms)
			SetLoadedEditorAssemblies (21ms)
			BeforeProcessingInitializeOnLoad (1125ms)
			ProcessInitializeOnLoadAttributes (2932ms)
			ProcessInitializeOnLoadMethodAttributes (1181ms)
			AfterProcessingInitializeOnLoad (42ms)
			EditorAssembliesLoaded (2ms)
		ExecutionOrderSort2 (0ms)
		AwakeInstancesAfterBackupRestoration (55ms)
Refreshing native plugins compatible for Editor in 8.93 ms, found 5 plugins.
Preloading 1 native plugins for Editor in 0.12 ms.
Unloading 60 Unused Serialized files (Serialized files now loaded: 0)
Unloading 10975 unused Assets / (20.1 MB). Loaded Objects now: 11947.
Memory consumption went from 244.2 MB to 224.1 MB.
Total: 57.315100 ms (FindLiveObjects: 1.886400 ms CreateObjectMapping: 4.065700 ms MarkObjects: 38.874400 ms  DeleteObjects: 12.486100 ms)

Prepare: number of updated asset objects reloaded= 0
========================================================================
Received Prepare
Assembly reference Packages/com.unity.cinemachine/Editor/Samples/ExposeHDRPInternals/HDRP-Editor-ref.asmref has no target assembly definition
Assembly reference Packages/com.unity.cinemachine/Editor/Samples/ExposeHDRPInternals/HDRP-Editor-ref.asmref has no target assembly definition
Begin MonoManager ReloadAssembly
[Licensing::Client] Successfully resolved entitlement details
Symbol file LoadedFromMemory is not a mono symbol file
Symbol file LoadedFromMemory is not a mono symbol file
- Loaded All Assemblies, in  2.993 seconds
Assembly reference Packages/com.unity.cinemachine/Editor/Samples/ExposeHDRPInternals/HDRP-Editor-ref.asmref has no target assembly definition
'Packages/com.unity.cinemachine/Editor/Obsolete/CinemachineVirtualCameraBaseEditor.cs' contains partial class of Unity.Object, exactly 1 of the partial classes needs to be in a file with the same filename. This is to know the one that can be referenced from ie. GameObjects
'Packages/com.unity.cinemachine/Editor/Editors/CinemachineVirtualCameraBaseEditor.cs' contains partial class of Unity.Object, exactly 1 of the partial classes needs to be in a file with the same filename. This is to know the one that can be referenced from ie. GameObjects
Refreshing native plugins compatible for Editor in 6.76 ms, found 5 plugins.
Native extension for LinuxStandalone target not found
Native extension for AppleTV target not found
Native extension for iOS target not found
Native extension for Android target not found
Native extension for UWP target not found
Native extension for WindowsStandalone target not found
Failed to load: C:/Program Files/Unity/Hub/Editor/6000.3.6f1/Editor/Data/PlaybackEngines/VisionOSPlayer\x64\UnityEditor.VisionOS.Native.dll
Native extension for VisionOS target not found
Native extension for WebGL target not found
Assembly reference Packages/com.unity.cinemachine/Editor/Samples/ExposeHDRPInternals/HDRP-Editor-ref.asmref has no target assembly definition
Refreshing native plugins compatible for Editor in 8.56 ms, found 5 plugins.
[Package Manager] Failed to launch server process. Reason: Unity was launched with the -noUpm command-line argument
[Package Manager] Unable to send message (not connected to server process).
[Package Manager] Cannot connect to Unity Package Manager local server
[Package Manager] Failed to launch server process. Reason: Unity was launched with the -noUpm command-line argument
[Package Manager] Unable to send message (not connected to server process).
[Package Manager] Cannot connect to Unity Package Manager local server
[Licensing::Client] Error: Code 404 while processing request (status: Found 0 entitlement groups and 0 free entitlements matching requested entitlement ids)
[Licensing::Client] Error: Code 404 while processing request (status: Found 0 entitlement groups and 0 free entitlements matching requested entitlement ids)
[Licensing::Client] Error: Code 404 while processing request (status: Found 0 entitlement groups and 0 free entitlements matching requested entitlement ids)
ScheduleIndexationOnStartup MainProcess:False IndexOnStartup:True
Mono: successfully reloaded assembly
- Finished resetting the current domain, in  6.875 seconds
Domain Reload Profiling: 10348ms
	BeginReloadAssembly (701ms)
		ExecutionOrderSort (0ms)
		DisableScriptedObjects (45ms)
		BackupInstance (0ms)
		ReleaseScriptingObjects (1ms)
		CreateAndSetChildDomain (216ms)
	RebuildCommonClasses (89ms)
	RebuildNativeTypeToScriptingClass (36ms)
	initialDomainReloadingComplete (160ms)
	LoadAllAssembliesAndSetupDomain (2486ms)
		LoadAssemblies (1326ms)
		RebuildTransferFunctionScriptingTraits (0ms)
		AnalyzeDomain (970ms)
			TypeCache.Refresh (23ms)
				TypeCache.ScanAssembly (0ms)
			BuildScriptInfoCaches (902ms)
			ResolveRequiredComponents (32ms)
	FinalizeReload (6877ms)
		ReleaseScriptCaches (0ms)
		RebuildScriptCaches (0ms)
		SetupLoadedEditorAssemblies (5637ms)
			LogAssemblyErrors (0ms)
			InitializePlatformSupportModulesInManaged (89ms)
			SetLoadedEditorAssemblies (18ms)
			BeforeProcessingInitializeOnLoad (788ms)
			ProcessInitializeOnLoadAttributes (2729ms)
			ProcessInitializeOnLoadMethodAttributes (1970ms)
			AfterProcessingInitializeOnLoad (42ms)
			EditorAssembliesLoaded (2ms)
		ExecutionOrderSort2 (0ms)
		AwakeInstancesAfterBackupRestoration (50ms)
Refreshing native plugins compatible for Editor in 7.45 ms, found 5 plugins.
Preloading 1 native plugins for Editor in 0.18 ms.
Unloading 60 Unused Serialized files (Serialized files now loaded: 0)
Unloading 10975 unused Assets / (20.1 MB). Loaded Objects now: 11950.
Memory consumption went from 244.0 MB to 224.0 MB.
Total: 63.594300 ms (FindLiveObjects: 2.320500 ms CreateObjectMapping: 3.196900 ms MarkObjects: 43.974700 ms  DeleteObjects: 14.099800 ms)

Prepare: number of updated asset objects reloaded= 0
========================================================================
Received Prepare
Assembly reference Packages/com.unity.cinemachine/Editor/Samples/ExposeHDRPInternals/HDRP-Editor-ref.asmref has no target assembly definition
Assembly reference Packages/com.unity.cinemachine/Editor/Samples/ExposeHDRPInternals/HDRP-Editor-ref.asmref has no target assembly definition
Begin MonoManager ReloadAssembly
[Licensing::Client] Successfully resolved entitlement details
Symbol file LoadedFromMemory is not a mono symbol file
Symbol file LoadedFromMemory is not a mono symbol file
- Loaded All Assemblies, in  2.974 seconds
Assembly reference Packages/com.unity.cinemachine/Editor/Samples/ExposeHDRPInternals/HDRP-Editor-ref.asmref has no target assembly definition
'Packages/com.unity.cinemachine/Editor/Obsolete/CinemachineVirtualCameraBaseEditor.cs' contains partial class of Unity.Object, exactly 1 of the partial classes needs to be in a file with the same filename. This is to know the one that can be referenced from ie. GameObjects
'Packages/com.unity.cinemachine/Editor/Editors/CinemachineVirtualCameraBaseEditor.cs' contains partial class of Unity.Object, exactly 1 of the partial classes needs to be in a file with the same filename. This is to know the one that can be referenced from ie. GameObjects
Refreshing native plugins compatible for Editor in 5.19 ms, found 5 plugins.
Native extension for LinuxStandalone target not found
Native extension for AppleTV target not found
Native extension for iOS target not found
Native extension for Android target not found
Native extension for UWP target not found
Native extension for WindowsStandalone target not found
Failed to load: C:/Program Files/Unity/Hub/Editor/6000.3.6f1/Editor/Data/PlaybackEngines/VisionOSPlayer\x64\UnityEditor.VisionOS.Native.dll
Native extension for VisionOS target not found
Native extension for WebGL target not found
Assembly reference Packages/com.unity.cinemachine/Editor/Samples/ExposeHDRPInternals/HDRP-Editor-ref.asmref has no target assembly definition
Refreshing native plugins compatible for Editor in 9.48 ms, found 5 plugins.
[Package Manager] Failed to launch server process. Reason: Unity was launched with the -noUpm command-line argument
[Package Manager] Unable to send message (not connected to server process).
[Package Manager] Cannot connect to Unity Package Manager local server
[Package Manager] Failed to launch server process. Reason: Unity was launched with the -noUpm command-line argument
[Package Manager] Unable to send message (not connected to server process).
[Package Manager] Cannot connect to Unity Package Manager local server
[Licensing::Client] Error: Code 404 while processing request (status: Found 0 entitlement groups and 0 free entitlements matching requested entitlement ids)
[Licensing::Client] Error: Code 404 while processing request (status: Found 0 entitlement groups and 0 free entitlements matching requested entitlement ids)
[Licensing::Client] Error: Code 404 while processing request (status: Found 0 entitlement groups and 0 free entitlements matching requested entitlement ids)
ScheduleIndexationOnStartup MainProcess:False IndexOnStartup:True
Mono: successfully reloaded assembly
- Finished resetting the current domain, in  7.106 seconds
Domain Reload Profiling: 10612ms
	BeginReloadAssembly (677ms)
		ExecutionOrderSort (0ms)
		DisableScriptedObjects (36ms)
		BackupInstance (0ms)
		ReleaseScriptingObjects (0ms)
		CreateAndSetChildDomain (201ms)
	RebuildCommonClasses (104ms)
	RebuildNativeTypeToScriptingClass (31ms)
	initialDomainReloadingComplete (152ms)
	LoadAllAssembliesAndSetupDomain (2541ms)
		LoadAssemblies (1367ms)
		RebuildTransferFunctionScriptingTraits (0ms)
		AnalyzeDomain (928ms)
			TypeCache.Refresh (25ms)
				TypeCache.ScanAssembly (0ms)
			BuildScriptInfoCaches (863ms)
			ResolveRequiredComponents (28ms)
	FinalizeReload (7107ms)
		ReleaseScriptCaches (0ms)
		RebuildScriptCaches (0ms)
		SetupLoadedEditorAssemblies (6649ms)
			LogAssemblyErrors (0ms)
			InitializePlatformSupportModulesInManaged (74ms)
			SetLoadedEditorAssemblies (16ms)
			BeforeProcessingInitializeOnLoad (701ms)
			ProcessInitializeOnLoadAttributes (3649ms)
			ProcessInitializeOnLoadMethodAttributes (2166ms)
			AfterProcessingInitializeOnLoad (41ms)
			EditorAssembliesLoaded (2ms)
		ExecutionOrderSort2 (0ms)
		AwakeInstancesAfterBackupRestoration (44ms)
Refreshing native plugins compatible for Editor in 7.01 ms, found 5 plugins.
Preloading 1 native plugins for Editor in 0.14 ms.
Unloading 60 Unused Serialized files (Serialized files now loaded: 0)
Unloading 10975 unused Assets / (20.1 MB). Loaded Objects now: 11953.
Memory consumption went from 244.1 MB to 224.0 MB.
Total: 56.263800 ms (FindLiveObjects: 2.009600 ms CreateObjectMapping: 2.923500 ms MarkObjects: 38.784800 ms  DeleteObjects: 12.543700 ms)

Prepare: number of updated asset objects reloaded= 0
========================================================================
Received Import Request.
  Time since last request: 416.922968 seconds.
  path: Assets/Animations/title_shining.anim
  artifactKey: Guid(9b723d2c5f7cc3c4dbc211f05f9bc81e) Importer(815301076,1909f56bfc062723c751e8b465ee728b)
Start importing Assets/Animations/title_shining.anim using Guid(9b723d2c5f7cc3c4dbc211f05f9bc81e) Importer(815301076,1909f56bfc062723c751e8b465ee728b) (PreviewImporter) -> (artifact id: 'e49db4e5583650eabc4f14ec1bd3529c') in 0.0659354 seconds
Number of updated asset objects reloaded before import = 0Number of asset objects unloaded after import = 1

========================================================================
Received Import Request.
  Time since last request: 1.124898 seconds.
  path: Assets/Animations/Title.controller
  artifactKey: Guid(3cd49a625f9059243ae22fdcc12ac12d) Importer(815301076,1909f56bfc062723c751e8b465ee728b)
Start importing Assets/Animations/Title.controller using Guid(3cd49a625f9059243ae22fdcc12ac12d) Importer(815301076,1909f56bfc062723c751e8b465ee728b) (PreviewImporter) -> (artifact id: '6b84560fc7e1d0c21bf6cceb15da76f7') in 0.0237771 seconds
Number of updated asset objects reloaded before import = 0Number of asset objects unloaded after import = 4

========================================================================
Received Prepare
Assembly reference Packages/com.unity.cinemachine/Editor/Samples/ExposeHDRPInternals/HDRP-Editor-ref.asmref has no target assembly definition
Assembly reference Packages/com.unity.cinemachine/Editor/Samples/ExposeHDRPInternals/HDRP-Editor-ref.asmref has no target assembly definition
Begin MonoManager ReloadAssembly
[Licensing::Client] Successfully resolved entitlement details
Symbol file LoadedFromMemory is not a mono symbol file
Symbol file LoadedFromMemory is not a mono symbol file
- Loaded All Assemblies, in  2.912 seconds
Assembly reference Packages/com.unity.cinemachine/Editor/Samples/ExposeHDRPInternals/HDRP-Editor-ref.asmref has no target assembly definition
'Packages/com.unity.cinemachine/Editor/Obsolete/CinemachineVirtualCameraBaseEditor.cs' contains partial class of Unity.Object, exactly 1 of the partial classes needs to be in a file with the same filename. This is to know the one that can be referenced from ie. GameObjects
'Packages/com.unity.cinemachine/Editor/Editors/CinemachineVirtualCameraBaseEditor.cs' contains partial class of Unity.Object, exactly 1 of the partial classes needs to be in a file with the same filename. This is to know the one that can be referenced from ie. GameObjects
Refreshing native plugins compatible for Editor in 7.07 ms, found 5 plugins.
Native extension for LinuxStandalone target not found
Native extension for AppleTV target not found
Native extension for iOS target not found
Native extension for Android target not found
Native extension for UWP target not found
Native extension for WindowsStandalone target not found
Failed to load: C:/Program Files/Unity/Hub/Editor/6000.3.6f1/Editor/Data/PlaybackEngines/VisionOSPlayer\x64\UnityEditor.VisionOS.Native.dll
Native extension for VisionOS target not found
Native extension for WebGL target not found
Assembly reference Packages/com.unity.cinemachine/Editor/Samples/ExposeHDRPInternals/HDRP-Editor-ref.asmref has no target assembly definition
Refreshing native plugins compatible for Editor in 6.93 ms, found 5 plugins.
[Package Manager] Failed to launch server process. Reason: Unity was launched with the -noUpm command-line argument
[Package Manager] Unable to send message (not connected to server process).
[Package Manager] Cannot connect to Unity Package Manager local server
[Package Manager] Failed to launch server process. Reason: Unity was launched with the -noUpm command-line argument
[Package Manager] Unable to send message (not connected to server process).
[Package Manager] Cannot connect to Unity Package Manager local server
[Licensing::Client] Error: Code 404 while processing request (status: Found 0 entitlement groups and 0 free entitlements matching requested entitlement ids)
[Licensing::Client] Error: Code 404 while processing request (status: Found 0 entitlement groups and 0 free entitlements matching requested entitlement ids)
[Licensing::Client] Error: Code 404 while processing request (status: Found 0 entitlement groups and 0 free entitlements matching requested entitlement ids)
ScheduleIndexationOnStartup MainProcess:False IndexOnStartup:True
Mono: successfully reloaded assembly
- Finished resetting the current domain, in  6.480 seconds
Domain Reload Profiling: 9497ms
	BeginReloadAssembly (642ms)
		ExecutionOrderSort (0ms)
		DisableScriptedObjects (38ms)
		BackupInstance (0ms)
		ReleaseScriptingObjects (0ms)
		CreateAndSetChildDomain (185ms)
	RebuildCommonClasses (82ms)
	RebuildNativeTypeToScriptingClass (29ms)
	initialDomainReloadingComplete (163ms)
	LoadAllAssembliesAndSetupDomain (2100ms)
		LoadAssemblies (1258ms)
		RebuildTransferFunctionScriptingTraits (0ms)
		AnalyzeDomain (1006ms)
			TypeCache.Refresh (21ms)
				TypeCache.ScanAssembly (0ms)
			BuildScriptInfoCaches (943ms)
			ResolveRequiredComponents (31ms)
	FinalizeReload (6481ms)
		ReleaseScriptCaches (0ms)
		RebuildScriptCaches (0ms)
		SetupLoadedEditorAssemblies (6005ms)
			LogAssemblyErrors (0ms)
			InitializePlatformSupportModulesInManaged (268ms)
			SetLoadedEditorAssemblies (24ms)
			BeforeProcessingInitializeOnLoad (681ms)
			ProcessInitializeOnLoadAttributes (2789ms)
			ProcessInitializeOnLoadMethodAttributes (2207ms)
			AfterProcessingInitializeOnLoad (36ms)
			EditorAssembliesLoaded (1ms)
		ExecutionOrderSort2 (0ms)
		AwakeInstancesAfterBackupRestoration (47ms)
Refreshing native plugins compatible for Editor in 6.71 ms, found 5 plugins.
Preloading 1 native plugins for Editor in 0.15 ms.
Unloading 60 Unused Serialized files (Serialized files now loaded: 0)
Unloading 10975 unused Assets / (19.2 MB). Loaded Objects now: 11956.
Memory consumption went from 244.4 MB to 225.2 MB.
Total: 66.289600 ms (FindLiveObjects: 3.027700 ms CreateObjectMapping: 3.617400 ms MarkObjects: 45.608500 ms  DeleteObjects: 14.032500 ms)

Prepare: number of updated asset objects reloaded= 0
========================================================================
Received Prepare
Assembly reference Packages/com.unity.cinemachine/Editor/Samples/ExposeHDRPInternals/HDRP-Editor-ref.asmref has no target assembly definition
Assembly reference Packages/com.unity.cinemachine/Editor/Samples/ExposeHDRPInternals/HDRP-Editor-ref.asmref has no target assembly definition
Begin MonoManager ReloadAssembly
[Licensing::Client] Successfully resolved entitlement details
Symbol file LoadedFromMemory is not a mono symbol file
Symbol file LoadedFromMemory is not a mono symbol file
- Loaded All Assemblies, in  2.957 seconds
Assembly reference Packages/com.unity.cinemachine/Editor/Samples/ExposeHDRPInternals/HDRP-Editor-ref.asmref has no target assembly definition
'Packages/com.unity.cinemachine/Editor/Obsolete/CinemachineVirtualCameraBaseEditor.cs' contains partial class of Unity.Object, exactly 1 of the partial classes needs to be in a file with the same filename. This is to know the one that can be referenced from ie. GameObjects
'Packages/com.unity.cinemachine/Editor/Editors/CinemachineVirtualCameraBaseEditor.cs' contains partial class of Unity.Object, exactly 1 of the partial classes needs to be in a file with the same filename. This is to know the one that can be referenced from ie. GameObjects
Refreshing native plugins compatible for Editor in 6.11 ms, found 5 plugins.
Native extension for LinuxStandalone target not found
Native extension for AppleTV target not found
Native extension for iOS target not found
Native extension for Android target not found
Native extension for UWP target not found
Native extension for WindowsStandalone target not found
Failed to load: C:/Program Files/Unity/Hub/Editor/6000.3.6f1/Editor/Data/PlaybackEngines/VisionOSPlayer\x64\UnityEditor.VisionOS.Native.dll
Native extension for VisionOS target not found
Native extension for WebGL target not found
Assembly reference Packages/com.unity.cinemachine/Editor/Samples/ExposeHDRPInternals/HDRP-Editor-ref.asmref has no target assembly definition
Refreshing native plugins compatible for Editor in 7.02 ms, found 5 plugins.
[Package Manager] Failed to launch server process. Reason: Unity was launched with the -noUpm command-line argument
[Package Manager] Unable to send message (not connected to server process).
[Package Manager] Cannot connect to Unity Package Manager local server
[Package Manager] Failed to launch server process. Reason: Unity was launched with the -noUpm command-line argument
[Package Manager] Unable to send message (not connected to server process).
[Package Manager] Cannot connect to Unity Package Manager local server
[Licensing::Client] Error: Code 404 while processing request (status: Found 0 entitlement groups and 0 free entitlements matching requested entitlement ids)
[Licensing::Client] Error: Code 404 while processing request (status: Found 0 entitlement groups and 0 free entitlements matching requested entitlement ids)
[Licensing::Client] Error: Code 404 while processing request (status: Found 0 entitlement groups and 0 free entitlements matching requested entitlement ids)
ScheduleIndexationOnStartup MainProcess:False IndexOnStartup:True
Mono: successfully reloaded assembly
- Finished resetting the current domain, in  6.539 seconds
Domain Reload Profiling: 9820ms
	BeginReloadAssembly (685ms)
		ExecutionOrderSort (0ms)
		DisableScriptedObjects (39ms)
		BackupInstance (0ms)
		ReleaseScriptingObjects (0ms)
		CreateAndSetChildDomain (187ms)
	RebuildCommonClasses (85ms)
	RebuildNativeTypeToScriptingClass (30ms)
	initialDomainReloadingComplete (150ms)
	LoadAllAssembliesAndSetupDomain (2330ms)
		LoadAssemblies (1283ms)
		RebuildTransferFunctionScriptingTraits (0ms)
		AnalyzeDomain (1000ms)
			TypeCache.Refresh (18ms)
				TypeCache.ScanAssembly (0ms)
			BuildScriptInfoCaches (942ms)
			ResolveRequiredComponents (29ms)
	FinalizeReload (6540ms)
		ReleaseScriptCaches (0ms)
		RebuildScriptCaches (0ms)
		SetupLoadedEditorAssemblies (6004ms)
			LogAssemblyErrors (0ms)
			InitializePlatformSupportModulesInManaged (287ms)
			SetLoadedEditorAssemblies (23ms)
			BeforeProcessingInitializeOnLoad (792ms)
			ProcessInitializeOnLoadAttributes (2693ms)
			ProcessInitializeOnLoadMethodAttributes (2172ms)
			AfterProcessingInitializeOnLoad (36ms)
			EditorAssembliesLoaded (2ms)
		ExecutionOrderSort2 (0ms)
		AwakeInstancesAfterBackupRestoration (54ms)
Refreshing native plugins compatible for Editor in 5.95 ms, found 5 plugins.
Preloading 1 native plugins for Editor in 0.12 ms.
Unloading 60 Unused Serialized files (Serialized files now loaded: 0)
Unloading 10975 unused Assets / (21.0 MB). Loaded Objects now: 11959.
Memory consumption went from 244.4 MB to 223.5 MB.
Total: 73.478900 ms (FindLiveObjects: 3.666100 ms CreateObjectMapping: 4.536900 ms MarkObjects: 48.596600 ms  DeleteObjects: 16.675300 ms)

Prepare: number of updated asset objects reloaded= 0
========================================================================
Received Prepare
Assembly reference Packages/com.unity.cinemachine/Editor/Samples/ExposeHDRPInternals/HDRP-Editor-ref.asmref has no target assembly definition
Assembly reference Packages/com.unity.cinemachine/Editor/Samples/ExposeHDRPInternals/HDRP-Editor-ref.asmref has no target assembly definition
Begin MonoManager ReloadAssembly
[Licensing::Client] Successfully resolved entitlement details
Symbol file LoadedFromMemory is not a mono symbol file
Symbol file LoadedFromMemory is not a mono symbol file
- Loaded All Assemblies, in  3.488 seconds
Assembly reference Packages/com.unity.cinemachine/Editor/Samples/ExposeHDRPInternals/HDRP-Editor-ref.asmref has no target assembly definition
'Packages/com.unity.cinemachine/Editor/Obsolete/CinemachineVirtualCameraBaseEditor.cs' contains partial class of Unity.Object, exactly 1 of the partial classes needs to be in a file with the same filename. This is to know the one that can be referenced from ie. GameObjects
'Packages/com.unity.cinemachine/Editor/Editors/CinemachineVirtualCameraBaseEditor.cs' contains partial class of Unity.Object, exactly 1 of the partial classes needs to be in a file with the same filename. This is to know the one that can be referenced from ie. GameObjects
Refreshing native plugins compatible for Editor in 7.54 ms, found 5 plugins.
Native extension for LinuxStandalone target not found
Native extension for AppleTV target not found
Native extension for iOS target not found
Native extension for Android target not found
Native extension for UWP target not found
Native extension for WindowsStandalone target not found
Failed to load: C:/Program Files/Unity/Hub/Editor/6000.3.6f1/Editor/Data/PlaybackEngines/VisionOSPlayer\x64\UnityEditor.VisionOS.Native.dll
Native extension for VisionOS target not found
Native extension for WebGL target not found
Assembly reference Packages/com.unity.cinemachine/Editor/Samples/ExposeHDRPInternals/HDRP-Editor-ref.asmref has no target assembly definition
Refreshing native plugins compatible for Editor in 8.71 ms, found 5 plugins.
[Package Manager] Failed to launch server process. Reason: Unity was launched with the -noUpm command-line argument
[Package Manager] Unable to send message (not connected to server process).
[Package Manager] Cannot connect to Unity Package Manager local server
[Package Manager] Failed to launch server process. Reason: Unity was launched with the -noUpm command-line argument
[Package Manager] Unable to send message (not connected to server process).
[Package Manager] Cannot connect to Unity Package Manager local server
[Licensing::Client] Error: Code 404 while processing request (status: Found 0 entitlement groups and 0 free entitlements matching requested entitlement ids)
[Licensing::Client] Error: Code 404 while processing request (status: Found 0 entitlement groups and 0 free entitlements matching requested entitlement ids)
[Licensing::Client] Error: Code 404 while processing request (status: Found 0 entitlement groups and 0 free entitlements matching requested entitlement ids)
ScheduleIndexationOnStartup MainProcess:False IndexOnStartup:True
Mono: successfully reloaded assembly
- Finished resetting the current domain, in  6.054 seconds
Domain Reload Profiling: 9535ms
	BeginReloadAssembly (731ms)
		ExecutionOrderSort (0ms)
		DisableScriptedObjects (43ms)
		BackupInstance (0ms)
		ReleaseScriptingObjects (1ms)
		CreateAndSetChildDomain (180ms)
	RebuildCommonClasses (82ms)
	RebuildNativeTypeToScriptingClass (33ms)
	initialDomainReloadingComplete (161ms)
	LoadAllAssembliesAndSetupDomain (2473ms)
		LoadAssemblies (1764ms)
		RebuildTransferFunctionScriptingTraits (0ms)
		AnalyzeDomain (1059ms)
			TypeCache.Refresh (32ms)
				TypeCache.ScanAssembly (3ms)
			BuildScriptInfoCaches (970ms)
			ResolveRequiredComponents (43ms)
	FinalizeReload (6055ms)
		ReleaseScriptCaches (0ms)
		RebuildScriptCaches (0ms)
		SetupLoadedEditorAssemblies (5528ms)
			LogAssemblyErrors (0ms)
			InitializePlatformSupportModulesInManaged (92ms)
			SetLoadedEditorAssemblies (22ms)
			BeforeProcessingInitializeOnLoad (646ms)
			ProcessInitializeOnLoadAttributes (2551ms)
			ProcessInitializeOnLoadMethodAttributes (2186ms)
			AfterProcessingInitializeOnLoad (30ms)
			EditorAssembliesLoaded (1ms)
		ExecutionOrderSort2 (0ms)
		AwakeInstancesAfterBackupRestoration (41ms)
Refreshing native plugins compatible for Editor in 6.93 ms, found 5 plugins.
Preloading 1 native plugins for Editor in 0.10 ms.
Unloading 60 Unused Serialized files (Serialized files now loaded: 0)
Unloading 11008 unused Assets / (18.8 MB). Loaded Objects now: 11995.
Memory consumption went from 244.7 MB to 225.9 MB.
Total: 52.891200 ms (FindLiveObjects: 3.034000 ms CreateObjectMapping: 3.742800 ms MarkObjects: 34.995100 ms  DeleteObjects: 11.116700 ms)

Prepare: number of updated asset objects reloaded= 0
========================================================================
Received Prepare
'Packages/com.unity.cinemachine/Editor/Obsolete/CinemachineVirtualCameraBaseEditor.cs' contains partial class of Unity.Object, exactly 1 of the partial classes needs to be in a file with the same filename. This is to know the one that can be referenced from ie. GameObjects
'Packages/com.unity.cinemachine/Editor/Editors/CinemachineVirtualCameraBaseEditor.cs' contains partial class of Unity.Object, exactly 1 of the partial classes needs to be in a file with the same filename. This is to know the one that can be referenced from ie. GameObjects
Refreshing native plugins compatible for Editor in 6.82 ms, found 5 plugins.
Preloading 1 native plugins for Editor in 0.12 ms.
Unloading 60 Unused Serialized files (Serialized files now loaded: 0)
Unloading 10992 unused Assets / (19.8 MB). Loaded Objects now: 11998.
Memory consumption went from 244.3 MB to 224.5 MB.
Total: 52.186900 ms (FindLiveObjects: 2.018600 ms CreateObjectMapping: 2.263500 ms MarkObjects: 36.444600 ms  DeleteObjects: 11.457600 ms)

Prepare: number of updated asset objects reloaded= 0
========================================================================
Received Prepare
Assembly reference Packages/com.unity.cinemachine/Editor/Samples/ExposeHDRPInternals/HDRP-Editor-ref.asmref has no target assembly definition
Assembly reference Packages/com.unity.cinemachine/Editor/Samples/ExposeHDRPInternals/HDRP-Editor-ref.asmref has no target assembly definition
Begin MonoManager ReloadAssembly
[Licensing::Client] Successfully resolved entitlement details
Symbol file LoadedFromMemory is not a mono symbol file
Symbol file LoadedFromMemory is not a mono symbol file
- Loaded All Assemblies, in  3.542 seconds
Assembly reference Packages/com.unity.cinemachine/Editor/Samples/ExposeHDRPInternals/HDRP-Editor-ref.asmref has no target assembly definition
'Packages/com.unity.cinemachine/Editor/Obsolete/CinemachineVirtualCameraBaseEditor.cs' contains partial class of Unity.Object, exactly 1 of the partial classes needs to be in a file with the same filename. This is to know the one that can be referenced from ie. GameObjects
'Packages/com.unity.cinemachine/Editor/Editors/CinemachineVirtualCameraBaseEditor.cs' contains partial class of Unity.Object, exactly 1 of the partial classes needs to be in a file with the same filename. This is to know the one that can be referenced from ie. GameObjects
Refreshing native plugins compatible for Editor in 6.89 ms, found 5 plugins.
Native extension for LinuxStandalone target not found
Native extension for AppleTV target not found
Native extension for iOS target not found
Native extension for Android target not found
Native extension for UWP target not found
Native extension for WindowsStandalone target not found
Failed to load: C:/Program Files/Unity/Hub/Editor/6000.3.6f1/Editor/Data/PlaybackEngines/VisionOSPlayer\x64\UnityEditor.VisionOS.Native.dll
Native extension for VisionOS target not found
Native extension for WebGL target not found
Assembly reference Packages/com.unity.cinemachine/Editor/Samples/ExposeHDRPInternals/HDRP-Editor-ref.asmref has no target assembly definition
Refreshing native plugins compatible for Editor in 9.76 ms, found 5 plugins.
[Package Manager] Failed to launch server process. Reason: Unity was launched with the -noUpm command-line argument
[Package Manager] Unable to send message (not connected to server process).
[Package Manager] Cannot connect to Unity Package Manager local server
[Package Manager] Failed to launch server process. Reason: Unity was launched with the -noUpm command-line argument
[Package Manager] Unable to send message (not connected to server process).
[Package Manager] Cannot connect to Unity Package Manager local server
[Licensing::Client] Error: Code 404 while processing request (status: Found 0 entitlement groups and 0 free entitlements matching requested entitlement ids)
[Licensing::Client] Error: Code 404 while processing request (status: Found 0 entitlement groups and 0 free entitlements matching requested entitlement ids)
[Licensing::Client] Error: Code 404 while processing request (status: Found 0 entitlement groups and 0 free entitlements matching requested entitlement ids)
ScheduleIndexationOnStartup MainProcess:False IndexOnStartup:True
Mono: successfully reloaded assembly
- Finished resetting the current domain, in  6.898 seconds
Domain Reload Profiling: 10426ms
	BeginReloadAssembly (773ms)
		ExecutionOrderSort (0ms)
		DisableScriptedObjects (45ms)
		BackupInstance (0ms)
		ReleaseScriptingObjects (1ms)
		CreateAndSetChildDomain (221ms)
	RebuildCommonClasses (140ms)
	RebuildNativeTypeToScriptingClass (43ms)
	initialDomainReloadingComplete (205ms)
	LoadAllAssembliesAndSetupDomain (2367ms)
		LoadAssemblies (1553ms)
		RebuildTransferFunctionScriptingTraits (0ms)
		AnalyzeDomain (1147ms)
			TypeCache.Refresh (41ms)
				TypeCache.ScanAssembly (3ms)
			BuildScriptInfoCaches (1053ms)
			ResolveRequiredComponents (41ms)
	FinalizeReload (6899ms)
		ReleaseScriptCaches (0ms)
		RebuildScriptCaches (0ms)
		SetupLoadedEditorAssemblies (6345ms)
			LogAssemblyErrors (0ms)
			InitializePlatformSupportModulesInManaged (615ms)
			SetLoadedEditorAssemblies (19ms)
			BeforeProcessingInitializeOnLoad (1169ms)
			ProcessInitializeOnLoadAttributes (2750ms)
			ProcessInitializeOnLoadMethodAttributes (1743ms)
			AfterProcessingInitializeOnLoad (48ms)
			EditorAssembliesLoaded (2ms)
		ExecutionOrderSort2 (0ms)
		AwakeInstancesAfterBackupRestoration (43ms)
Refreshing native plugins compatible for Editor in 7.64 ms, found 5 plugins.
Preloading 1 native plugins for Editor in 0.15 ms.
Unloading 60 Unused Serialized files (Serialized files now loaded: 0)
Unloading 11011 unused Assets / (20.3 MB). Loaded Objects now: 12001.
Memory consumption went from 244.8 MB to 224.5 MB.
Total: 65.176600 ms (FindLiveObjects: 2.856700 ms CreateObjectMapping: 3.707000 ms MarkObjects: 45.730700 ms  DeleteObjects: 12.879300 ms)

Prepare: number of updated asset objects reloaded= 0
========================================================================
Received Import Request.
  Time since last request: 76901.206891 seconds.
  path: Assets/Prefabs/FacilityPanel/Gym.prefab
  artifactKey: Guid(f803a6a5771f1404fa0221cdc5d0ef57) Importer(815301076,1909f56bfc062723c751e8b465ee728b)
Start importing Assets/Prefabs/FacilityPanel/Gym.prefab using Guid(f803a6a5771f1404fa0221cdc5d0ef57) Importer(815301076,1909f56bfc062723c751e8b465ee728b) (PreviewImporter) -> (artifact id: '5df306ca057e6544884369ef348a3f87') in 1.111574 seconds
Number of updated asset objects reloaded before import = 0Number of asset objects unloaded after import = 10

========================================================================
Received Import Request.
  Time since last request: 42.566879 seconds.
  path: Assets/Prefabs/FacilityPanel/Gym.prefab
  artifactKey: Guid(f803a6a5771f1404fa0221cdc5d0ef57) Importer(815301076,1909f56bfc062723c751e8b465ee728b)
Start importing Assets/Prefabs/FacilityPanel/Gym.prefab using Guid(f803a6a5771f1404fa0221cdc5d0ef57) Importer(815301076,1909f56bfc062723c751e8b465ee728b) (PreviewImporter) -> (artifact id: 'cbaaab435d719367325f04b083e363e5') in 0.0324649 seconds
Number of updated asset objects reloaded before import = 0Number of asset objects unloaded after import = 10

========================================================================
Received Import Request.
  Time since last request: 4.550535 seconds.
  path: Assets/Prefabs/FacilityPanel/icecreamParlor.prefab
  artifactKey: Guid(8d93f435904b9454b920492fec6fca5e) Importer(815301076,1909f56bfc062723c751e8b465ee728b)
Start importing Assets/Prefabs/FacilityPanel/icecreamParlor.prefab using Guid(8d93f435904b9454b920492fec6fca5e) Importer(815301076,1909f56bfc062723c751e8b465ee728b) (PreviewImporter) -> (artifact id: '85ed6b6436412f07fbbcfa2508ca447b') in 0.0394021 seconds
Number of updated asset objects reloaded before import = 0Number of asset objects unloaded after import = 15

========================================================================
Received Import Request.
  Time since last request: 9.009033 seconds.
  path: Assets/Prefabs/FacilityPanel/icecreamParlor.prefab
  artifactKey: Guid(8d93f435904b9454b920492fec6fca5e) Importer(815301076,1909f56bfc062723c751e8b465ee728b)
Start importing Assets/Prefabs/FacilityPanel/icecreamParlor.prefab using Guid(8d93f435904b9454b920492fec6fca5e) Importer(815301076,1909f56bfc062723c751e8b465ee728b) (PreviewImporter) -> (artifact id: '1ecf414c99d970059345def2418c9f45') in 0.0378963 seconds
Number of updated asset objects reloaded before import = 0Number of asset objects unloaded after import = 15

========================================================================
Received Import Request.
  Time since last request: 4.304253 seconds.
  path: Assets/Prefabs/FacilityPanel/Taco Stand.prefab
  artifactKey: Guid(4f671268cceacdf40904a855bf55af34) Importer(815301076,1909f56bfc062723c751e8b465ee728b)
Start importing Assets/Prefabs/FacilityPanel/Taco Stand.prefab using Guid(4f671268cceacdf40904a855bf55af34) Importer(815301076,1909f56bfc062723c751e8b465ee728b) (PreviewImporter) -> (artifact id: 'a28b0082bd57f3a39b1f3cba323c3696') in 0.0350474 seconds
Number of updated asset objects reloaded before import = 0Number of asset objects unloaded after import = 10

========================================================================
Received Prepare
Assembly reference Packages/com.unity.cinemachine/Editor/Samples/ExposeHDRPInternals/HDRP-Editor-ref.asmref has no target assembly definition
Assembly reference Packages/com.unity.cinemachine/Editor/Samples/ExposeHDRPInternals/HDRP-Editor-ref.asmref has no target assembly definition
Begin MonoManager ReloadAssembly
[Licensing::Client] Successfully resolved entitlement details
Symbol file LoadedFromMemory is not a mono symbol file
Symbol file LoadedFromMemory is not a mono symbol file
- Loaded All Assemblies, in  3.131 seconds
Assembly reference Packages/com.unity.cinemachine/Editor/Samples/ExposeHDRPInternals/HDRP-Editor-ref.asmref has no target assembly definition
'Packages/com.unity.cinemachine/Editor/Obsolete/CinemachineVirtualCameraBaseEditor.cs' contains partial class of Unity.Object, exactly 1 of the partial classes needs to be in a file with the same filename. This is to know the one that can be referenced from ie. GameObjects
'Packages/com.unity.cinemachine/Editor/Editors/CinemachineVirtualCameraBaseEditor.cs' contains partial class of Unity.Object, exactly 1 of the partial classes needs to be in a file with the same filename. This is to know the one that can be referenced from ie. GameObjects
Refreshing native plugins compatible for Editor in 6.16 ms, found 5 plugins.
Native extension for LinuxStandalone target not found
Native extension for AppleTV target not found
Native extension for iOS target not found
Native extension for Android target not found
Native extension for UWP target not found
Native extension for WindowsStandalone target not found
Failed to load: C:/Program Files/Unity/Hub/Editor/6000.3.6f1/Editor/Data/PlaybackEngines/VisionOSPlayer\x64\UnityEditor.VisionOS.Native.dll
Native extension for VisionOS target not found
Native extension for WebGL target not found
Assembly reference Packages/com.unity.cinemachine/Editor/Samples/ExposeHDRPInternals/HDRP-Editor-ref.asmref has no target assembly definition
Refreshing native plugins compatible for Editor in 6.00 ms, found 5 plugins.
[Package Manager] Failed to launch server process. Reason: Unity was launched with the -noUpm command-line argument
[Package Manager] Unable to send message (not connected to server process).
[Package Manager] Cannot connect to Unity Package Manager local server
[Package Manager] Failed to launch server process. Reason: Unity was launched with the -noUpm command-line argument
[Package Manager] Unable to send message (not connected to server process).
[Package Manager] Cannot connect to Unity Package Manager local server
[Licensing::Client] Error: Code 404 while processing request (status: Found 0 entitlement groups and 0 free entitlements matching requested entitlement ids)
[Licensing::Client] Error: Code 404 while processing request (status: Found 0 entitlement groups and 0 free entitlements matching requested entitlement ids)
[Licensing::Client] Error: Code 404 while processing request (status: Found 0 entitlement groups and 0 free entitlements matching requested entitlement ids)
ScheduleIndexationOnStartup MainProcess:False IndexOnStartup:True
Mono: successfully reloaded assembly
- Finished resetting the current domain, in  5.604 seconds
Domain Reload Profiling: 9250ms
	BeginReloadAssembly (759ms)
		ExecutionOrderSort (0ms)
		DisableScriptedObjects (81ms)
		BackupInstance (0ms)
		ReleaseScriptingObjects (1ms)
		CreateAndSetChildDomain (242ms)
	RebuildCommonClasses (87ms)
	RebuildNativeTypeToScriptingClass (29ms)
	initialDomainReloadingComplete (170ms)
	LoadAllAssembliesAndSetupDomain (2600ms)
		LoadAssemblies (1295ms)
		RebuildTransferFunctionScriptingTraits (0ms)
		AnalyzeDomain (1067ms)
			TypeCache.Refresh (44ms)
				TypeCache.ScanAssembly (3ms)
			BuildScriptInfoCaches (967ms)
			ResolveRequiredComponents (41ms)
	FinalizeReload (5606ms)
		ReleaseScriptCaches (0ms)
		RebuildScriptCaches (0ms)
		SetupLoadedEditorAssemblies (5094ms)
			LogAssemblyErrors (0ms)
			InitializePlatformSupportModulesInManaged (93ms)
			SetLoadedEditorAssemblies (22ms)
			BeforeProcessingInitializeOnLoad (700ms)
			ProcessInitializeOnLoadAttributes (2613ms)
			ProcessInitializeOnLoadMethodAttributes (1622ms)
			AfterProcessingInitializeOnLoad (43ms)
			EditorAssembliesLoaded (2ms)
		ExecutionOrderSort2 (0ms)
		AwakeInstancesAfterBackupRestoration (44ms)
Refreshing native plugins compatible for Editor in 6.89 ms, found 5 plugins.
Preloading 1 native plugins for Editor in 0.13 ms.
Unloading 60 Unused Serialized files (Serialized files now loaded: 0)
Unloading 11011 unused Assets / (19.9 MB). Loaded Objects now: 12024.
Memory consumption went from 244.8 MB to 224.9 MB.
Total: 65.956200 ms (FindLiveObjects: 2.290100 ms CreateObjectMapping: 2.212800 ms MarkObjects: 51.256900 ms  DeleteObjects: 10.192700 ms)

Prepare: number of updated asset objects reloaded= 0
========================================================================
Received Import Request.
  Time since last request: 973.833855 seconds.
  path: Assets/Prefabs/FacilityPanel/Gym.prefab
  artifactKey: Guid(f803a6a5771f1404fa0221cdc5d0ef57) Importer(815301076,1909f56bfc062723c751e8b465ee728b)
Start importing Assets/Prefabs/FacilityPanel/Gym.prefab using Guid(f803a6a5771f1404fa0221cdc5d0ef57) Importer(815301076,1909f56bfc062723c751e8b465ee728b) (PreviewImporter) -> (artifact id: '962f09900391e6c7b405398b5bcafcbc') in 1.0890478 seconds
Number of updated asset objects reloaded before import = 0Number of asset objects unloaded after import = 10

========================================================================
Received Import Request.
  Time since last request: 15.816458 seconds.
  path: Assets/Prefabs/FacilityPanel/Suana.prefab
  artifactKey: Guid(41b0d116a595b0643b9532bbfe0b537d) Importer(815301076,1909f56bfc062723c751e8b465ee728b)
Start importing Assets/Prefabs/FacilityPanel/Suana.prefab using Guid(41b0d116a595b0643b9532bbfe0b537d) Importer(815301076,1909f56bfc062723c751e8b465ee728b) (PreviewImporter) -> (artifact id: 'f623502d19c50fa9eb2498486160d7d3') in 1.0472855 seconds
Number of updated asset objects reloaded before import = 0Number of asset objects unloaded after import = 10

========================================================================
Received Import Request.
  Time since last request: 7.307997 seconds.
  path: Assets/Prefabs/FacilityPanel/Suana.prefab
  artifactKey: Guid(41b0d116a595b0643b9532bbfe0b537d) Importer(815301076,1909f56bfc062723c751e8b465ee728b)
Start importing Assets/Prefabs/FacilityPanel/Suana.prefab using Guid(41b0d116a595b0643b9532bbfe0b537d) Importer(815301076,1909f56bfc062723c751e8b465ee728b) (PreviewImporter) -> (artifact id: '8aaccc10423dceb9c35b38e21a3a8666') in 1.00651 seconds
Number of updated asset objects reloaded before import = 0Number of asset objects unloaded after import = 10

========================================================================
Received Prepare
Assembly reference Packages/com.unity.cinemachine/Editor/Samples/ExposeHDRPInternals/HDRP-Editor-ref.asmref has no target assembly definition
Assembly reference Packages/com.unity.cinemachine/Editor/Samples/ExposeHDRPInternals/HDRP-Editor-ref.asmref has no target assembly definition
Begin MonoManager ReloadAssembly
[Licensing::Client] Successfully resolved entitlement details
Symbol file LoadedFromMemory is not a mono symbol file
Symbol file LoadedFromMemory is not a mono symbol file
- Loaded All Assemblies, in  3.940 seconds
Assembly reference Packages/com.unity.cinemachine/Editor/Samples/ExposeHDRPInternals/HDRP-Editor-ref.asmref has no target assembly definition
'Packages/com.unity.cinemachine/Editor/Obsolete/CinemachineVirtualCameraBaseEditor.cs' contains partial class of Unity.Object, exactly 1 of the partial classes needs to be in a file with the same filename. This is to know the one that can be referenced from ie. GameObjects
'Packages/com.unity.cinemachine/Editor/Editors/CinemachineVirtualCameraBaseEditor.cs' contains partial class of Unity.Object, exactly 1 of the partial classes needs to be in a file with the same filename. This is to know the one that can be referenced from ie. GameObjects
Refreshing native plugins compatible for Editor in 6.29 ms, found 5 plugins.
Native extension for LinuxStandalone target not found
Native extension for AppleTV target not found
Native extension for iOS target not found
Native extension for Android target not found
Native extension for UWP target not found
Native extension for WindowsStandalone target not found
Failed to load: C:/Program Files/Unity/Hub/Editor/6000.3.6f1/Editor/Data/PlaybackEngines/VisionOSPlayer\x64\UnityEditor.VisionOS.Native.dll
Native extension for VisionOS target not found
Native extension for WebGL target not found
Assembly reference Packages/com.unity.cinemachine/Editor/Samples/ExposeHDRPInternals/HDRP-Editor-ref.asmref has no target assembly definition
Refreshing native plugins compatible for Editor in 7.27 ms, found 5 plugins.
[Package Manager] Failed to launch server process. Reason: Unity was launched with the -noUpm command-line argument
[Package Manager] Unable to send message (not connected to server process).
[Package Manager] Cannot connect to Unity Package Manager local server
[Package Manager] Failed to launch server process. Reason: Unity was launched with the -noUpm command-line argument
[Package Manager] Unable to send message (not connected to server process).
[Package Manager] Cannot connect to Unity Package Manager local server
[Licensing::Client] Error: Code 404 while processing request (status: Found 0 entitlement groups and 0 free entitlements matching requested entitlement ids)
[Licensing::Client] Error: Code 404 while processing request (status: Found 0 entitlement groups and 0 free entitlements matching requested entitlement ids)
[Licensing::Client] Error: Code 404 while processing request (status: Found 0 entitlement groups and 0 free entitlements matching requested entitlement ids)
ScheduleIndexationOnStartup MainProcess:False IndexOnStartup:True
Mono: successfully reloaded assembly
- Finished resetting the current domain, in  6.843 seconds
Domain Reload Profiling: 10774ms
	BeginReloadAssembly (1549ms)
		ExecutionOrderSort (0ms)
		DisableScriptedObjects (99ms)
		BackupInstance (0ms)
		ReleaseScriptingObjects (0ms)
		CreateAndSetChildDomain (219ms)
	RebuildCommonClasses (84ms)
	RebuildNativeTypeToScriptingClass (39ms)
	initialDomainReloadingComplete (185ms)
	LoadAllAssembliesAndSetupDomain (2073ms)
		LoadAssemblies (1330ms)
		RebuildTransferFunctionScriptingTraits (0ms)
		AnalyzeDomain (1066ms)
			TypeCache.Refresh (23ms)
				TypeCache.ScanAssembly (0ms)
			BuildScriptInfoCaches (1002ms)
			ResolveRequiredComponents (31ms)
	FinalizeReload (6844ms)
		ReleaseScriptCaches (0ms)
		RebuildScriptCaches (0ms)
		SetupLoadedEditorAssemblies (6295ms)
			LogAssemblyErrors (0ms)
			InitializePlatformSupportModulesInManaged (962ms)
			SetLoadedEditorAssemblies (18ms)
			BeforeProcessingInitializeOnLoad (1202ms)
			ProcessInitializeOnLoadAttributes (2923ms)
			ProcessInitializeOnLoadMethodAttributes (1147ms)
			AfterProcessingInitializeOnLoad (41ms)
			EditorAssembliesLoaded (1ms)
		ExecutionOrderSort2 (0ms)
		AwakeInstancesAfterBackupRestoration (54ms)
Refreshing native plugins compatible for Editor in 7.97 ms, found 5 plugins.
Preloading 1 native plugins for Editor in 0.12 ms.
Unloading 60 Unused Serialized files (Serialized files now loaded: 0)
Unloading 11011 unused Assets / (21.1 MB). Loaded Objects now: 12047.
Memory consumption went from 245.0 MB to 223.9 MB.
Total: 64.199700 ms (FindLiveObjects: 3.297500 ms CreateObjectMapping: 3.451900 ms MarkObjects: 42.395000 ms  DeleteObjects: 15.051200 ms)

Prepare: number of updated asset objects reloaded= 0
========================================================================
Received Import Request.
  Time since last request: 533.492370 seconds.
  path: Assets/Prefabs/Customers/Mr. Smith/Mr. Smith.prefab
  artifactKey: Guid(0eaf664c02473764c93dd4aa7966df75) Importer(815301076,1909f56bfc062723c751e8b465ee728b)
Start importing Assets/Prefabs/Customers/Mr. Smith/Mr. Smith.prefab using Guid(0eaf664c02473764c93dd4aa7966df75) Importer(815301076,1909f56bfc062723c751e8b465ee728b) (PreviewImporter) -> (artifact id: '74d5ca6babb15f1899715eecfb9c5e8d') in 2.0013189 seconds
Number of updated asset objects reloaded before import = 0Number of asset objects unloaded after import = 8

========================================================================
Received Import Request.
  Time since last request: 5.415091 seconds.
  path: Assets/Prefabs/Customers/Mr. Smith/Mr. Smith.prefab
  artifactKey: Guid(0eaf664c02473764c93dd4aa7966df75) Importer(815301076,1909f56bfc062723c751e8b465ee728b)
Start importing Assets/Prefabs/Customers/Mr. Smith/Mr. Smith.prefab using Guid(0eaf664c02473764c93dd4aa7966df75) Importer(815301076,1909f56bfc062723c751e8b465ee728b) (PreviewImporter) -> (artifact id: 'fe31130c3257bee2d703fc223784453d') in 0.0185422 seconds
Number of updated asset objects reloaded before import = 0Number of asset objects unloaded after import = 9

========================================================================
Received Prepare
Assembly reference Packages/com.unity.cinemachine/Editor/Samples/ExposeHDRPInternals/HDRP-Editor-ref.asmref has no target assembly definition
Assembly reference Packages/com.unity.cinemachine/Editor/Samples/ExposeHDRPInternals/HDRP-Editor-ref.asmref has no target assembly definition
Begin MonoManager ReloadAssembly
[Licensing::Client] Successfully resolved entitlement details
Symbol file LoadedFromMemory is not a mono symbol file
Symbol file LoadedFromMemory is not a mono symbol file
- Loaded All Assemblies, in  3.144 seconds
Assembly reference Packages/com.unity.cinemachine/Editor/Samples/ExposeHDRPInternals/HDRP-Editor-ref.asmref has no target assembly definition
'Packages/com.unity.cinemachine/Editor/Obsolete/CinemachineVirtualCameraBaseEditor.cs' contains partial class of Unity.Object, exactly 1 of the partial classes needs to be in a file with the same filename. This is to know the one that can be referenced from ie. GameObjects
'Packages/com.unity.cinemachine/Editor/Editors/CinemachineVirtualCameraBaseEditor.cs' contains partial class of Unity.Object, exactly 1 of the partial classes needs to be in a file with the same filename. This is to know the one that can be referenced from ie. GameObjects
Refreshing native plugins compatible for Editor in 6.40 ms, found 5 plugins.
Native extension for LinuxStandalone target not found
Native extension for AppleTV target not found
Native extension for iOS target not found
Native extension for Android target not found
Native extension for UWP target not found
Native extension for WindowsStandalone target not found
Failed to load: C:/Program Files/Unity/Hub/Editor/6000.3.6f1/Editor/Data/PlaybackEngines/VisionOSPlayer\x64\UnityEditor.VisionOS.Native.dll
Native extension for VisionOS target not found
Native extension for WebGL target not found
Assembly reference Packages/com.unity.cinemachine/Editor/Samples/ExposeHDRPInternals/HDRP-Editor-ref.asmref has no target assembly definition
Refreshing native plugins compatible for Editor in 8.33 ms, found 5 plugins.
[Package Manager] Failed to launch server process. Reason: Unity was launched with the -noUpm command-line argument
[Package Manager] Unable to send message (not connected to server process).
[Package Manager] Cannot connect to Unity Package Manager local server
[Package Manager] Failed to launch server process. Reason: Unity was launched with the -noUpm command-line argument
[Package Manager] Unable to send message (not connected to server process).
[Package Manager] Cannot connect to Unity Package Manager local server
[Licensing::Client] Error: Code 404 while processing request (status: Found 0 entitlement groups and 0 free entitlements matching requested entitlement ids)
[Licensing::Client] Error: Code 404 while processing request (status: Found 0 entitlement groups and 0 free entitlements matching requested entitlement ids)
[Licensing::Client] Error: Code 404 while processing request (status: Found 0 entitlement groups and 0 free entitlements matching requested entitlement ids)
ScheduleIndexationOnStartup MainProcess:False IndexOnStartup:True
Mono: successfully reloaded assembly
- Finished resetting the current domain, in  6.339 seconds
Domain Reload Profiling: 9475ms
	BeginReloadAssembly (732ms)
		ExecutionOrderSort (0ms)
		DisableScriptedObjects (71ms)
		BackupInstance (0ms)
		ReleaseScriptingObjects (1ms)
		CreateAndSetChildDomain (204ms)
	RebuildCommonClasses (99ms)
	RebuildNativeTypeToScriptingClass (34ms)
	initialDomainReloadingComplete (170ms)
	LoadAllAssembliesAndSetupDomain (2099ms)
		LoadAssemblies (1316ms)
		RebuildTransferFunctionScriptingTraits (0ms)
		AnalyzeDomain (1090ms)
			TypeCache.Refresh (26ms)
				TypeCache.ScanAssembly (0ms)
			BuildScriptInfoCaches (1020ms)
			ResolveRequiredComponents (33ms)
	FinalizeReload (6340ms)
		ReleaseScriptCaches (0ms)
		RebuildScriptCaches (0ms)
		SetupLoadedEditorAssemblies (5791ms)
			LogAssemblyErrors (0ms)
			InitializePlatformSupportModulesInManaged (778ms)
			SetLoadedEditorAssemblies (25ms)
			BeforeProcessingInitializeOnLoad (1201ms)
			ProcessInitializeOnLoadAttributes (2696ms)
			ProcessInitializeOnLoadMethodAttributes (1053ms)
			AfterProcessingInitializeOnLoad (37ms)
			EditorAssembliesLoaded (1ms)
		ExecutionOrderSort2 (0ms)
		AwakeInstancesAfterBackupRestoration (50ms)
Refreshing native plugins compatible for Editor in 7.95 ms, found 5 plugins.
Preloading 1 native plugins for Editor in 0.23 ms.
Unloading 60 Unused Serialized files (Serialized files now loaded: 0)
Unloading 11011 unused Assets / (21.4 MB). Loaded Objects now: 12070.
Memory consumption went from 245.1 MB to 223.7 MB.
Total: 75.671400 ms (FindLiveObjects: 3.338400 ms CreateObjectMapping: 5.215700 ms MarkObjects: 49.464300 ms  DeleteObjects: 17.650100 ms)

Prepare: number of updated asset objects reloaded= 0
========================================================================
Received Import Request.
  Time since last request: 320.315219 seconds.
  path: Assets/Prefabs/Customers/Mr. Smith/Mr. Smith.prefab
  artifactKey: Guid(0eaf664c02473764c93dd4aa7966df75) Importer(815301076,1909f56bfc062723c751e8b465ee728b)
Start importing Assets/Prefabs/Customers/Mr. Smith/Mr. Smith.prefab using Guid(0eaf664c02473764c93dd4aa7966df75) Importer(815301076,1909f56bfc062723c751e8b465ee728b) (PreviewImporter) -> (artifact id: '88f7979f1fd4ae9a07fea76ae2670264') in 0.9999818 seconds
Number of updated asset objects reloaded before import = 0Number of asset objects unloaded after import = 9

========================================================================
Received Prepare
Assembly reference Packages/com.unity.cinemachine/Editor/Samples/ExposeHDRPInternals/HDRP-Editor-ref.asmref has no target assembly definition
Assembly reference Packages/com.unity.cinemachine/Editor/Samples/ExposeHDRPInternals/HDRP-Editor-ref.asmref has no target assembly definition
Begin MonoManager ReloadAssembly
[Licensing::Client] Successfully resolved entitlement details
Symbol file LoadedFromMemory is not a mono symbol file
Symbol file LoadedFromMemory is not a mono symbol file
- Loaded All Assemblies, in  3.212 seconds
Assembly reference Packages/com.unity.cinemachine/Editor/Samples/ExposeHDRPInternals/HDRP-Editor-ref.asmref has no target assembly definition
'Packages/com.unity.cinemachine/Editor/Obsolete/CinemachineVirtualCameraBaseEditor.cs' contains partial class of Unity.Object, exactly 1 of the partial classes needs to be in a file with the same filename. This is to know the one that can be referenced from ie. GameObjects
'Packages/com.unity.cinemachine/Editor/Editors/CinemachineVirtualCameraBaseEditor.cs' contains partial class of Unity.Object, exactly 1 of the partial classes needs to be in a file with the same filename. This is to know the one that can be referenced from ie. GameObjects
Refreshing native plugins compatible for Editor in 5.61 ms, found 5 plugins.
Native extension for LinuxStandalone target not found
Native extension for AppleTV target not found
Native extension for iOS target not found
Native extension for Android target not found
Native extension for UWP target not found
Native extension for WindowsStandalone target not found
Failed to load: C:/Program Files/Unity/Hub/Editor/6000.3.6f1/Editor/Data/PlaybackEngines/VisionOSPlayer\x64\UnityEditor.VisionOS.Native.dll
Native extension for VisionOS target not found
Native extension for WebGL target not found
Assembly reference Packages/com.unity.cinemachine/Editor/Samples/ExposeHDRPInternals/HDRP-Editor-ref.asmref has no target assembly definition
Refreshing native plugins compatible for Editor in 6.92 ms, found 5 plugins.
[Package Manager] Failed to launch server process. Reason: Unity was launched with the -noUpm command-line argument
[Package Manager] Unable to send message (not connected to server process).
[Package Manager] Cannot connect to Unity Package Manager local server
[Package Manager] Failed to launch server process. Reason: Unity was launched with the -noUpm command-line argument
[Package Manager] Unable to send message (not connected to server process).
[Package Manager] Cannot connect to Unity Package Manager local server
[Licensing::Client] Error: Code 404 while processing request (status: Found 0 entitlement groups and 0 free entitlements matching requested entitlement ids)
[Licensing::Client] Error: Code 404 while processing request (status: Found 0 entitlement groups and 0 free entitlements matching requested entitlement ids)
[Licensing::Client] Error: Code 404 while processing request (status: Found 0 entitlement groups and 0 free entitlements matching requested entitlement ids)
ScheduleIndexationOnStartup MainProcess:False IndexOnStartup:True
Mono: successfully reloaded assembly
- Finished resetting the current domain, in  5.824 seconds
Domain Reload Profiling: 9032ms
	BeginReloadAssembly (805ms)
		ExecutionOrderSort (0ms)
		DisableScriptedObjects (93ms)
		BackupInstance (0ms)
		ReleaseScriptingObjects (0ms)
		CreateAndSetChildDomain (208ms)
	RebuildCommonClasses (117ms)
	RebuildNativeTypeToScriptingClass (36ms)
	initialDomainReloadingComplete (173ms)
	LoadAllAssembliesAndSetupDomain (2077ms)
		LoadAssemblies (1372ms)
		RebuildTransferFunctionScriptingTraits (0ms)
		AnalyzeDomain (1054ms)
			TypeCache.Refresh (36ms)
				TypeCache.ScanAssembly (2ms)
			BuildScriptInfoCaches (971ms)
			ResolveRequiredComponents (34ms)
	FinalizeReload (5824ms)
		ReleaseScriptCaches (0ms)
		RebuildScriptCaches (0ms)
		SetupLoadedEditorAssemblies (5317ms)
			LogAssemblyErrors (0ms)
			InitializePlatformSupportModulesInManaged (80ms)
			SetLoadedEditorAssemblies (16ms)
			BeforeProcessingInitializeOnLoad (615ms)
			ProcessInitializeOnLoadAttributes (2729ms)
			ProcessInitializeOnLoadMethodAttributes (1845ms)
			AfterProcessingInitializeOnLoad (31ms)
			EditorAssembliesLoaded (1ms)
		ExecutionOrderSort2 (0ms)
		AwakeInstancesAfterBackupRestoration (43ms)
Refreshing native plugins compatible for Editor in 6.49 ms, found 5 plugins.
Preloading 1 native plugins for Editor in 0.15 ms.
Unloading 60 Unused Serialized files (Serialized files now loaded: 0)
Unloading 11011 unused Assets / (21.4 MB). Loaded Objects now: 12093.
Memory consumption went from 245.0 MB to 223.6 MB.
Total: 65.565200 ms (FindLiveObjects: 3.687400 ms CreateObjectMapping: 3.552100 ms MarkObjects: 41.303300 ms  DeleteObjects: 17.019800 ms)

Prepare: number of updated asset objects reloaded= 0
========================================================================
Received Import Request.
  Time since last request: 122.607956 seconds.
  path: Assets/Prefabs/Customers/Mr. Smith/Mr. Smith.prefab
  artifactKey: Guid(0eaf664c02473764c93dd4aa7966df75) Importer(815301076,1909f56bfc062723c751e8b465ee728b)
Start importing Assets/Prefabs/Customers/Mr. Smith/Mr. Smith.prefab using Guid(0eaf664c02473764c93dd4aa7966df75) Importer(815301076,1909f56bfc062723c751e8b465ee728b) (PreviewImporter) -> (artifact id: 'dd6ac6e7d3ff3742058e617f916c0136') in 1.2032822 seconds
Number of updated asset objects reloaded before import = 0Number of asset objects unloaded after import = 9

========================================================================
Received Prepare
Assembly reference Packages/com.unity.cinemachine/Editor/Samples/ExposeHDRPInternals/HDRP-Editor-ref.asmref has no target assembly definition
Assembly reference Packages/com.unity.cinemachine/Editor/Samples/ExposeHDRPInternals/HDRP-Editor-ref.asmref has no target assembly definition
Begin MonoManager ReloadAssembly
[Licensing::Client] Successfully resolved entitlement details
Symbol file LoadedFromMemory is not a mono symbol file
Symbol file LoadedFromMemory is not a mono symbol file
- Loaded All Assemblies, in  3.215 seconds
Assembly reference Packages/com.unity.cinemachine/Editor/Samples/ExposeHDRPInternals/HDRP-Editor-ref.asmref has no target assembly definition
'Packages/com.unity.cinemachine/Editor/Obsolete/CinemachineVirtualCameraBaseEditor.cs' contains partial class of Unity.Object, exactly 1 of the partial classes needs to be in a file with the same filename. This is to know the one that can be referenced from ie. GameObjects
'Packages/com.unity.cinemachine/Editor/Editors/CinemachineVirtualCameraBaseEditor.cs' contains partial class of Unity.Object, exactly 1 of the partial classes needs to be in a file with the same filename. This is to know the one that can be referenced from ie. GameObjects
Refreshing native plugins compatible for Editor in 7.84 ms, found 5 plugins.
Native extension for LinuxStandalone target not found
Native extension for AppleTV target not found
Native extension for iOS target not found
Native extension for Android target not found
Native extension for UWP target not found
Native extension for WindowsStandalone target not found
Failed to load: C:/Program Files/Unity/Hub/Editor/6000.3.6f1/Editor/Data/PlaybackEngines/VisionOSPlayer\x64\UnityEditor.VisionOS.Native.dll
Native extension for VisionOS target not found
Native extension for WebGL target not found
Assembly reference Packages/com.unity.cinemachine/Editor/Samples/ExposeHDRPInternals/HDRP-Editor-ref.asmref has no target assembly definition
Refreshing native plugins compatible for Editor in 6.38 ms, found 5 plugins.
[Package Manager] Failed to launch server process. Reason: Unity was launched with the -noUpm command-line argument
[Package Manager] Unable to send message (not connected to server process).
[Package Manager] Cannot connect to Unity Package Manager local server
[Package Manager] Failed to launch server process. Reason: Unity was launched with the -noUpm command-line argument
[Package Manager] Unable to send message (not connected to server process).
[Package Manager] Cannot connect to Unity Package Manager local server
[Licensing::Client] Error: Code 404 while processing request (status: Found 0 entitlement groups and 0 free entitlements matching requested entitlement ids)
[Licensing::Client] Error: Code 404 while processing request (status: Found 0 entitlement groups and 0 free entitlements matching requested entitlement ids)
[Licensing::Client] Error: Code 404 while processing request (status: Found 0 entitlement groups and 0 free entitlements matching requested entitlement ids)
ScheduleIndexationOnStartup MainProcess:False IndexOnStartup:True
Mono: successfully reloaded assembly
- Finished resetting the current domain, in  6.463 seconds
Domain Reload Profiling: 10029ms
	BeginReloadAssembly (770ms)
		ExecutionOrderSort (0ms)
		DisableScriptedObjects (102ms)
		BackupInstance (0ms)
		ReleaseScriptingObjects (1ms)
		CreateAndSetChildDomain (227ms)
	RebuildCommonClasses (94ms)
	RebuildNativeTypeToScriptingClass (39ms)
	initialDomainReloadingComplete (203ms)
	LoadAllAssembliesAndSetupDomain (2459ms)
		LoadAssemblies (1336ms)
		RebuildTransferFunctionScriptingTraits (0ms)
		AnalyzeDomain (1047ms)
			TypeCache.Refresh (19ms)
				TypeCache.ScanAssembly (0ms)
			BuildScriptInfoCaches (981ms)
			ResolveRequiredComponents (36ms)
	FinalizeReload (6464ms)
		ReleaseScriptCaches (0ms)
		RebuildScriptCaches (0ms)
		SetupLoadedEditorAssemblies (5874ms)
			LogAssemblyErrors (0ms)
			InitializePlatformSupportModulesInManaged (185ms)
			SetLoadedEditorAssemblies (22ms)
			BeforeProcessingInitializeOnLoad (681ms)
			ProcessInitializeOnLoadAttributes (2609ms)
			ProcessInitializeOnLoadMethodAttributes (2337ms)
			AfterProcessingInitializeOnLoad (39ms)
			EditorAssembliesLoaded (2ms)
		ExecutionOrderSort2 (0ms)
		AwakeInstancesAfterBackupRestoration (62ms)
Refreshing native plugins compatible for Editor in 8.06 ms, found 5 plugins.
Preloading 1 native plugins for Editor in 0.15 ms.
Unloading 60 Unused Serialized files (Serialized files now loaded: 0)
Unloading 11011 unused Assets / (19.9 MB). Loaded Objects now: 12116.
Memory consumption went from 245.0 MB to 225.1 MB.
Total: 62.904200 ms (FindLiveObjects: 3.790900 ms CreateObjectMapping: 4.183600 ms MarkObjects: 40.418600 ms  DeleteObjects: 14.508300 ms)

Prepare: number of updated asset objects reloaded= 0
========================================================================
Received Import Request.
  Time since last request: 446.390425 seconds.
  path: Assets/Prefabs/HousePanel/Cottage.prefab
  artifactKey: Guid(87ffb1fd079eae64a8ff2fece59537a0) Importer(815301076,1909f56bfc062723c751e8b465ee728b)
Start importing Assets/Prefabs/HousePanel/Cottage.prefab using Guid(87ffb1fd079eae64a8ff2fece59537a0) Importer(815301076,1909f56bfc062723c751e8b465ee728b) (PreviewImporter) -> (artifact id: '08e27032bc73e0f132528e5d53c09bec') in 1.2177872 seconds
Number of updated asset objects reloaded before import = 0Number of asset objects unloaded after import = 15

========================================================================
Received Import Request.
  Time since last request: 16.241054 seconds.
  path: Assets/Prefabs/HousePanel/Cottage.prefab
  artifactKey: Guid(87ffb1fd079eae64a8ff2fece59537a0) Importer(815301076,1909f56bfc062723c751e8b465ee728b)
Start importing Assets/Prefabs/HousePanel/Cottage.prefab using Guid(87ffb1fd079eae64a8ff2fece59537a0) Importer(815301076,1909f56bfc062723c751e8b465ee728b) (PreviewImporter) -> (artifact id: '1c536061c7a4b3e20608f7b5faa8a783') in 0.0339606 seconds
Number of updated asset objects reloaded before import = 0Number of asset objects unloaded after import = 15

========================================================================
Received Import Request.
  Time since last request: 2.392924 seconds.
  path: Assets/Prefabs/HousePanel/Lodge.prefab
  artifactKey: Guid(93aa613e5ca99a4499629aa5e8441213) Importer(815301076,1909f56bfc062723c751e8b465ee728b)
Start importing Assets/Prefabs/HousePanel/Lodge.prefab using Guid(93aa613e5ca99a4499629aa5e8441213) Importer(815301076,1909f56bfc062723c751e8b465ee728b) (PreviewImporter) -> (artifact id: 'd25abcfc5f62806922de5e83c997a3e4') in 1.0225024 seconds
Number of updated asset objects reloaded before import = 0Number of asset objects unloaded after import = 15

========================================================================
Received Import Request.
  Time since last request: 24.161369 seconds.
  path: Assets/Prefabs/HousePanel/Lodge.prefab
  artifactKey: Guid(93aa613e5ca99a4499629aa5e8441213) Importer(815301076,1909f56bfc062723c751e8b465ee728b)
Start importing Assets/Prefabs/HousePanel/Lodge.prefab using Guid(93aa613e5ca99a4499629aa5e8441213) Importer(815301076,1909f56bfc062723c751e8b465ee728b) (PreviewImporter) -> (artifact id: '6ff43a85a305aaf41fd961ad2ceb8e07') in 0.0328429 seconds
Number of updated asset objects reloaded before import = 0Number of asset objects unloaded after import = 15

========================================================================
Received Import Request.
  Time since last request: 2.429298 seconds.
  path: Assets/Prefabs/HousePanel/Lodge.prefab
  artifactKey: Guid(93aa613e5ca99a4499629aa5e8441213) Importer(815301076,1909f56bfc062723c751e8b465ee728b)
Start importing Assets/Prefabs/HousePanel/Lodge.prefab using Guid(93aa613e5ca99a4499629aa5e8441213) Importer(815301076,1909f56bfc062723c751e8b465ee728b) (PreviewImporter) -> (artifact id: 'dfbd584b31b557ef28632d72b87324ab') in 0.0350793 seconds
Number of updated asset objects reloaded before import = 0Number of asset objects unloaded after import = 15

========================================================================
Received Import Request.
  Time since last request: 3.514855 seconds.
  path: Assets/Prefabs/HousePanel/Cottage.prefab
  artifactKey: Guid(87ffb1fd079eae64a8ff2fece59537a0) Importer(815301076,1909f56bfc062723c751e8b465ee728b)
Start importing Assets/Prefabs/HousePanel/Cottage.prefab using Guid(87ffb1fd079eae64a8ff2fece59537a0) Importer(815301076,1909f56bfc062723c751e8b465ee728b) (PreviewImporter) -> (artifact id: '92caccf61b16c64d36a258c53cad4d2e') in 0.0340935 seconds
Number of updated asset objects reloaded before import = 0Number of asset objects unloaded after import = 15

========================================================================
Received Import Request.
  Time since last request: 4.789948 seconds.
  path: Assets/Prefabs/FacilityPanel/Gym.prefab
  artifactKey: Guid(f803a6a5771f1404fa0221cdc5d0ef57) Importer(815301076,1909f56bfc062723c751e8b465ee728b)
Start importing Assets/Prefabs/FacilityPanel/Gym.prefab using Guid(f803a6a5771f1404fa0221cdc5d0ef57) Importer(815301076,1909f56bfc062723c751e8b465ee728b) (PreviewImporter) -> (artifact id: '4fc38bdc5d6aa96f699cb0420b367197') in 0.0424335 seconds
Number of updated asset objects reloaded before import = 0Number of asset objects unloaded after import = 10

========================================================================
Received Import Request.
  Time since last request: 1.344040 seconds.
  path: Assets/Prefabs/FacilityPanel/icecreamParlor.prefab
  artifactKey: Guid(8d93f435904b9454b920492fec6fca5e) Importer(815301076,1909f56bfc062723c751e8b465ee728b)
Start importing Assets/Prefabs/FacilityPanel/icecreamParlor.prefab using Guid(8d93f435904b9454b920492fec6fca5e) Importer(815301076,1909f56bfc062723c751e8b465ee728b) (PreviewImporter) -> (artifact id: '0f3504cb5e96aad990da0d8ce7af1d79') in 0.0284534 seconds
Number of updated asset objects reloaded before import = 0Number of asset objects unloaded after import = 15

========================================================================
Received Import Request.
  Time since last request: 2.363089 seconds.
  path: Assets/Prefabs/FacilityPanel/Suana.prefab
  artifactKey: Guid(41b0d116a595b0643b9532bbfe0b537d) Importer(815301076,1909f56bfc062723c751e8b465ee728b)
Start importing Assets/Prefabs/FacilityPanel/Suana.prefab using Guid(41b0d116a595b0643b9532bbfe0b537d) Importer(815301076,1909f56bfc062723c751e8b465ee728b) (PreviewImporter) -> (artifact id: '08cb99449bc0682b5b273803a45fead8') in 0.0396016 seconds
Number of updated asset objects reloaded before import = 0Number of asset objects unloaded after import = 10

========================================================================
Received Import Request.
  Time since last request: 2.308700 seconds.
  path: Assets/Prefabs/FacilityPanel/Taco Stand.prefab
  artifactKey: Guid(4f671268cceacdf40904a855bf55af34) Importer(815301076,1909f56bfc062723c751e8b465ee728b)
Start importing Assets/Prefabs/FacilityPanel/Taco Stand.prefab using Guid(4f671268cceacdf40904a855bf55af34) Importer(815301076,1909f56bfc062723c751e8b465ee728b) (PreviewImporter) -> (artifact id: '2956b5ac07b7617ce7602bf57e8be93b') in 0.0392521 seconds
Number of updated asset objects reloaded before import = 0Number of asset objects unloaded after import = 10

========================================================================
Received Prepare
Assembly reference Packages/com.unity.cinemachine/Editor/Samples/ExposeHDRPInternals/HDRP-Editor-ref.asmref has no target assembly definition
Assembly reference Packages/com.unity.cinemachine/Editor/Samples/ExposeHDRPInternals/HDRP-Editor-ref.asmref has no target assembly definition
Begin MonoManager ReloadAssembly
[Licensing::Client] Successfully resolved entitlement details
Symbol file LoadedFromMemory is not a mono symbol file
Symbol file LoadedFromMemory is not a mono symbol file
- Loaded All Assemblies, in  3.032 seconds
Assembly reference Packages/com.unity.cinemachine/Editor/Samples/ExposeHDRPInternals/HDRP-Editor-ref.asmref has no target assembly definition
'Packages/com.unity.cinemachine/Editor/Obsolete/CinemachineVirtualCameraBaseEditor.cs' contains partial class of Unity.Object, exactly 1 of the partial classes needs to be in a file with the same filename. This is to know the one that can be referenced from ie. GameObjects
'Packages/com.unity.cinemachine/Editor/Editors/CinemachineVirtualCameraBaseEditor.cs' contains partial class of Unity.Object, exactly 1 of the partial classes needs to be in a file with the same filename. This is to know the one that can be referenced from ie. GameObjects
Refreshing native plugins compatible for Editor in 7.32 ms, found 5 plugins.
Native extension for LinuxStandalone target not found
Native extension for AppleTV target not found
Native extension for iOS target not found
Native extension for Android target not found
Native extension for UWP target not found
Native extension for WindowsStandalone target not found
Failed to load: C:/Program Files/Unity/Hub/Editor/6000.3.6f1/Editor/Data/PlaybackEngines/VisionOSPlayer\x64\UnityEditor.VisionOS.Native.dll
Native extension for VisionOS target not found
Native extension for WebGL target not found
Assembly reference Packages/com.unity.cinemachine/Editor/Samples/ExposeHDRPInternals/HDRP-Editor-ref.asmref has no target assembly definition
Refreshing native plugins compatible for Editor in 7.28 ms, found 5 plugins.
[Package Manager] Failed to launch server process. Reason: Unity was launched with the -noUpm command-line argument
[Package Manager] Unable to send message (not connected to server process).
[Package Manager] Cannot connect to Unity Package Manager local server
[Package Manager] Failed to launch server process. Reason: Unity was launched with the -noUpm command-line argument
[Package Manager] Unable to send message (not connected to server process).
[Package Manager] Cannot connect to Unity Package Manager local server
[Licensing::Client] Error: Code 404 while processing request (status: Found 0 entitlement groups and 0 free entitlements matching requested entitlement ids)
[Licensing::Client] Error: Code 404 while processing request (status: Found 0 entitlement groups and 0 free entitlements matching requested entitlement ids)
[Licensing::Client] Error: Code 404 while processing request (status: Found 0 entitlement groups and 0 free entitlements matching requested entitlement ids)
ScheduleIndexationOnStartup MainProcess:False IndexOnStartup:True
Mono: successfully reloaded assembly
- Finished resetting the current domain, in  5.810 seconds
Domain Reload Profiling: 8942ms
	BeginReloadAssembly (717ms)
		ExecutionOrderSort (0ms)
		DisableScriptedObjects (91ms)
		BackupInstance (0ms)
		ReleaseScriptingObjects (1ms)
		CreateAndSetChildDomain (195ms)
	RebuildCommonClasses (89ms)
	RebuildNativeTypeToScriptingClass (39ms)
	initialDomainReloadingComplete (165ms)
	LoadAllAssembliesAndSetupDomain (2121ms)
		LoadAssemblies (1297ms)
		RebuildTransferFunctionScriptingTraits (0ms)
		AnalyzeDomain (992ms)
			TypeCache.Refresh (20ms)
				TypeCache.ScanAssembly (0ms)
			BuildScriptInfoCaches (927ms)
			ResolveRequiredComponents (35ms)
	FinalizeReload (5811ms)
		ReleaseScriptCaches (0ms)
		RebuildScriptCaches (0ms)
		SetupLoadedEditorAssemblies (5296ms)
			LogAssemblyErrors (0ms)
			InitializePlatformSupportModulesInManaged (79ms)
			SetLoadedEditorAssemblies (32ms)
			BeforeProcessingInitializeOnLoad (692ms)
			ProcessInitializeOnLoadAttributes (2713ms)
			ProcessInitializeOnLoadMethodAttributes (1741ms)
			AfterProcessingInitializeOnLoad (38ms)
			EditorAssembliesLoaded (1ms)
		ExecutionOrderSort2 (0ms)
		AwakeInstancesAfterBackupRestoration (45ms)
Refreshing native plugins compatible for Editor in 7.02 ms, found 5 plugins.
Preloading 1 native plugins for Editor in 0.12 ms.
Unloading 60 Unused Serialized files (Serialized files now loaded: 0)
Unloading 11011 unused Assets / (19.6 MB). Loaded Objects now: 12139.
Memory consumption went from 245.1 MB to 225.4 MB.
Total: 56.181200 ms (FindLiveObjects: 2.046100 ms CreateObjectMapping: 2.748200 ms MarkObjects: 38.636900 ms  DeleteObjects: 12.746300 ms)

Prepare: number of updated asset objects reloaded= 0
========================================================================
Received Prepare
Assembly reference Packages/com.unity.cinemachine/Editor/Samples/ExposeHDRPInternals/HDRP-Editor-ref.asmref has no target assembly definition
Assembly reference Packages/com.unity.cinemachine/Editor/Samples/ExposeHDRPInternals/HDRP-Editor-ref.asmref has no target assembly definition
Begin MonoManager ReloadAssembly
[Licensing::Client] Successfully resolved entitlement details
Symbol file LoadedFromMemory is not a mono symbol file
Symbol file LoadedFromMemory is not a mono symbol file
- Loaded All Assemblies, in  4.007 seconds
Assembly reference Packages/com.unity.cinemachine/Editor/Samples/ExposeHDRPInternals/HDRP-Editor-ref.asmref has no target assembly definition
'Packages/com.unity.cinemachine/Editor/Obsolete/CinemachineVirtualCameraBaseEditor.cs' contains partial class of Unity.Object, exactly 1 of the partial classes needs to be in a file with the same filename. This is to know the one that can be referenced from ie. GameObjects
'Packages/com.unity.cinemachine/Editor/Editors/CinemachineVirtualCameraBaseEditor.cs' contains partial class of Unity.Object, exactly 1 of the partial classes needs to be in a file with the same filename. This is to know the one that can be referenced from ie. GameObjects
Refreshing native plugins compatible for Editor in 6.29 ms, found 5 plugins.
Native extension for LinuxStandalone target not found
Native extension for AppleTV target not found
Native extension for iOS target not found
Native extension for Android target not found
Native extension for UWP target not found
Native extension for WindowsStandalone target not found
Failed to load: C:/Program Files/Unity/Hub/Editor/6000.3.6f1/Editor/Data/PlaybackEngines/VisionOSPlayer\x64\UnityEditor.VisionOS.Native.dll
Native extension for VisionOS target not found
Native extension for WebGL target not found
Assembly reference Packages/com.unity.cinemachine/Editor/Samples/ExposeHDRPInternals/HDRP-Editor-ref.asmref has no target assembly definition
Refreshing native plugins compatible for Editor in 9.29 ms, found 5 plugins.
[Package Manager] Failed to launch server process. Reason: Unity was launched with the -noUpm command-line argument
[Package Manager] Unable to send message (not connected to server process).
[Package Manager] Cannot connect to Unity Package Manager local server
[Package Manager] Failed to launch server process. Reason: Unity was launched with the -noUpm command-line argument
[Package Manager] Unable to send message (not connected to server process).
[Package Manager] Cannot connect to Unity Package Manager local server
[Licensing::Client] Error: Code 404 while processing request (status: Found 0 entitlement groups and 0 free entitlements matching requested entitlement ids)
[Licensing::Client] Error: Code 404 while processing request (status: Found 0 entitlement groups and 0 free entitlements matching requested entitlement ids)
[Licensing::Client] Error: Code 404 while processing request (status: Found 0 entitlement groups and 0 free entitlements matching requested entitlement ids)
ScheduleIndexationOnStartup MainProcess:False IndexOnStartup:True
Mono: successfully reloaded assembly
- Finished resetting the current domain, in  6.276 seconds
Domain Reload Profiling: 10280ms
	BeginReloadAssembly (1696ms)
		ExecutionOrderSort (0ms)
		DisableScriptedObjects (55ms)
		BackupInstance (0ms)
		ReleaseScriptingObjects (1ms)
		CreateAndSetChildDomain (192ms)
	RebuildCommonClasses (99ms)
	RebuildNativeTypeToScriptingClass (29ms)
	initialDomainReloadingComplete (155ms)
	LoadAllAssembliesAndSetupDomain (2024ms)
		LoadAssemblies (2260ms)
		RebuildTransferFunctionScriptingTraits (0ms)
		AnalyzeDomain (1030ms)
			TypeCache.Refresh (30ms)
				TypeCache.ScanAssembly (2ms)
			BuildScriptInfoCaches (955ms)
			ResolveRequiredComponents (34ms)
	FinalizeReload (6277ms)
		ReleaseScriptCaches (0ms)
		RebuildScriptCaches (0ms)
		SetupLoadedEditorAssemblies (5731ms)
			LogAssemblyErrors (0ms)
			InitializePlatformSupportModulesInManaged (96ms)
			SetLoadedEditorAssemblies (24ms)
			BeforeProcessingInitializeOnLoad (689ms)
			ProcessInitializeOnLoadAttributes (2511ms)
			ProcessInitializeOnLoadMethodAttributes (2383ms)
			AfterProcessingInitializeOnLoad (27ms)
			EditorAssembliesLoaded (1ms)
		ExecutionOrderSort2 (0ms)
		AwakeInstancesAfterBackupRestoration (45ms)
Refreshing native plugins compatible for Editor in 7.47 ms, found 5 plugins.
Preloading 1 native plugins for Editor in 0.13 ms.
Unloading 60 Unused Serialized files (Serialized files now loaded: 0)
Unloading 11011 unused Assets / (20.9 MB). Loaded Objects now: 12142.
Memory consumption went from 245.0 MB to 224.1 MB.
Total: 53.092200 ms (FindLiveObjects: 2.180000 ms CreateObjectMapping: 2.558600 ms MarkObjects: 35.917300 ms  DeleteObjects: 12.432900 ms)

Prepare: number of updated asset objects reloaded= 0
========================================================================
Received Prepare
Assembly reference Packages/com.unity.cinemachine/Editor/Samples/ExposeHDRPInternals/HDRP-Editor-ref.asmref has no target assembly definition
Assembly reference Packages/com.unity.cinemachine/Editor/Samples/ExposeHDRPInternals/HDRP-Editor-ref.asmref has no target assembly definition
Begin MonoManager ReloadAssembly
Symbol file LoadedFromMemory is not a mono symbol file
Symbol file LoadedFromMemory is not a mono symbol file
- Loaded All Assemblies, in  2.989 seconds
Assembly reference Packages/com.unity.cinemachine/Editor/Samples/ExposeHDRPInternals/HDRP-Editor-ref.asmref has no target assembly definition
'Packages/com.unity.cinemachine/Editor/Obsolete/CinemachineVirtualCameraBaseEditor.cs' contains partial class of Unity.Object, exactly 1 of the partial classes needs to be in a file with the same filename. This is to know the one that can be referenced from ie. GameObjects
'Packages/com.unity.cinemachine/Editor/Editors/CinemachineVirtualCameraBaseEditor.cs' contains partial class of Unity.Object, exactly 1 of the partial classes needs to be in a file with the same filename. This is to know the one that can be referenced from ie. GameObjects
Refreshing native plugins compatible for Editor in 8.35 ms, found 5 plugins.
Native extension for LinuxStandalone target not found
Native extension for AppleTV target not found
Native extension for iOS target not found
Native extension for Android target not found
Native extension for UWP target not found
Native extension for WindowsStandalone target not found
Failed to load: C:/Program Files/Unity/Hub/Editor/6000.3.6f1/Editor/Data/PlaybackEngines/VisionOSPlayer\x64\UnityEditor.VisionOS.Native.dll
Native extension for VisionOS target not found
Native extension for WebGL target not found
Assembly reference Packages/com.unity.cinemachine/Editor/Samples/ExposeHDRPInternals/HDRP-Editor-ref.asmref has no target assembly definition
Refreshing native plugins compatible for Editor in 7.80 ms, found 5 plugins.
[Package Manager] Failed to launch server process. Reason: Unity was launched with the -noUpm command-line argument
[Package Manager] Unable to send message (not connected to server process).
[Package Manager] Cannot connect to Unity Package Manager local server
[Package Manager] Failed to launch server process. Reason: Unity was launched with the -noUpm command-line argument
[Package Manager] Unable to send message (not connected to server process).
[Package Manager] Cannot connect to Unity Package Manager local server
[Licensing::Client] Error: Code 404 while processing request (status: Found 0 entitlement groups and 0 free entitlements matching requested entitlement ids)
[Licensing::Client] Error: Code 404 while processing request (status: Found 0 entitlement groups and 0 free entitlements matching requested entitlement ids)
[Licensing::Client] Error: Code 404 while processing request (status: Found 0 entitlement groups and 0 free entitlements matching requested entitlement ids)
ScheduleIndexationOnStartup MainProcess:False IndexOnStartup:True
Mono: successfully reloaded assembly
- Finished resetting the current domain, in  5.515 seconds
Domain Reload Profiling: 8497ms
	BeginReloadAssembly (664ms)
		ExecutionOrderSort (0ms)
		DisableScriptedObjects (39ms)
		BackupInstance (0ms)
		ReleaseScriptingObjects (1ms)
		CreateAndSetChildDomain (196ms)
	RebuildCommonClasses (99ms)
	RebuildNativeTypeToScriptingClass (45ms)
	initialDomainReloadingComplete (158ms)
	LoadAllAssembliesAndSetupDomain (2015ms)
		LoadAssemblies (1270ms)
		RebuildTransferFunctionScriptingTraits (0ms)
		AnalyzeDomain (1037ms)
			TypeCache.Refresh (19ms)
				TypeCache.ScanAssembly (0ms)
			BuildScriptInfoCaches (967ms)
			ResolveRequiredComponents (38ms)
	FinalizeReload (5516ms)
		ReleaseScriptCaches (0ms)
		RebuildScriptCaches (0ms)
		SetupLoadedEditorAssemblies (4963ms)
			LogAssemblyErrors (0ms)
			InitializePlatformSupportModulesInManaged (514ms)
			SetLoadedEditorAssemblies (24ms)
			BeforeProcessingInitializeOnLoad (619ms)
			ProcessInitializeOnLoadAttributes (2665ms)
			ProcessInitializeOnLoadMethodAttributes (1108ms)
			AfterProcessingInitializeOnLoad (31ms)
			EditorAssembliesLoaded (1ms)
		ExecutionOrderSort2 (0ms)
		AwakeInstancesAfterBackupRestoration (45ms)
Refreshing native plugins compatible for Editor in 7.52 ms, found 5 plugins.
Preloading 1 native plugins for Editor in 0.12 ms.
Unloading 60 Unused Serialized files (Serialized files now loaded: 0)
Unloading 11011 unused Assets / (20.1 MB). Loaded Objects now: 12145.
Memory consumption went from 245.0 MB to 224.9 MB.
Total: 60.497700 ms (FindLiveObjects: 2.631800 ms CreateObjectMapping: 4.075500 ms MarkObjects: 41.405500 ms  DeleteObjects: 12.381700 ms)

Prepare: number of updated asset objects reloaded= 0
========================================================================
Received Import Request.
  Time since last request: 1235.153275 seconds.
  path: Assets/Prefabs/FacilityPanel/Gym.prefab
  artifactKey: Guid(f803a6a5771f1404fa0221cdc5d0ef57) Importer(815301076,1909f56bfc062723c751e8b465ee728b)
Start importing Assets/Prefabs/FacilityPanel/Gym.prefab using Guid(f803a6a5771f1404fa0221cdc5d0ef57) Importer(815301076,1909f56bfc062723c751e8b465ee728b) (PreviewImporter) -> (artifact id: 'a88e11c71f258178fbab39551d7e3fe4') in 1.2512694 seconds
Number of updated asset objects reloaded before import = 0Number of asset objects unloaded after import = 10

========================================================================
Received Import Request.
  Time since last request: 5.781325 seconds.
  path: Assets/Prefabs/FacilityPanel/icecreamParlor.prefab
  artifactKey: Guid(8d93f435904b9454b920492fec6fca5e) Importer(815301076,1909f56bfc062723c751e8b465ee728b)
Start importing Assets/Prefabs/FacilityPanel/icecreamParlor.prefab using Guid(8d93f435904b9454b920492fec6fca5e) Importer(815301076,1909f56bfc062723c751e8b465ee728b) (PreviewImporter) -> (artifact id: '9728a5b19bfc6bad0cf7716e31a5a52c') in 0.0403736 seconds
Number of updated asset objects reloaded before import = 0Number of asset objects unloaded after import = 15

========================================================================
Received Import Request.
  Time since last request: 7.049502 seconds.
  path: Assets/Prefabs/FacilityPanel/Suana.prefab
  artifactKey: Guid(41b0d116a595b0643b9532bbfe0b537d) Importer(815301076,1909f56bfc062723c751e8b465ee728b)
Start importing Assets/Prefabs/FacilityPanel/Suana.prefab using Guid(41b0d116a595b0643b9532bbfe0b537d) Importer(815301076,1909f56bfc062723c751e8b465ee728b) (PreviewImporter) -> (artifact id: '5785093d932b3e98e9d5bc80a78be627') in 0.9998689 seconds
Number of updated asset objects reloaded before import = 0Number of asset objects unloaded after import = 10

========================================================================
Received Import Request.
  Time since last request: 3.821621 seconds.
  path: Assets/Prefabs/FacilityPanel/Taco Stand.prefab
  artifactKey: Guid(4f671268cceacdf40904a855bf55af34) Importer(815301076,1909f56bfc062723c751e8b465ee728b)
Start importing Assets/Prefabs/FacilityPanel/Taco Stand.prefab using Guid(4f671268cceacdf40904a855bf55af34) Importer(815301076,1909f56bfc062723c751e8b465ee728b) (PreviewImporter) -> (artifact id: '2cb9eb04e984ff1623b0fa04c01b28d1') in 0.0344057 seconds
Number of updated asset objects reloaded before import = 0Number of asset objects unloaded after import = 10

========================================================================
Received Import Request.
  Time since last request: 7.422344 seconds.
  path: Assets/Prefabs/FacilityPanel/Gym.prefab
  artifactKey: Guid(f803a6a5771f1404fa0221cdc5d0ef57) Importer(815301076,1909f56bfc062723c751e8b465ee728b)
Start importing Assets/Prefabs/FacilityPanel/Gym.prefab using Guid(f803a6a5771f1404fa0221cdc5d0ef57) Importer(815301076,1909f56bfc062723c751e8b465ee728b) (PreviewImporter) -> (artifact id: 'c3f8b98f80de26e633502867e29503bc') in 0.0297094 seconds
Number of updated asset objects reloaded before import = 0Number of asset objects unloaded after import = 10

========================================================================
Received Import Request.
  Time since last request: 3.489973 seconds.
  path: Assets/Prefabs/FacilityPanel/Suana.prefab
  artifactKey: Guid(41b0d116a595b0643b9532bbfe0b537d) Importer(815301076,1909f56bfc062723c751e8b465ee728b)
Start importing Assets/Prefabs/FacilityPanel/Suana.prefab using Guid(41b0d116a595b0643b9532bbfe0b537d) Importer(815301076,1909f56bfc062723c751e8b465ee728b) (PreviewImporter) -> (artifact id: 'f604f1540a011ff9572e30da78a13b8b') in 0.0461493 seconds
Number of updated asset objects reloaded before import = 0Number of asset objects unloaded after import = 10

========================================================================
Received Prepare
Assembly reference Packages/com.unity.cinemachine/Editor/Samples/ExposeHDRPInternals/HDRP-Editor-ref.asmref has no target assembly definition
Assembly reference Packages/com.unity.cinemachine/Editor/Samples/ExposeHDRPInternals/HDRP-Editor-ref.asmref has no target assembly definition
Begin MonoManager ReloadAssembly
[Licensing::Client] Successfully resolved entitlement details
Symbol file LoadedFromMemory is not a mono symbol file
Symbol file LoadedFromMemory is not a mono symbol file
- Loaded All Assemblies, in  3.126 seconds
Assembly reference Packages/com.unity.cinemachine/Editor/Samples/ExposeHDRPInternals/HDRP-Editor-ref.asmref has no target assembly definition
'Packages/com.unity.cinemachine/Editor/Obsolete/CinemachineVirtualCameraBaseEditor.cs' contains partial class of Unity.Object, exactly 1 of the partial classes needs to be in a file with the same filename. This is to know the one that can be referenced from ie. GameObjects
'Packages/com.unity.cinemachine/Editor/Editors/CinemachineVirtualCameraBaseEditor.cs' contains partial class of Unity.Object, exactly 1 of the partial classes needs to be in a file with the same filename. This is to know the one that can be referenced from ie. GameObjects
Refreshing native plugins compatible for Editor in 11.89 ms, found 5 plugins.
Native extension for LinuxStandalone target not found
Native extension for AppleTV target not found
Native extension for iOS target not found
Native extension for Android target not found
Native extension for UWP target not found
Native extension for WindowsStandalone target not found
Failed to load: C:/Program Files/Unity/Hub/Editor/6000.3.6f1/Editor/Data/PlaybackEngines/VisionOSPlayer\x64\UnityEditor.VisionOS.Native.dll
Native extension for VisionOS target not found
Native extension for WebGL target not found
Assembly reference Packages/com.unity.cinemachine/Editor/Samples/ExposeHDRPInternals/HDRP-Editor-ref.asmref has no target assembly definition
Refreshing native plugins compatible for Editor in 7.40 ms, found 5 plugins.
[Package Manager] Failed to launch server process. Reason: Unity was launched with the -noUpm command-line argument
[Package Manager] Unable to send message (not connected to server process).
[Package Manager] Cannot connect to Unity Package Manager local server
[Package Manager] Failed to launch server process. Reason: Unity was launched with the -noUpm command-line argument
[Package Manager] Unable to send message (not connected to server process).
[Package Manager] Cannot connect to Unity Package Manager local server
[Licensing::Client] Error: Code 404 while processing request (status: Found 0 entitlement groups and 0 free entitlements matching requested entitlement ids)
[Licensing::Client] Error: Code 404 while processing request (status: Found 0 entitlement groups and 0 free entitlements matching requested entitlement ids)
[Licensing::Client] Error: Code 404 while processing request (status: Found 0 entitlement groups and 0 free entitlements matching requested entitlement ids)
ScheduleIndexationOnStartup MainProcess:False IndexOnStartup:True
Mono: successfully reloaded assembly
- Finished resetting the current domain, in  6.317 seconds
Domain Reload Profiling: 9602ms
	BeginReloadAssembly (719ms)
		ExecutionOrderSort (0ms)
		DisableScriptedObjects (81ms)
		BackupInstance (0ms)
		ReleaseScriptingObjects (1ms)
		CreateAndSetChildDomain (210ms)
	RebuildCommonClasses (93ms)
	RebuildNativeTypeToScriptingClass (45ms)
	initialDomainReloadingComplete (181ms)
	LoadAllAssembliesAndSetupDomain (2247ms)
		LoadAssemblies (1288ms)
		RebuildTransferFunctionScriptingTraits (0ms)
		AnalyzeDomain (1081ms)
			TypeCache.Refresh (21ms)
				TypeCache.ScanAssembly (0ms)
			BuildScriptInfoCaches (1007ms)
			ResolveRequiredComponents (38ms)
	FinalizeReload (6318ms)
		ReleaseScriptCaches (0ms)
		RebuildScriptCaches (0ms)
		SetupLoadedEditorAssemblies (4798ms)
			LogAssemblyErrors (0ms)
			InitializePlatformSupportModulesInManaged (84ms)
			SetLoadedEditorAssemblies (24ms)
			BeforeProcessingInitializeOnLoad (753ms)
			ProcessInitializeOnLoadAttributes (2787ms)
			ProcessInitializeOnLoadMethodAttributes (1114ms)
			AfterProcessingInitializeOnLoad (35ms)
			EditorAssembliesLoaded (2ms)
		ExecutionOrderSort2 (0ms)
		AwakeInstancesAfterBackupRestoration (51ms)
Refreshing native plugins compatible for Editor in 6.53 ms, found 5 plugins.
Preloading 1 native plugins for Editor in 0.11 ms.
Unloading 60 Unused Serialized files (Serialized files now loaded: 0)
Unloading 11011 unused Assets / (19.9 MB). Loaded Objects now: 12168.
Memory consumption went from 245.2 MB to 225.3 MB.
Total: 51.286200 ms (FindLiveObjects: 2.172000 ms CreateObjectMapping: 2.725400 ms MarkObjects: 37.011600 ms  DeleteObjects: 9.375200 ms)

Prepare: number of updated asset objects reloaded= 0
========================================================================
Received Import Request.
  Time since last request: 398.864128 seconds.
  path: Assets/Scripts/ShopItemData.cs
  artifactKey: Guid(e795be7153bcc314c9c895874310fdb9) Importer(2089858483,b0f066a214c2f5e87bad3c948f4d605d)
Start importing Assets/Scripts/ShopItemData.cs using Guid(e795be7153bcc314c9c895874310fdb9) Importer(2089858483,b0f066a214c2f5e87bad3c948f4d605d) (ScriptedImporter) -> (artifact id: '5dc461c5a208abd3e9e42599d7a92e9c') in 0.6852698 seconds
Number of updated asset objects reloaded before import = 0Number of asset objects unloaded after import = 0

========================================================================
Received Import Request.
  Time since last request: 0.000046 seconds.
  path: Assets/Scripts/FacilityRegistry.cs
  artifactKey: Guid(fee43e01ee0a3e345a3a941e10c18e58) Importer(2089858483,b0f066a214c2f5e87bad3c948f4d605d)
Start importing Assets/Scripts/FacilityRegistry.cs using Guid(fee43e01ee0a3e345a3a941e10c18e58) Importer(2089858483,b0f066a214c2f5e87bad3c948f4d605d) (ScriptedImporter) -> (artifact id: '492a80dd267f32990a4dfea54deb995f') in 0.0262883 seconds
Number of updated asset objects reloaded before import = 0Number of asset objects unloaded after import = 0

========================================================================
Received Import Request.
  Time since last request: 0.000064 seconds.
  path: Assets/Scripts/GuestBrain.cs
  artifactKey: Guid(6d378c3c28338974dacf6c6d6c8dd4b4) Importer(2089858483,b0f066a214c2f5e87bad3c948f4d605d)
Start importing Assets/Scripts/GuestBrain.cs using Guid(6d378c3c28338974dacf6c6d6c8dd4b4) Importer(2089858483,b0f066a214c2f5e87bad3c948f4d605d) (ScriptedImporter) -> (artifact id: '5ce43fa76d5731ae406cf2752df77822') in 0.0297916 seconds
Number of updated asset objects reloaded before import = 0Number of asset objects unloaded after import = 0

========================================================================
Received Import Request.
  Time since last request: 0.000040 seconds.
  path: Assets/Prefabs/FacilityPanel/icecreamParlor.prefab
  artifactKey: Guid(8d93f435904b9454b920492fec6fca5e) Importer(2089858483,b0f066a214c2f5e87bad3c948f4d605d)
Start importing Assets/Prefabs/FacilityPanel/icecreamParlor.prefab using Guid(8d93f435904b9454b920492fec6fca5e) Importer(2089858483,b0f066a214c2f5e87bad3c948f4d605d) (ScriptedImporter) -> (artifact id: '968bda23ace34e71a6ad6753c565e2ae') in 0.2087224 seconds
Number of updated asset objects reloaded before import = 0Number of asset objects unloaded after import = 15

========================================================================
Received Import Request.
  Time since last request: 0.000051 seconds.
  path: Assets/Prefabs/Customers/Mr. Smith/Mr. Smith.prefab
  artifactKey: Guid(0eaf664c02473764c93dd4aa7966df75) Importer(2089858483,b0f066a214c2f5e87bad3c948f4d605d)
Start importing Assets/Prefabs/Customers/Mr. Smith/Mr. Smith.prefab using Guid(0eaf664c02473764c93dd4aa7966df75) Importer(2089858483,b0f066a214c2f5e87bad3c948f4d605d) (ScriptedImporter) -> (artifact id: 'a81b2ea41ef877359f15dd8c7704cb5b') in 0.0380223 seconds
Number of updated asset objects reloaded before import = 0Number of asset objects unloaded after import = 9

========================================================================
Received Import Request.
  Time since last request: 0.000127 seconds.
  path: Assets/Scripts/Facility.cs
  artifactKey: Guid(c80dfdca6c8881346a2c8c657e53212b) Importer(2089858483,b0f066a214c2f5e87bad3c948f4d605d)
Start importing Assets/Scripts/Facility.cs using Guid(c80dfdca6c8881346a2c8c657e53212b) Importer(2089858483,b0f066a214c2f5e87bad3c948f4d605d) (ScriptedImporter) -> (artifact id: 'fe4286b54be5da9b7c5941f570a57fd8') in 0.0268909 seconds
Number of updated asset objects reloaded before import = 0Number of asset objects unloaded after import = 0

========================================================================
Received Import Request.
  Time since last request: 0.000042 seconds.
  path: Assets/Prefabs/HousePanel/Cottage.prefab
  artifactKey: Guid(87ffb1fd079eae64a8ff2fece59537a0) Importer(2089858483,b0f066a214c2f5e87bad3c948f4d605d)
Start importing Assets/Prefabs/HousePanel/Cottage.prefab using Guid(87ffb1fd079eae64a8ff2fece59537a0) Importer(2089858483,b0f066a214c2f5e87bad3c948f4d605d) (ScriptedImporter) -> (artifact id: 'bbf7a06adc93aec82f3e081fdd52ea5f') in 0.0524881 seconds
Number of updated asset objects reloaded before import = 0Number of asset objects unloaded after import = 15

========================================================================
Received Import Request.
  Time since last request: 0.000039 seconds.
  path: Assets/Scripts/CustomerMovement.cs
  artifactKey: Guid(9138f62b3afeb89449efdd53308cb79b) Importer(2089858483,b0f066a214c2f5e87bad3c948f4d605d)
Start importing Assets/Scripts/CustomerMovement.cs using Guid(9138f62b3afeb89449efdd53308cb79b) Importer(2089858483,b0f066a214c2f5e87bad3c948f4d605d) (ScriptedImporter) -> (artifact id: '551e233e743a1700e7a558e73317c880') in 0.0292476 seconds
Number of updated asset objects reloaded before import = 0Number of asset objects unloaded after import = 0

========================================================================
Received Import Request.
  Time since last request: 38.736840 seconds.
  path: Assets/Prefabs/Customers/Mr. Smith/Mr. Smith.prefab
  artifactKey: Guid(0eaf664c02473764c93dd4aa7966df75) Importer(815301076,1909f56bfc062723c751e8b465ee728b)
Start importing Assets/Prefabs/Customers/Mr. Smith/Mr. Smith.prefab using Guid(0eaf664c02473764c93dd4aa7966df75) Importer(815301076,1909f56bfc062723c751e8b465ee728b) (PreviewImporter) -> (artifact id: 'd26447086aad955625d4cdcb041e2358') in 1.0842584 seconds
Number of updated asset objects reloaded before import = 0Number of asset objects unloaded after import = 10

========================================================================
Received Import Request.
  Time since last request: 12.749047 seconds.
  path: Assets/Prefabs/Customers/Mr. Smith/Mr. Smith.prefab
  artifactKey: Guid(0eaf664c02473764c93dd4aa7966df75) Importer(815301076,1909f56bfc062723c751e8b465ee728b)
Start importing Assets/Prefabs/Customers/Mr. Smith/Mr. Smith.prefab using Guid(0eaf664c02473764c93dd4aa7966df75) Importer(815301076,1909f56bfc062723c751e8b465ee728b) (PreviewImporter) -> (artifact id: 'ac5f765ccd01519793e40ad6686e9b70') in 0.02166 seconds
Number of updated asset objects reloaded before import = 0Number of asset objects unloaded after import = 9

========================================================================
Received Import Request.
  Time since last request: 14.114146 seconds.
  path: Assets/Prefabs/Customers/Mr. Smith/Mr. Smith.prefab
  artifactKey: Guid(0eaf664c02473764c93dd4aa7966df75) Importer(815301076,1909f56bfc062723c751e8b465ee728b)
Start importing Assets/Prefabs/Customers/Mr. Smith/Mr. Smith.prefab using Guid(0eaf664c02473764c93dd4aa7966df75) Importer(815301076,1909f56bfc062723c751e8b465ee728b) (PreviewImporter) -> (artifact id: '0a33070e55f3d3320b4da9210c1b8c53') in 0.0184578 seconds
Number of updated asset objects reloaded before import = 0Number of asset objects unloaded after import = 10

========================================================================
Received Import Request.
  Time since last request: 21.541220 seconds.
  path: Assets/Animations/Mr. Smith.controller
  artifactKey: Guid(2c232b69a7c23004a90010789bf2dfff) Importer(815301076,1909f56bfc062723c751e8b465ee728b)
Start importing Assets/Animations/Mr. Smith.controller using Guid(2c232b69a7c23004a90010789bf2dfff) Importer(815301076,1909f56bfc062723c751e8b465ee728b) (PreviewImporter) -> (artifact id: '8a114efc45d02bc9cbb6f9c6f4b427b1') in 0.0038393 seconds
Number of updated asset objects reloaded before import = 0Number of asset objects unloaded after import = 1

========================================================================
Received Import Request.
  Time since last request: 0.709036 seconds.
  path: Assets/Animations/Mr. Smith.controller
  artifactKey: Guid(2c232b69a7c23004a90010789bf2dfff) Importer(2089858483,b0f066a214c2f5e87bad3c948f4d605d)
Start importing Assets/Animations/Mr. Smith.controller using Guid(2c232b69a7c23004a90010789bf2dfff) Importer(2089858483,b0f066a214c2f5e87bad3c948f4d605d) (ScriptedImporter) -> (artifact id: 'fa702b5d3f147a8ce678957b8ba940ef') in 0.0285534 seconds
Number of updated asset objects reloaded before import = 0Number of asset objects unloaded after import = 1

========================================================================
Received Import Request.
  Time since last request: 22.203540 seconds.
  path: Assets/Animations/Mr.Smith Walking.anim
  artifactKey: Guid(657c7eb9824898c47bf8e847ab96cd5b) Importer(2089858483,b0f066a214c2f5e87bad3c948f4d605d)
Start importing Assets/Animations/Mr.Smith Walking.anim using Guid(657c7eb9824898c47bf8e847ab96cd5b) Importer(2089858483,b0f066a214c2f5e87bad3c948f4d605d) (ScriptedImporter) -> (artifact id: '531472d9e7832126e36fb92d715129f9') in 0.0581641 seconds
Number of updated asset objects reloaded before import = 0Number of asset objects unloaded after import = 1

========================================================================
Received Import Request.
  Time since last request: 12.701008 seconds.
  path: Assets/Prefabs/Customers/Mr. Smith/Animations
  artifactKey: Guid(77da1b467dba222419fb8f81896d480b) Importer(815301076,1909f56bfc062723c751e8b465ee728b)
Start importing Assets/Prefabs/Customers/Mr. Smith/Animations using Guid(77da1b467dba222419fb8f81896d480b) Importer(815301076,1909f56bfc062723c751e8b465ee728b) (PreviewImporter) -> (artifact id: 'c806e97ec917eaff7412ce08e017be04') in 0.0010702 seconds
Number of updated asset objects reloaded before import = 0Number of asset objects unloaded after import = 0

========================================================================
Received Import Request.
  Time since last request: 9.837097 seconds.
  path: Assets/Prefabs/Customers/Mr. Smith/Animations/Mr. Smith.controller
  artifactKey: Guid(2c232b69a7c23004a90010789bf2dfff) Importer(2089858483,b0f066a214c2f5e87bad3c948f4d605d)
Start importing Assets/Prefabs/Customers/Mr. Smith/Animations/Mr. Smith.controller using Guid(2c232b69a7c23004a90010789bf2dfff) Importer(2089858483,b0f066a214c2f5e87bad3c948f4d605d) (ScriptedImporter) -> (artifact id: 'e2512d9044d73115e97cc83466f3fbfe') in 0.1138011 seconds
Number of updated asset objects reloaded before import = 0Number of asset objects unloaded after import = 2

========================================================================
Received Import Request.
  Time since last request: 2.339972 seconds.
  path: Assets/Prefabs/Customers/Mr. Smith/Animations/Mr.Smith Walking.anim
  artifactKey: Guid(657c7eb9824898c47bf8e847ab96cd5b) Importer(2089858483,b0f066a214c2f5e87bad3c948f4d605d)
Start importing Assets/Prefabs/Customers/Mr. Smith/Animations/Mr.Smith Walking.anim using Guid(657c7eb9824898c47bf8e847ab96cd5b) Importer(2089858483,b0f066a214c2f5e87bad3c948f4d605d) (ScriptedImporter) -> (artifact id: 'b0c45af4ca8971ae75d7ae2c197e29f1') in 0.0262059 seconds
Number of updated asset objects reloaded before import = 0Number of asset objects unloaded after import = 1

========================================================================
Received Import Request.
  Time since last request: 39.628877 seconds.
  path: Assets/Prefabs/Customers/Mr. Smith/Animations/Mr. Smith.controller
  artifactKey: Guid(2c232b69a7c23004a90010789bf2dfff) Importer(815301076,1909f56bfc062723c751e8b465ee728b)
Start importing Assets/Prefabs/Customers/Mr. Smith/Animations/Mr. Smith.controller using Guid(2c232b69a7c23004a90010789bf2dfff) Importer(815301076,1909f56bfc062723c751e8b465ee728b) (PreviewImporter) -> (artifact id: '641d2bda5acbf34c4cf094b8a15a0e1e') in 0.0026975 seconds
Number of updated asset objects reloaded before import = 0Number of asset objects unloaded after import = 2

========================================================================
Received Import Request.
  Time since last request: 96.139075 seconds.
  path: Assets/Prefabs/Customers/Mr. Smith/11.png
  artifactKey: Guid(a99fd8a63cf18b04695d0a7b2fe2e65e) Importer(2089858483,b0f066a214c2f5e87bad3c948f4d605d)
Start importing Assets/Prefabs/Customers/Mr. Smith/11.png using Guid(a99fd8a63cf18b04695d0a7b2fe2e65e) Importer(2089858483,b0f066a214c2f5e87bad3c948f4d605d) (ScriptedImporter)[Licensing::Client] Successfully resolved entitlement details
[Licensing::Client] Successfully resolved entitlement details
[Licensing::Client] Successfully resolved entitlement details
 -> (artifact id: 'd687009d27aaff0cc974c29d598c5aae') in 0.131699 seconds
Number of updated asset objects reloaded before import = 0Number of asset objects unloaded after import = 3

========================================================================
Received Import Request.
  Time since last request: 0.000064 seconds.
  path: Assets/Prefabs/Customers/Mr. Smith/1.png
  artifactKey: Guid(2f01c5576279979409b709aef86b0178) Importer(2089858483,b0f066a214c2f5e87bad3c948f4d605d)
Start importing Assets/Prefabs/Customers/Mr. Smith/1.png using Guid(2f01c5576279979409b709aef86b0178) Importer(2089858483,b0f066a214c2f5e87bad3c948f4d605d) (ScriptedImporter) -> (artifact id: '84d0fdbd245188d5362437b4e3c85840') in 0.0384555 seconds
Number of updated asset objects reloaded before import = 0Number of asset objects unloaded after import = 3

========================================================================
Received Import Request.
  Time since last request: 35.617076 seconds.
  path: Assets/Prefabs/Customers/Mr. Smith/2.png
  artifactKey: Guid(61a1bfc36dac7f745ba728e6b9347df5) Importer(2089858483,b0f066a214c2f5e87bad3c948f4d605d)
Start importing Assets/Prefabs/Customers/Mr. Smith/2.png using Guid(61a1bfc36dac7f745ba728e6b9347df5) Importer(2089858483,b0f066a214c2f5e87bad3c948f4d605d) (ScriptedImporter) -> (artifact id: '7b50baa8e503e58bb24cecd2ebf90835') in 0.0718236 seconds
Number of updated asset objects reloaded before import = 0Number of asset objects unloaded after import = 3

========================================================================
Received Import Request.
  Time since last request: 0.000058 seconds.
  path: Assets/Prefabs/Customers/Mr. Smith/7.png
  artifactKey: Guid(0608494ef0ce4eb429f34fff3268ce08) Importer(2089858483,b0f066a214c2f5e87bad3c948f4d605d)
Start importing Assets/Prefabs/Customers/Mr. Smith/7.png using Guid(0608494ef0ce4eb429f34fff3268ce08) Importer(2089858483,b0f066a214c2f5e87bad3c948f4d605d) (ScriptedImporter) -> (artifact id: '4877c642815c74d0fdabd322f127166a') in 1.0654366 seconds
Number of updated asset objects reloaded before import = 0Number of asset objects unloaded after import = 3

========================================================================
Received Import Request.
  Time since last request: 0.000070 seconds.
  path: Assets/Prefabs/Customers/Mr. Smith/4.png
  artifactKey: Guid(6e95458aef7a8d747a402c9b3d73ec82) Importer(2089858483,b0f066a214c2f5e87bad3c948f4d605d)
Start importing Assets/Prefabs/Customers/Mr. Smith/4.png using Guid(6e95458aef7a8d747a402c9b3d73ec82) Importer(2089858483,b0f066a214c2f5e87bad3c948f4d605d) (ScriptedImporter) -> (artifact id: '3b4a0e6604338b2ca7d1b6d70daa4a2c') in 1.0238086 seconds
Number of updated asset objects reloaded before import = 0Number of asset objects unloaded after import = 3

========================================================================
Received Import Request.
  Time since last request: 0.000039 seconds.
  path: Assets/Prefabs/Customers/Mr. Smith/5.png
  artifactKey: Guid(23affb34855fe16488dde1ce00920d37) Importer(2089858483,b0f066a214c2f5e87bad3c948f4d605d)
Start importing Assets/Prefabs/Customers/Mr. Smith/5.png using Guid(23affb34855fe16488dde1ce00920d37) Importer(2089858483,b0f066a214c2f5e87bad3c948f4d605d) (ScriptedImporter) -> (artifact id: 'a384d4936c4d99793118567a60959dcf') in 0.0393683 seconds
Number of updated asset objects reloaded before import = 0Number of asset objects unloaded after import = 3

========================================================================
Received Import Request.
  Time since last request: 25.922699 seconds.
  path: Assets/Prefabs/Customers/Mr. Smith/Mr. Smith.prefab
  artifactKey: Guid(0eaf664c02473764c93dd4aa7966df75) Importer(815301076,1909f56bfc062723c751e8b465ee728b)
Start importing Assets/Prefabs/Customers/Mr. Smith/Mr. Smith.prefab using Guid(0eaf664c02473764c93dd4aa7966df75) Importer(815301076,1909f56bfc062723c751e8b465ee728b) (PreviewImporter) -> (artifact id: 'db7f24445a1388caca268dcd187b3c5d') in 1.0112208 seconds
Number of updated asset objects reloaded before import = 0Number of asset objects unloaded after import = 12

========================================================================
Received Import Request.
  Time since last request: 139.867003 seconds.
  path: Assets/Prefabs/Customers/Mr. Smith/Animations/Mr Smith.controller
  artifactKey: Guid(2c232b69a7c23004a90010789bf2dfff) Importer(815301076,1909f56bfc062723c751e8b465ee728b)
Start importing Assets/Prefabs/Customers/Mr. Smith/Animations/Mr Smith.controller using Guid(2c232b69a7c23004a90010789bf2dfff) Importer(815301076,1909f56bfc062723c751e8b465ee728b) (PreviewImporter) -> (artifact id: '3528429a84ce5779eca21f7de7b76e21') in 0.0030459 seconds
Number of updated asset objects reloaded before import = 0Number of asset objects unloaded after import = 4

========================================================================
Received Import Request.
  Time since last request: 17.730226 seconds.
  path: Assets/Prefabs/TilePanel/Tar Tile.asset
  artifactKey: Guid(4081b00f6e211ae459e5850beb287ac2) Importer(2089858483,b0f066a214c2f5e87bad3c948f4d605d)
Start importing Assets/Prefabs/TilePanel/Tar Tile.asset using Guid(4081b00f6e211ae459e5850beb287ac2) Importer(2089858483,b0f066a214c2f5e87bad3c948f4d605d) (ScriptedImporter) -> (artifact id: '226739aadf75c3cbcc2e3549c80d8ecf') in 0.0520811 seconds
Number of updated asset objects reloaded before import = 0Number of asset objects unloaded after import = 10

========================================================================
Received Import Request.
  Time since last request: 0.000060 seconds.
  path: Assets/Scenes/Playable.unity
  artifactKey: Guid(0391cbbffe6aef649a1e3fe1e819782c) Importer(2089858483,b0f066a214c2f5e87bad3c948f4d605d)
Start importing Assets/Scenes/Playable.unity using Guid(0391cbbffe6aef649a1e3fe1e819782c) Importer(2089858483,b0f066a214c2f5e87bad3c948f4d605d) (ScriptedImporter) -> (artifact id: '3a7abc1cf17800b5ecec6fa4bfdbabe7') in 0.068778 seconds
Number of updated asset objects reloaded before import = 0Number of asset objects unloaded after import = 1

========================================================================
Received Import Request.
  Time since last request: 1.226010 seconds.
  path: Assets/Prefabs/Customers/Mr. Smith/Animations/Mr Smith Walking.anim
  artifactKey: Guid(657c7eb9824898c47bf8e847ab96cd5b) Importer(815301076,1909f56bfc062723c751e8b465ee728b)
Start importing Assets/Prefabs/Customers/Mr. Smith/Animations/Mr Smith Walking.anim using Guid(657c7eb9824898c47bf8e847ab96cd5b) Importer(815301076,1909f56bfc062723c751e8b465ee728b) (PreviewImporter) -> (artifact id: 'dbed45a40e979af06461aee71e7084d1') in 0.0027683 seconds
Number of updated asset objects reloaded before import = 0Number of asset objects unloaded after import = 1

========================================================================
Received Import Request.
  Time since last request: 9.556053 seconds.
  path: Assets/Prefabs/Customers/Mr. Smith/Animations/Mr Smith Walking.anim
  artifactKey: Guid(657c7eb9824898c47bf8e847ab96cd5b) Importer(2089858483,b0f066a214c2f5e87bad3c948f4d605d)
Start importing Assets/Prefabs/Customers/Mr. Smith/Animations/Mr Smith Walking.anim using Guid(657c7eb9824898c47bf8e847ab96cd5b) Importer(2089858483,b0f066a214c2f5e87bad3c948f4d605d) (ScriptedImporter) -> (artifact id: 'ab437d9e4712b7993db453fbaebd87e2') in 0.0317769 seconds
Number of updated asset objects reloaded before import = 0Number of asset objects unloaded after import = 1

========================================================================
Received Import Request.
  Time since last request: 50.457588 seconds.
  path: Assets/Prefabs/Customers/Mr. Smith/Mr. Smith.prefab
  artifactKey: Guid(0eaf664c02473764c93dd4aa7966df75) Importer(815301076,1909f56bfc062723c751e8b465ee728b)
Start importing Assets/Prefabs/Customers/Mr. Smith/Mr. Smith.prefab using Guid(0eaf664c02473764c93dd4aa7966df75) Importer(815301076,1909f56bfc062723c751e8b465ee728b) (PreviewImporter) -> (artifact id: 'e8282aba083d6074eb9aa1811ec9c35d') in 0.0229396 seconds
Number of updated asset objects reloaded before import = 0Number of asset objects unloaded after import = 14

========================================================================
Received Import Request.
  Time since last request: 61.162441 seconds.
  path: Assets/Prefabs/Customers/Mr. Smith/Animations/Walking.anim
  artifactKey: Guid(1a4cd4bb39142df42a1a3e0c40455d16) Importer(2089858483,b0f066a214c2f5e87bad3c948f4d605d)
Start importing Assets/Prefabs/Customers/Mr. Smith/Animations/Walking.anim using Guid(1a4cd4bb39142df42a1a3e0c40455d16) Importer(2089858483,b0f066a214c2f5e87bad3c948f4d605d) (ScriptedImporter) -> (artifact id: '6824ef88196b67428ba5471a4bafe311') in 0.0280836 seconds
Number of updated asset objects reloaded before import = 0Number of asset objects unloaded after import = 1

========================================================================
Received Import Request.
  Time since last request: 132.120167 seconds.
  path: Assets/Prefabs/Customers/Mr. Smith/Mr. Smith.prefab
  artifactKey: Guid(0eaf664c02473764c93dd4aa7966df75) Importer(815301076,1909f56bfc062723c751e8b465ee728b)
Start importing Assets/Prefabs/Customers/Mr. Smith/Mr. Smith.prefab using Guid(0eaf664c02473764c93dd4aa7966df75) Importer(815301076,1909f56bfc062723c751e8b465ee728b) (PreviewImporter) -> (artifact id: '61427a60843b6a3ba6313cb8719ba9fb') in 0.0175004 seconds
Number of updated asset objects reloaded before import = 0Number of asset objects unloaded after import = 13

========================================================================
Received Import Request.
  Time since last request: 30.062353 seconds.
  path: Assets/Prefabs/Customers/Mr. Smith/Animations/Idle.anim
  artifactKey: Guid(abc6c7fbbe724fc4bac4bcefda9cd674) Importer(2089858483,b0f066a214c2f5e87bad3c948f4d605d)
Start importing Assets/Prefabs/Customers/Mr. Smith/Animations/Idle.anim using Guid(abc6c7fbbe724fc4bac4bcefda9cd674) Importer(2089858483,b0f066a214c2f5e87bad3c948f4d605d) (ScriptedImporter) -> (artifact id: '37fe6742b38c8221028f706188e12a01') in 0.0829838 seconds
Number of updated asset objects reloaded before import = 0Number of asset objects unloaded after import = 1

========================================================================
Received Prepare
Assembly reference Packages/com.unity.cinemachine/Editor/Samples/ExposeHDRPInternals/HDRP-Editor-ref.asmref has no target assembly definition
Assembly reference Packages/com.unity.cinemachine/Editor/Samples/ExposeHDRPInternals/HDRP-Editor-ref.asmref has no target assembly definition
Begin MonoManager ReloadAssembly
[Licensing::Client] Successfully resolved entitlement details
Symbol file LoadedFromMemory is not a mono symbol file
Symbol file LoadedFromMemory is not a mono symbol file
- Loaded All Assemblies, in  1.504 seconds
Assembly reference Packages/com.unity.cinemachine/Editor/Samples/ExposeHDRPInternals/HDRP-Editor-ref.asmref has no target assembly definition
'Packages/com.unity.cinemachine/Editor/Obsolete/CinemachineVirtualCameraBaseEditor.cs' contains partial class of Unity.Object, exactly 1 of the partial classes needs to be in a file with the same filename. This is to know the one that can be referenced from ie. GameObjects
'Packages/com.unity.cinemachine/Editor/Editors/CinemachineVirtualCameraBaseEditor.cs' contains partial class of Unity.Object, exactly 1 of the partial classes needs to be in a file with the same filename. This is to know the one that can be referenced from ie. GameObjects
Refreshing native plugins compatible for Editor in 2.96 ms, found 5 plugins.
Native extension for LinuxStandalone target not found
Native extension for AppleTV target not found
Native extension for iOS target not found
Native extension for Android target not found
Native extension for UWP target not found
Native extension for WindowsStandalone target not found
Failed to load: C:/Program Files/Unity/Hub/Editor/6000.3.6f1/Editor/Data/PlaybackEngines/VisionOSPlayer\x64\UnityEditor.VisionOS.Native.dll
Native extension for VisionOS target not found
Native extension for WebGL target not found
Assembly reference Packages/com.unity.cinemachine/Editor/Samples/ExposeHDRPInternals/HDRP-Editor-ref.asmref has no target assembly definition
Refreshing native plugins compatible for Editor in 4.31 ms, found 5 plugins.
[Package Manager] Failed to launch server process. Reason: Unity was launched with the -noUpm command-line argument
[Package Manager] Unable to send message (not connected to server process).
[Package Manager] Cannot connect to Unity Package Manager local server
[Package Manager] Failed to launch server process. Reason: Unity was launched with the -noUpm command-line argument
[Package Manager] Unable to send message (not connected to server process).
[Package Manager] Cannot connect to Unity Package Manager local server
[Licensing::Client] Error: Code 404 while processing request (status: Found 0 entitlement groups and 0 free entitlements matching requested entitlement ids)
[Licensing::Client] Error: Code 404 while processing request (status: Found 0 entitlement groups and 0 free entitlements matching requested entitlement ids)
[Licensing::Client] Error: Code 404 while processing request (status: Found 0 entitlement groups and 0 free entitlements matching requested entitlement ids)
ScheduleIndexationOnStartup MainProcess:False IndexOnStartup:True
Mono: successfully reloaded assembly
- Finished resetting the current domain, in  2.934 seconds
Domain Reload Profiling: 4438ms
	BeginReloadAssembly (344ms)
		ExecutionOrderSort (0ms)
		DisableScriptedObjects (33ms)
		BackupInstance (0ms)
		ReleaseScriptingObjects (0ms)
		CreateAndSetChildDomain (113ms)
	RebuildCommonClasses (50ms)
	RebuildNativeTypeToScriptingClass (15ms)
	initialDomainReloadingComplete (73ms)
	LoadAllAssembliesAndSetupDomain (1022ms)
		LoadAssemblies (583ms)
		RebuildTransferFunctionScriptingTraits (0ms)
		AnalyzeDomain (559ms)
			TypeCache.Refresh (12ms)
				TypeCache.ScanAssembly (0ms)
			BuildScriptInfoCaches (521ms)
			ResolveRequiredComponents (19ms)
	FinalizeReload (2934ms)
		ReleaseScriptCaches (0ms)
		RebuildScriptCaches (0ms)
		SetupLoadedEditorAssemblies (2665ms)
			LogAssemblyErrors (0ms)
			InitializePlatformSupportModulesInManaged (42ms)
			SetLoadedEditorAssemblies (10ms)
			BeforeProcessingInitializeOnLoad (314ms)
			ProcessInitializeOnLoadAttributes (1708ms)
			ProcessInitializeOnLoadMethodAttributes (573ms)
			AfterProcessingInitializeOnLoad (17ms)
			EditorAssembliesLoaded (1ms)
		ExecutionOrderSort2 (0ms)
		AwakeInstancesAfterBackupRestoration (26ms)
Refreshing native plugins compatible for Editor in 3.72 ms, found 5 plugins.
Preloading 1 native plugins for Editor in 0.08 ms.
Unloading 60 Unused Serialized files (Serialized files now loaded: 0)
Unloading 11011 unused Assets / (20.7 MB). Loaded Objects now: 12191.
Memory consumption went from 245.3 MB to 224.6 MB.
Total: 39.936700 ms (FindLiveObjects: 1.945200 ms CreateObjectMapping: 2.004700 ms MarkObjects: 24.889500 ms  DeleteObjects: 11.095200 ms)

Prepare: number of updated asset objects reloaded= 0
========================================================================
Received Prepare
Assembly reference Packages/com.unity.cinemachine/Editor/Samples/ExposeHDRPInternals/HDRP-Editor-ref.asmref has no target assembly definition
Assembly reference Packages/com.unity.cinemachine/Editor/Samples/ExposeHDRPInternals/HDRP-Editor-ref.asmref has no target assembly definition
Begin MonoManager ReloadAssembly
[Licensing::Client] Successfully resolved entitlement details
Symbol file LoadedFromMemory is not a mono symbol file
Symbol file LoadedFromMemory is not a mono symbol file
- Loaded All Assemblies, in  1.747 seconds
Assembly reference Packages/com.unity.cinemachine/Editor/Samples/ExposeHDRPInternals/HDRP-Editor-ref.asmref has no target assembly definition
'Packages/com.unity.cinemachine/Editor/Obsolete/CinemachineVirtualCameraBaseEditor.cs' contains partial class of Unity.Object, exactly 1 of the partial classes needs to be in a file with the same filename. This is to know the one that can be referenced from ie. GameObjects
'Packages/com.unity.cinemachine/Editor/Editors/CinemachineVirtualCameraBaseEditor.cs' contains partial class of Unity.Object, exactly 1 of the partial classes needs to be in a file with the same filename. This is to know the one that can be referenced from ie. GameObjects
Refreshing native plugins compatible for Editor in 3.39 ms, found 5 plugins.
Native extension for LinuxStandalone target not found
Native extension for AppleTV target not found
Native extension for iOS target not found
Native extension for Android target not found
Native extension for UWP target not found
Native extension for WindowsStandalone target not found
Failed to load: C:/Program Files/Unity/Hub/Editor/6000.3.6f1/Editor/Data/PlaybackEngines/VisionOSPlayer\x64\UnityEditor.VisionOS.Native.dll
Native extension for VisionOS target not found
Native extension for WebGL target not found
Assembly reference Packages/com.unity.cinemachine/Editor/Samples/ExposeHDRPInternals/HDRP-Editor-ref.asmref has no target assembly definition
Refreshing native plugins compatible for Editor in 4.10 ms, found 5 plugins.
[Package Manager] Failed to launch server process. Reason: Unity was launched with the -noUpm command-line argument
[Package Manager] Unable to send message (not connected to server process).
[Package Manager] Cannot connect to Unity Package Manager local server
[Package Manager] Failed to launch server process. Reason: Unity was launched with the -noUpm command-line argument
[Package Manager] Unable to send message (not connected to server process).
[Package Manager] Cannot connect to Unity Package Manager local server
[Licensing::Client] Error: Code 404 while processing request (status: Found 0 entitlement groups and 0 free entitlements matching requested entitlement ids)
[Licensing::Client] Error: Code 404 while processing request (status: Found 0 entitlement groups and 0 free entitlements matching requested entitlement ids)
[Licensing::Client] Error: Code 404 while processing request (status: Found 0 entitlement groups and 0 free entitlements matching requested entitlement ids)
ScheduleIndexationOnStartup MainProcess:False IndexOnStartup:True
Mono: successfully reloaded assembly
- Finished resetting the current domain, in  2.790 seconds
Domain Reload Profiling: 4539ms
	BeginReloadAssembly (448ms)
		ExecutionOrderSort (0ms)
		DisableScriptedObjects (27ms)
		BackupInstance (0ms)
		ReleaseScriptingObjects (0ms)
		CreateAndSetChildDomain (165ms)
	RebuildCommonClasses (63ms)
	RebuildNativeTypeToScriptingClass (21ms)
	initialDomainReloadingComplete (106ms)
	LoadAllAssembliesAndSetupDomain (1111ms)
		LoadAssemblies (751ms)
		RebuildTransferFunctionScriptingTraits (0ms)
		AnalyzeDomain (516ms)
			TypeCache.Refresh (20ms)
				TypeCache.ScanAssembly (2ms)
			BuildScriptInfoCaches (471ms)
			ResolveRequiredComponents (17ms)
	FinalizeReload (2791ms)
		ReleaseScriptCaches (0ms)
		RebuildScriptCaches (0ms)
		SetupLoadedEditorAssemblies (2493ms)
			LogAssemblyErrors (0ms)
			InitializePlatformSupportModulesInManaged (53ms)
			SetLoadedEditorAssemblies (13ms)
			BeforeProcessingInitializeOnLoad (397ms)
			ProcessInitializeOnLoadAttributes (1470ms)
			ProcessInitializeOnLoadMethodAttributes (545ms)
			AfterProcessingInitializeOnLoad (15ms)
			EditorAssembliesLoaded (1ms)
		ExecutionOrderSort2 (0ms)
		AwakeInstancesAfterBackupRestoration (25ms)
Refreshing native plugins compatible for Editor in 3.09 ms, found 5 plugins.
Preloading 1 native plugins for Editor in 0.07 ms.
Unloading 60 Unused Serialized files (Serialized files now loaded: 0)
Unloading 11011 unused Assets / (20.7 MB). Loaded Objects now: 12194.
Memory consumption went from 245.2 MB to 224.5 MB.
Total: 36.097400 ms (FindLiveObjects: 1.590500 ms CreateObjectMapping: 2.064000 ms MarkObjects: 23.155000 ms  DeleteObjects: 9.286100 ms)

Prepare: number of updated asset objects reloaded= 0
========================================================================
Received Prepare
Assembly reference Packages/com.unity.cinemachine/Editor/Samples/ExposeHDRPInternals/HDRP-Editor-ref.asmref has no target assembly definition
Assembly reference Packages/com.unity.cinemachine/Editor/Samples/ExposeHDRPInternals/HDRP-Editor-ref.asmref has no target assembly definition
Begin MonoManager ReloadAssembly
Symbol file LoadedFromMemory is not a mono symbol file
Symbol file LoadedFromMemory is not a mono symbol file
- Loaded All Assemblies, in  1.510 seconds
Assembly reference Packages/com.unity.cinemachine/Editor/Samples/ExposeHDRPInternals/HDRP-Editor-ref.asmref has no target assembly definition
'Packages/com.unity.cinemachine/Editor/Obsolete/CinemachineVirtualCameraBaseEditor.cs' contains partial class of Unity.Object, exactly 1 of the partial classes needs to be in a file with the same filename. This is to know the one that can be referenced from ie. GameObjects
'Packages/com.unity.cinemachine/Editor/Editors/CinemachineVirtualCameraBaseEditor.cs' contains partial class of Unity.Object, exactly 1 of the partial classes needs to be in a file with the same filename. This is to know the one that can be referenced from ie. GameObjects
Refreshing native plugins compatible for Editor in 2.91 ms, found 5 plugins.
Native extension for LinuxStandalone target not found
Native extension for AppleTV target not found
Native extension for iOS target not found
Native extension for Android target not found
Native extension for UWP target not found
Native extension for WindowsStandalone target not found
Failed to load: C:/Program Files/Unity/Hub/Editor/6000.3.6f1/Editor/Data/PlaybackEngines/VisionOSPlayer\x64\UnityEditor.VisionOS.Native.dll
Native extension for VisionOS target not found
Native extension for WebGL target not found
Assembly reference Packages/com.unity.cinemachine/Editor/Samples/ExposeHDRPInternals/HDRP-Editor-ref.asmref has no target assembly definition
Refreshing native plugins compatible for Editor in 4.68 ms, found 5 plugins.
[Package Manager] Failed to launch server process. Reason: Unity was launched with the -noUpm command-line argument
[Package Manager] Unable to send message (not connected to server process).
[Package Manager] Cannot connect to Unity Package Manager local server
[Package Manager] Failed to launch server process. Reason: Unity was launched with the -noUpm command-line argument
[Package Manager] Unable to send message (not connected to server process).
[Package Manager] Cannot connect to Unity Package Manager local server
[Licensing::Client] Error: Code 404 while processing request (status: Found 0 entitlement groups and 0 free entitlements matching requested entitlement ids)
[Licensing::Client] Error: Code 404 while processing request (status: Found 0 entitlement groups and 0 free entitlements matching requested entitlement ids)
[Licensing::Client] Error: Code 404 while processing request (status: Found 0 entitlement groups and 0 free entitlements matching requested entitlement ids)
ScheduleIndexationOnStartup MainProcess:False IndexOnStartup:True
Mono: successfully reloaded assembly
- Finished resetting the current domain, in  2.985 seconds
Domain Reload Profiling: 4502ms
	BeginReloadAssembly (344ms)
		ExecutionOrderSort (0ms)
		DisableScriptedObjects (21ms)
		BackupInstance (0ms)
		ReleaseScriptingObjects (0ms)
		CreateAndSetChildDomain (114ms)
	RebuildCommonClasses (50ms)
	RebuildNativeTypeToScriptingClass (17ms)
	initialDomainReloadingComplete (84ms)
	LoadAllAssembliesAndSetupDomain (1021ms)
		LoadAssemblies (611ms)
		RebuildTransferFunctionScriptingTraits (0ms)
		AnalyzeDomain (537ms)
			TypeCache.Refresh (13ms)
				TypeCache.ScanAssembly (0ms)
			BuildScriptInfoCaches (499ms)
			ResolveRequiredComponents (18ms)
	FinalizeReload (2986ms)
		ReleaseScriptCaches (0ms)
		RebuildScriptCaches (0ms)
		SetupLoadedEditorAssemblies (2699ms)
			LogAssemblyErrors (0ms)
			InitializePlatformSupportModulesInManaged (39ms)
			SetLoadedEditorAssemblies (8ms)
			BeforeProcessingInitializeOnLoad (346ms)
			ProcessInitializeOnLoadAttributes (1635ms)
			ProcessInitializeOnLoadMethodAttributes (651ms)
			AfterProcessingInitializeOnLoad (19ms)
			EditorAssembliesLoaded (1ms)
		ExecutionOrderSort2 (0ms)
		AwakeInstancesAfterBackupRestoration (33ms)
Refreshing native plugins compatible for Editor in 4.01 ms, found 5 plugins.
Preloading 1 native plugins for Editor in 0.13 ms.
Unloading 60 Unused Serialized files (Serialized files now loaded: 0)
Unloading 11011 unused Assets / (21.0 MB). Loaded Objects now: 12197.
Memory consumption went from 245.3 MB to 224.3 MB.
Total: 46.806900 ms (FindLiveObjects: 2.281100 ms CreateObjectMapping: 3.209900 ms MarkObjects: 27.858300 ms  DeleteObjects: 13.455600 ms)

Prepare: number of updated asset objects reloaded= 0
========================================================================
Received Prepare
Assembly reference Packages/com.unity.cinemachine/Editor/Samples/ExposeHDRPInternals/HDRP-Editor-ref.asmref has no target assembly definition
Assembly reference Packages/com.unity.cinemachine/Editor/Samples/ExposeHDRPInternals/HDRP-Editor-ref.asmref has no target assembly definition
Begin MonoManager ReloadAssembly
[Licensing::Client] Successfully resolved entitlement details
Symbol file LoadedFromMemory is not a mono symbol file
Symbol file LoadedFromMemory is not a mono symbol file
- Loaded All Assemblies, in  1.514 seconds
Assembly reference Packages/com.unity.cinemachine/Editor/Samples/ExposeHDRPInternals/HDRP-Editor-ref.asmref has no target assembly definition
'Packages/com.unity.cinemachine/Editor/Obsolete/CinemachineVirtualCameraBaseEditor.cs' contains partial class of Unity.Object, exactly 1 of the partial classes needs to be in a file with the same filename. This is to know the one that can be referenced from ie. GameObjects
'Packages/com.unity.cinemachine/Editor/Editors/CinemachineVirtualCameraBaseEditor.cs' contains partial class of Unity.Object, exactly 1 of the partial classes needs to be in a file with the same filename. This is to know the one that can be referenced from ie. GameObjects
Refreshing native plugins compatible for Editor in 4.65 ms, found 5 plugins.
Native extension for LinuxStandalone target not found
Native extension for AppleTV target not found
Native extension for iOS target not found
Native extension for Android target not found
Native extension for UWP target not found
Native extension for WindowsStandalone target not found
Failed to load: C:/Program Files/Unity/Hub/Editor/6000.3.6f1/Editor/Data/PlaybackEngines/VisionOSPlayer\x64\UnityEditor.VisionOS.Native.dll
Native extension for VisionOS target not found
Native extension for WebGL target not found
Assembly reference Packages/com.unity.cinemachine/Editor/Samples/ExposeHDRPInternals/HDRP-Editor-ref.asmref has no target assembly definition
Refreshing native plugins compatible for Editor in 5.75 ms, found 5 plugins.
[Package Manager] Failed to launch server process. Reason: Unity was launched with the -noUpm command-line argument
[Package Manager] Unable to send message (not connected to server process).
[Package Manager] Cannot connect to Unity Package Manager local server
[Package Manager] Failed to launch server process. Reason: Unity was launched with the -noUpm command-line argument
[Package Manager] Unable to send message (not connected to server process).
[Package Manager] Cannot connect to Unity Package Manager local server
[Licensing::Client] Error: Code 404 while processing request (status: Found 0 entitlement groups and 0 free entitlements matching requested entitlement ids)
[Licensing::Client] Error: Code 404 while processing request (status: Found 0 entitlement groups and 0 free entitlements matching requested entitlement ids)
[Licensing::Client] Error: Code 404 while processing request (status: Found 0 entitlement groups and 0 free entitlements matching requested entitlement ids)
ScheduleIndexationOnStartup MainProcess:False IndexOnStartup:True
Mono: successfully reloaded assembly
- Finished resetting the current domain, in  4.673 seconds
Domain Reload Profiling: 6185ms
	BeginReloadAssembly (356ms)
		ExecutionOrderSort (0ms)
		DisableScriptedObjects (30ms)
		BackupInstance (0ms)
		ReleaseScriptingObjects (0ms)
		CreateAndSetChildDomain (105ms)
	RebuildCommonClasses (46ms)
	RebuildNativeTypeToScriptingClass (17ms)
	initialDomainReloadingComplete (86ms)
	LoadAllAssembliesAndSetupDomain (1007ms)
		LoadAssemblies (656ms)
		RebuildTransferFunctionScriptingTraits (0ms)
		AnalyzeDomain (491ms)
			TypeCache.Refresh (11ms)
				TypeCache.ScanAssembly (0ms)
			BuildScriptInfoCaches (455ms)
			ResolveRequiredComponents (18ms)
	FinalizeReload (4674ms)
		ReleaseScriptCaches (0ms)
		RebuildScriptCaches (0ms)
		SetupLoadedEditorAssemblies (4241ms)
			LogAssemblyErrors (0ms)
			InitializePlatformSupportModulesInManaged (64ms)
			SetLoadedEditorAssemblies (16ms)
			BeforeProcessingInitializeOnLoad (501ms)
			ProcessInitializeOnLoadAttributes (2696ms)
			ProcessInitializeOnLoadMethodAttributes (930ms)
			AfterProcessingInitializeOnLoad (32ms)
			EditorAssembliesLoaded (1ms)
		ExecutionOrderSort2 (0ms)
		AwakeInstancesAfterBackupRestoration (45ms)
Refreshing native plugins compatible for Editor in 4.08 ms, found 5 plugins.
Preloading 1 native plugins for Editor in 0.11 ms.
Unloading 60 Unused Serialized files (Serialized files now loaded: 0)
Unloading 11011 unused Assets / (22.2 MB). Loaded Objects now: 12200.
Memory consumption went from 245.3 MB to 223.1 MB.
Total: 44.130200 ms (FindLiveObjects: 2.394200 ms CreateObjectMapping: 3.402800 ms MarkObjects: 25.855400 ms  DeleteObjects: 12.475900 ms)

Prepare: number of updated asset objects reloaded= 0
========================================================================
Received Prepare
Assembly reference Packages/com.unity.cinemachine/Editor/Samples/ExposeHDRPInternals/HDRP-Editor-ref.asmref has no target assembly definition
Assembly reference Packages/com.unity.cinemachine/Editor/Samples/ExposeHDRPInternals/HDRP-Editor-ref.asmref has no target assembly definition
Begin MonoManager ReloadAssembly
[Licensing::Client] Successfully resolved entitlement details
Symbol file LoadedFromMemory is not a mono symbol file
Symbol file LoadedFromMemory is not a mono symbol file
- Loaded All Assemblies, in  1.735 seconds
Assembly reference Packages/com.unity.cinemachine/Editor/Samples/ExposeHDRPInternals/HDRP-Editor-ref.asmref has no target assembly definition
'Packages/com.unity.cinemachine/Editor/Obsolete/CinemachineVirtualCameraBaseEditor.cs' contains partial class of Unity.Object, exactly 1 of the partial classes needs to be in a file with the same filename. This is to know the one that can be referenced from ie. GameObjects
'Packages/com.unity.cinemachine/Editor/Editors/CinemachineVirtualCameraBaseEditor.cs' contains partial class of Unity.Object, exactly 1 of the partial classes needs to be in a file with the same filename. This is to know the one that can be referenced from ie. GameObjects
Refreshing native plugins compatible for Editor in 3.84 ms, found 5 plugins.
Native extension for LinuxStandalone target not found
Native extension for AppleTV target not found
Native extension for iOS target not found
Native extension for Android target not found
Native extension for UWP target not found
Native extension for WindowsStandalone target not found
Failed to load: C:/Program Files/Unity/Hub/Editor/6000.3.6f1/Editor/Data/PlaybackEngines/VisionOSPlayer\x64\UnityEditor.VisionOS.Native.dll
Native extension for VisionOS target not found
Native extension for WebGL target not found
Assembly reference Packages/com.unity.cinemachine/Editor/Samples/ExposeHDRPInternals/HDRP-Editor-ref.asmref has no target assembly definition
Refreshing native plugins compatible for Editor in 3.56 ms, found 5 plugins.
[Package Manager] Failed to launch server process. Reason: Unity was launched with the -noUpm command-line argument
[Package Manager] Unable to send message (not connected to server process).
[Package Manager] Cannot connect to Unity Package Manager local server
[Package Manager] Failed to launch server process. Reason: Unity was launched with the -noUpm command-line argument
[Package Manager] Unable to send message (not connected to server process).
[Package Manager] Cannot connect to Unity Package Manager local server
[Licensing::Client] Error: Code 404 while processing request (status: Found 0 entitlement groups and 0 free entitlements matching requested entitlement ids)
[Licensing::Client] Error: Code 404 while processing request (status: Found 0 entitlement groups and 0 free entitlements matching requested entitlement ids)
[Licensing::Client] Error: Code 404 while processing request (status: Found 0 entitlement groups and 0 free entitlements matching requested entitlement ids)
ScheduleIndexationOnStartup MainProcess:False IndexOnStartup:True
Mono: successfully reloaded assembly
- Finished resetting the current domain, in  2.787 seconds
Domain Reload Profiling: 4521ms
	BeginReloadAssembly (460ms)
		ExecutionOrderSort (0ms)
		DisableScriptedObjects (23ms)
		BackupInstance (0ms)
		ReleaseScriptingObjects (0ms)
		CreateAndSetChildDomain (151ms)
	RebuildCommonClasses (66ms)
	RebuildNativeTypeToScriptingClass (21ms)
	initialDomainReloadingComplete (98ms)
	LoadAllAssembliesAndSetupDomain (1088ms)
		LoadAssemblies (740ms)
		RebuildTransferFunctionScriptingTraits (0ms)
		AnalyzeDomain (542ms)
			TypeCache.Refresh (21ms)
				TypeCache.ScanAssembly (2ms)
			BuildScriptInfoCaches (494ms)
			ResolveRequiredComponents (20ms)
	FinalizeReload (2788ms)
		ReleaseScriptCaches (0ms)
		RebuildScriptCaches (0ms)
		SetupLoadedEditorAssemblies (2518ms)
			LogAssemblyErrors (0ms)
			InitializePlatformSupportModulesInManaged (45ms)
			SetLoadedEditorAssemblies (12ms)
			BeforeProcessingInitializeOnLoad (378ms)
			ProcessInitializeOnLoadAttributes (1428ms)
			ProcessInitializeOnLoadMethodAttributes (637ms)
			AfterProcessingInitializeOnLoad (17ms)
			EditorAssembliesLoaded (1ms)
		ExecutionOrderSort2 (0ms)
		AwakeInstancesAfterBackupRestoration (24ms)
Refreshing native plugins compatible for Editor in 3.79 ms, found 5 plugins.
Preloading 1 native plugins for Editor in 0.08 ms.
Unloading 60 Unused Serialized files (Serialized files now loaded: 0)
Unloading 11011 unused Assets / (20.5 MB). Loaded Objects now: 12203.
Memory consumption went from 245.4 MB to 224.9 MB.
Total: 37.031000 ms (FindLiveObjects: 1.706300 ms CreateObjectMapping: 2.262300 ms MarkObjects: 23.185200 ms  DeleteObjects: 9.875300 ms)

Prepare: number of updated asset objects reloaded= 0
========================================================================
Received Prepare
Assembly reference Packages/com.unity.cinemachine/Editor/Samples/ExposeHDRPInternals/HDRP-Editor-ref.asmref has no target assembly definition
Assembly reference Packages/com.unity.cinemachine/Editor/Samples/ExposeHDRPInternals/HDRP-Editor-ref.asmref has no target assembly definition
Begin MonoManager ReloadAssembly
Symbol file LoadedFromMemory is not a mono symbol file
Symbol file LoadedFromMemory is not a mono symbol file
- Loaded All Assemblies, in  1.692 seconds
Assembly reference Packages/com.unity.cinemachine/Editor/Samples/ExposeHDRPInternals/HDRP-Editor-ref.asmref has no target assembly definition
'Packages/com.unity.cinemachine/Editor/Obsolete/CinemachineVirtualCameraBaseEditor.cs' contains partial class of Unity.Object, exactly 1 of the partial classes needs to be in a file with the same filename. This is to know the one that can be referenced from ie. GameObjects
'Packages/com.unity.cinemachine/Editor/Editors/CinemachineVirtualCameraBaseEditor.cs' contains partial class of Unity.Object, exactly 1 of the partial classes needs to be in a file with the same filename. This is to know the one that can be referenced from ie. GameObjects
Refreshing native plugins compatible for Editor in 4.23 ms, found 5 plugins.
Native extension for LinuxStandalone target not found
Native extension for AppleTV target not found
Native extension for iOS target not found
Native extension for Android target not found
Native extension for UWP target not found
Native extension for WindowsStandalone target not found
Failed to load: C:/Program Files/Unity/Hub/Editor/6000.3.6f1/Editor/Data/PlaybackEngines/VisionOSPlayer\x64\UnityEditor.VisionOS.Native.dll
Native extension for VisionOS target not found
Native extension for WebGL target not found
Assembly reference Packages/com.unity.cinemachine/Editor/Samples/ExposeHDRPInternals/HDRP-Editor-ref.asmref has no target assembly definition
Refreshing native plugins compatible for Editor in 4.72 ms, found 5 plugins.
[Package Manager] Failed to launch server process. Reason: Unity was launched with the -noUpm command-line argument
[Package Manager] Unable to send message (not connected to server process).
[Package Manager] Cannot connect to Unity Package Manager local server
[Package Manager] Failed to launch server process. Reason: Unity was launched with the -noUpm command-line argument
[Package Manager] Unable to send message (not connected to server process).
[Package Manager] Cannot connect to Unity Package Manager local server
[Licensing::Client] Error: Code 404 while processing request (status: Found 0 entitlement groups and 0 free entitlements matching requested entitlement ids)
[Licensing::Client] Error: Code 404 while processing request (status: Found 0 entitlement groups and 0 free entitlements matching requested entitlement ids)
[Licensing::Client] Error: Code 404 while processing request (status: Found 0 entitlement groups and 0 free entitlements matching requested entitlement ids)
ScheduleIndexationOnStartup MainProcess:False IndexOnStartup:True
Mono: successfully reloaded assembly
- Finished resetting the current domain, in  3.344 seconds
Domain Reload Profiling: 5033ms
	BeginReloadAssembly (346ms)
		ExecutionOrderSort (0ms)
		DisableScriptedObjects (22ms)
		BackupInstance (0ms)
		ReleaseScriptingObjects (1ms)
		CreateAndSetChildDomain (102ms)
	RebuildCommonClasses (60ms)
	RebuildNativeTypeToScriptingClass (19ms)
	initialDomainReloadingComplete (101ms)
	LoadAllAssembliesAndSetupDomain (1162ms)
		LoadAssemblies (741ms)
		RebuildTransferFunctionScriptingTraits (0ms)
		AnalyzeDomain (565ms)
			TypeCache.Refresh (14ms)
				TypeCache.ScanAssembly (0ms)
			BuildScriptInfoCaches (526ms)
			ResolveRequiredComponents (19ms)
	FinalizeReload (3344ms)
		ReleaseScriptCaches (0ms)
		RebuildScriptCaches (0ms)
		SetupLoadedEditorAssemblies (3015ms)
			LogAssemblyErrors (0ms)
			InitializePlatformSupportModulesInManaged (48ms)
			SetLoadedEditorAssemblies (13ms)
			BeforeProcessingInitializeOnLoad (423ms)
			ProcessInitializeOnLoadAttributes (1774ms)
			ProcessInitializeOnLoadMethodAttributes (729ms)
			AfterProcessingInitializeOnLoad (27ms)
			EditorAssembliesLoaded (1ms)
		ExecutionOrderSort2 (0ms)
		AwakeInstancesAfterBackupRestoration (38ms)
Refreshing native plugins compatible for Editor in 4.21 ms, found 5 plugins.
Preloading 1 native plugins for Editor in 0.09 ms.
Unloading 60 Unused Serialized files (Serialized files now loaded: 0)
Unloading 11011 unused Assets / (20.5 MB). Loaded Objects now: 12206.
Memory consumption went from 245.4 MB to 225.0 MB.
Total: 44.691900 ms (FindLiveObjects: 2.345500 ms CreateObjectMapping: 2.300200 ms MarkObjects: 29.006400 ms  DeleteObjects: 11.037400 ms)

Prepare: number of updated asset objects reloaded= 0
========================================================================
Received Prepare
Assembly reference Packages/com.unity.cinemachine/Editor/Samples/ExposeHDRPInternals/HDRP-Editor-ref.asmref has no target assembly definition
Assembly reference Packages/com.unity.cinemachine/Editor/Samples/ExposeHDRPInternals/HDRP-Editor-ref.asmref has no target assembly definition
Begin MonoManager ReloadAssembly
[Licensing::Client] Successfully resolved entitlement details
Symbol file LoadedFromMemory is not a mono symbol file
Symbol file LoadedFromMemory is not a mono symbol file
- Loaded All Assemblies, in  1.773 seconds
Assembly reference Packages/com.unity.cinemachine/Editor/Samples/ExposeHDRPInternals/HDRP-Editor-ref.asmref has no target assembly definition
'Packages/com.unity.cinemachine/Editor/Obsolete/CinemachineVirtualCameraBaseEditor.cs' contains partial class of Unity.Object, exactly 1 of the partial classes needs to be in a file with the same filename. This is to know the one that can be referenced from ie. GameObjects
'Packages/com.unity.cinemachine/Editor/Editors/CinemachineVirtualCameraBaseEditor.cs' contains partial class of Unity.Object, exactly 1 of the partial classes needs to be in a file with the same filename. This is to know the one that can be referenced from ie. GameObjects
Refreshing native plugins compatible for Editor in 4.80 ms, found 5 plugins.
Native extension for LinuxStandalone target not found
Native extension for AppleTV target not found
Native extension for iOS target not found
Native extension for Android target not found
Native extension for UWP target not found
Native extension for WindowsStandalone target not found
Failed to load: C:/Program Files/Unity/Hub/Editor/6000.3.6f1/Editor/Data/PlaybackEngines/VisionOSPlayer\x64\UnityEditor.VisionOS.Native.dll
Native extension for VisionOS target not found
Native extension for WebGL target not found
Assembly reference Packages/com.unity.cinemachine/Editor/Samples/ExposeHDRPInternals/HDRP-Editor-ref.asmref has no target assembly definition
Refreshing native plugins compatible for Editor in 5.18 ms, found 5 plugins.
[Package Manager] Failed to launch server process. Reason: Unity was launched with the -noUpm command-line argument
[Package Manager] Unable to send message (not connected to server process).
[Package Manager] Cannot connect to Unity Package Manager local server
[Package Manager] Failed to launch server process. Reason: Unity was launched with the -noUpm command-line argument
[Package Manager] Unable to send message (not connected to server process).
[Package Manager] Cannot connect to Unity Package Manager local server
[Licensing::Client] Error: Code 404 while processing request (status: Found 0 entitlement groups and 0 free entitlements matching requested entitlement ids)
[Licensing::Client] Error: Code 404 while processing request (status: Found 0 entitlement groups and 0 free entitlements matching requested entitlement ids)
[Licensing::Client] Error: Code 404 while processing request (status: Found 0 entitlement groups and 0 free entitlements matching requested entitlement ids)
ScheduleIndexationOnStartup MainProcess:False IndexOnStartup:True
Mono: successfully reloaded assembly
- Finished resetting the current domain, in  3.356 seconds
Domain Reload Profiling: 5125ms
	BeginReloadAssembly (445ms)
		ExecutionOrderSort (0ms)
		DisableScriptedObjects (21ms)
		BackupInstance (0ms)
		ReleaseScriptingObjects (0ms)
		CreateAndSetChildDomain (165ms)
	RebuildCommonClasses (57ms)
	RebuildNativeTypeToScriptingClass (20ms)
	initialDomainReloadingComplete (98ms)
	LoadAllAssembliesAndSetupDomain (1148ms)
		LoadAssemblies (770ms)
		RebuildTransferFunctionScriptingTraits (0ms)
		AnalyzeDomain (552ms)
			TypeCache.Refresh (13ms)
				TypeCache.ScanAssembly (0ms)
			BuildScriptInfoCaches (515ms)
			ResolveRequiredComponents (18ms)
	FinalizeReload (3357ms)
		ReleaseScriptCaches (0ms)
		RebuildScriptCaches (0ms)
		SetupLoadedEditorAssemblies (3034ms)
			LogAssemblyErrors (0ms)
			InitializePlatformSupportModulesInManaged (46ms)
			SetLoadedEditorAssemblies (14ms)
			BeforeProcessingInitializeOnLoad (423ms)
			ProcessInitializeOnLoadAttributes (1760ms)
			ProcessInitializeOnLoadMethodAttributes (767ms)
			AfterProcessingInitializeOnLoad (22ms)
			EditorAssembliesLoaded (1ms)
		ExecutionOrderSort2 (0ms)
		AwakeInstancesAfterBackupRestoration (40ms)
Refreshing native plugins compatible for Editor in 4.00 ms, found 5 plugins.
Preloading 1 native plugins for Editor in 0.10 ms.
Unloading 60 Unused Serialized files (Serialized files now loaded: 0)
Unloading 11011 unused Assets / (19.9 MB). Loaded Objects now: 12209.
Memory consumption went from 245.5 MB to 225.5 MB.
Total: 37.669900 ms (FindLiveObjects: 1.533100 ms CreateObjectMapping: 1.696700 ms MarkObjects: 26.701100 ms  DeleteObjects: 7.736000 ms)

Prepare: number of updated asset objects reloaded= 0
========================================================================
Received Prepare
Assembly reference Packages/com.unity.cinemachine/Editor/Samples/ExposeHDRPInternals/HDRP-Editor-ref.asmref has no target assembly definition
Assembly reference Packages/com.unity.cinemachine/Editor/Samples/ExposeHDRPInternals/HDRP-Editor-ref.asmref has no target assembly definition
Begin MonoManager ReloadAssembly
Symbol file LoadedFromMemory is not a mono symbol file
Symbol file LoadedFromMemory is not a mono symbol file
- Loaded All Assemblies, in  2.036 seconds
Assembly reference Packages/com.unity.cinemachine/Editor/Samples/ExposeHDRPInternals/HDRP-Editor-ref.asmref has no target assembly definition
'Packages/com.unity.cinemachine/Editor/Obsolete/CinemachineVirtualCameraBaseEditor.cs' contains partial class of Unity.Object, exactly 1 of the partial classes needs to be in a file with the same filename. This is to know the one that can be referenced from ie. GameObjects
'Packages/com.unity.cinemachine/Editor/Editors/CinemachineVirtualCameraBaseEditor.cs' contains partial class of Unity.Object, exactly 1 of the partial classes needs to be in a file with the same filename. This is to know the one that can be referenced from ie. GameObjects
Refreshing native plugins compatible for Editor in 2.99 ms, found 5 plugins.
Native extension for LinuxStandalone target not found
Native extension for AppleTV target not found
Native extension for iOS target not found
Native extension for Android target not found
Native extension for UWP target not found
Native extension for WindowsStandalone target not found
Failed to load: C:/Program Files/Unity/Hub/Editor/6000.3.6f1/Editor/Data/PlaybackEngines/VisionOSPlayer\x64\UnityEditor.VisionOS.Native.dll
Native extension for VisionOS target not found
Native extension for WebGL target not found
Assembly reference Packages/com.unity.cinemachine/Editor/Samples/ExposeHDRPInternals/HDRP-Editor-ref.asmref has no target assembly definition
Refreshing native plugins compatible for Editor in 3.09 ms, found 5 plugins.
[Package Manager] Failed to launch server process. Reason: Unity was launched with the -noUpm command-line argument
[Package Manager] Unable to send message (not connected to server process).
[Package Manager] Cannot connect to Unity Package Manager local server
[Package Manager] Failed to launch server process. Reason: Unity was launched with the -noUpm command-line argument
[Package Manager] Unable to send message (not connected to server process).
[Package Manager] Cannot connect to Unity Package Manager local server
[Licensing::Client] Error: Code 404 while processing request (status: Found 0 entitlement groups and 0 free entitlements matching requested entitlement ids)
[Licensing::Client] Error: Code 404 while processing request (status: Found 0 entitlement groups and 0 free entitlements matching requested entitlement ids)
[Licensing::Client] Error: Code 404 while processing request (status: Found 0 entitlement groups and 0 free entitlements matching requested entitlement ids)
ScheduleIndexationOnStartup MainProcess:False IndexOnStartup:True
Mono: successfully reloaded assembly
- Finished resetting the current domain, in  2.563 seconds
Domain Reload Profiling: 4593ms
	BeginReloadAssembly (413ms)
		ExecutionOrderSort (0ms)
		DisableScriptedObjects (32ms)
		BackupInstance (0ms)
		ReleaseScriptingObjects (0ms)
		CreateAndSetChildDomain (121ms)
	RebuildCommonClasses (65ms)
	RebuildNativeTypeToScriptingClass (22ms)
	initialDomainReloadingComplete (120ms)
	LoadAllAssembliesAndSetupDomain (1410ms)
		LoadAssemblies (931ms)
		RebuildTransferFunctionScriptingTraits (0ms)
		AnalyzeDomain (632ms)
			TypeCache.Refresh (31ms)
				TypeCache.ScanAssembly (3ms)
			BuildScriptInfoCaches (574ms)
			ResolveRequiredComponents (18ms)
	FinalizeReload (2563ms)
		ReleaseScriptCaches (0ms)
		RebuildScriptCaches (0ms)
		SetupLoadedEditorAssemblies (2290ms)
			LogAssemblyErrors (0ms)
			InitializePlatformSupportModulesInManaged (41ms)
			SetLoadedEditorAssemblies (10ms)
			BeforeProcessingInitializeOnLoad (350ms)
			ProcessInitializeOnLoadAttributes (1306ms)
			ProcessInitializeOnLoadMethodAttributes (565ms)
			AfterProcessingInitializeOnLoad (17ms)
			EditorAssembliesLoaded (1ms)
		ExecutionOrderSort2 (0ms)
		AwakeInstancesAfterBackupRestoration (23ms)
Refreshing native plugins compatible for Editor in 3.91 ms, found 5 plugins.
Preloading 1 native plugins for Editor in 0.09 ms.
Unloading 60 Unused Serialized files (Serialized files now loaded: 0)
Unloading 11011 unused Assets / (21.2 MB). Loaded Objects now: 12212.
Memory consumption went from 245.5 MB to 224.2 MB.
Total: 43.339100 ms (FindLiveObjects: 2.118800 ms CreateObjectMapping: 4.356600 ms MarkObjects: 25.212400 ms  DeleteObjects: 11.649200 ms)

Prepare: number of updated asset objects reloaded= 0
========================================================================
Received Prepare
Assembly reference Packages/com.unity.cinemachine/Editor/Samples/ExposeHDRPInternals/HDRP-Editor-ref.asmref has no target assembly definition
Assembly reference Packages/com.unity.cinemachine/Editor/Samples/ExposeHDRPInternals/HDRP-Editor-ref.asmref has no target assembly definition
Begin MonoManager ReloadAssembly
[Licensing::Client] Successfully resolved entitlement details
Symbol file LoadedFromMemory is not a mono symbol file
Symbol file LoadedFromMemory is not a mono symbol file
- Loaded All Assemblies, in  1.776 seconds
Assembly reference Packages/com.unity.cinemachine/Editor/Samples/ExposeHDRPInternals/HDRP-Editor-ref.asmref has no target assembly definition
'Packages/com.unity.cinemachine/Editor/Obsolete/CinemachineVirtualCameraBaseEditor.cs' contains partial class of Unity.Object, exactly 1 of the partial classes needs to be in a file with the same filename. This is to know the one that can be referenced from ie. GameObjects
'Packages/com.unity.cinemachine/Editor/Editors/CinemachineVirtualCameraBaseEditor.cs' contains partial class of Unity.Object, exactly 1 of the partial classes needs to be in a file with the same filename. This is to know the one that can be referenced from ie. GameObjects
Refreshing native plugins compatible for Editor in 2.99 ms, found 5 plugins.
Native extension for LinuxStandalone target not found
Native extension for AppleTV target not found
Native extension for iOS target not found
Native extension for Android target not found
Native extension for UWP target not found
Native extension for WindowsStandalone target not found
Failed to load: C:/Program Files/Unity/Hub/Editor/6000.3.6f1/Editor/Data/PlaybackEngines/VisionOSPlayer\x64\UnityEditor.VisionOS.Native.dll
Native extension for VisionOS target not found
Native extension for WebGL target not found
Assembly reference Packages/com.unity.cinemachine/Editor/Samples/ExposeHDRPInternals/HDRP-Editor-ref.asmref has no target assembly definition
Refreshing native plugins compatible for Editor in 4.94 ms, found 5 plugins.
[Package Manager] Failed to launch server process. Reason: Unity was launched with the -noUpm command-line argument
[Package Manager] Unable to send message (not connected to server process).
[Package Manager] Cannot connect to Unity Package Manager local server
[Package Manager] Failed to launch server process. Reason: Unity was launched with the -noUpm command-line argument
[Package Manager] Unable to send message (not connected to server process).
[Package Manager] Cannot connect to Unity Package Manager local server
[Licensing::Client] Error: Code 404 while processing request (status: Found 0 entitlement groups and 0 free entitlements matching requested entitlement ids)
[Licensing::Client] Error: Code 404 while processing request (status: Found 0 entitlement groups and 0 free entitlements matching requested entitlement ids)
[Licensing::Client] Error: Code 404 while processing request (status: Found 0 entitlement groups and 0 free entitlements matching requested entitlement ids)
ScheduleIndexationOnStartup MainProcess:False IndexOnStartup:True
Mono: successfully reloaded assembly
- Finished resetting the current domain, in  3.245 seconds
Domain Reload Profiling: 5015ms
	BeginReloadAssembly (421ms)
		ExecutionOrderSort (0ms)
		DisableScriptedObjects (27ms)
		BackupInstance (0ms)
		ReleaseScriptingObjects (0ms)
		CreateAndSetChildDomain (152ms)
	RebuildCommonClasses (63ms)
	RebuildNativeTypeToScriptingClass (19ms)
	initialDomainReloadingComplete (99ms)
	LoadAllAssembliesAndSetupDomain (1168ms)
		LoadAssemblies (727ms)
		RebuildTransferFunctionScriptingTraits (0ms)
		AnalyzeDomain (587ms)
			TypeCache.Refresh (12ms)
				TypeCache.ScanAssembly (0ms)
			BuildScriptInfoCaches (547ms)
			ResolveRequiredComponents (21ms)
	FinalizeReload (3245ms)
		ReleaseScriptCaches (0ms)
		RebuildScriptCaches (0ms)
		SetupLoadedEditorAssemblies (2941ms)
			LogAssemblyErrors (0ms)
			InitializePlatformSupportModulesInManaged (42ms)
			SetLoadedEditorAssemblies (11ms)
			BeforeProcessingInitializeOnLoad (374ms)
			ProcessInitializeOnLoadAttributes (1746ms)
			ProcessInitializeOnLoadMethodAttributes (749ms)
			AfterProcessingInitializeOnLoad (18ms)
			EditorAssembliesLoaded (1ms)
		ExecutionOrderSort2 (0ms)
		AwakeInstancesAfterBackupRestoration (34ms)
Refreshing native plugins compatible for Editor in 3.95 ms, found 5 plugins.
Preloading 1 native plugins for Editor in 0.09 ms.
Unloading 60 Unused Serialized files (Serialized files now loaded: 0)
Unloading 11011 unused Assets / (21.2 MB). Loaded Objects now: 12215.
Memory consumption went from 245.5 MB to 224.3 MB.
Total: 48.930700 ms (FindLiveObjects: 1.981000 ms CreateObjectMapping: 3.290400 ms MarkObjects: 29.396700 ms  DeleteObjects: 14.260600 ms)

Prepare: number of updated asset objects reloaded= 0
========================================================================
Received Prepare
Assembly reference Packages/com.unity.cinemachine/Editor/Samples/ExposeHDRPInternals/HDRP-Editor-ref.asmref has no target assembly definition
Assembly reference Packages/com.unity.cinemachine/Editor/Samples/ExposeHDRPInternals/HDRP-Editor-ref.asmref has no target assembly definition
Begin MonoManager ReloadAssembly
[Licensing::Client] Successfully resolved entitlement details
Symbol file LoadedFromMemory is not a mono symbol file
Symbol file LoadedFromMemory is not a mono symbol file
- Loaded All Assemblies, in  1.612 seconds
Assembly reference Packages/com.unity.cinemachine/Editor/Samples/ExposeHDRPInternals/HDRP-Editor-ref.asmref has no target assembly definition
'Packages/com.unity.cinemachine/Editor/Obsolete/CinemachineVirtualCameraBaseEditor.cs' contains partial class of Unity.Object, exactly 1 of the partial classes needs to be in a file with the same filename. This is to know the one that can be referenced from ie. GameObjects
'Packages/com.unity.cinemachine/Editor/Editors/CinemachineVirtualCameraBaseEditor.cs' contains partial class of Unity.Object, exactly 1 of the partial classes needs to be in a file with the same filename. This is to know the one that can be referenced from ie. GameObjects
Refreshing native plugins compatible for Editor in 3.29 ms, found 5 plugins.
Native extension for LinuxStandalone target not found
Native extension for AppleTV target not found
Native extension for iOS target not found
Native extension for Android target not found
Native extension for UWP target not found
Native extension for WindowsStandalone target not found
Failed to load: C:/Program Files/Unity/Hub/Editor/6000.3.6f1/Editor/Data/PlaybackEngines/VisionOSPlayer\x64\UnityEditor.VisionOS.Native.dll
Native extension for VisionOS target not found
Native extension for WebGL target not found
Assembly reference Packages/com.unity.cinemachine/Editor/Samples/ExposeHDRPInternals/HDRP-Editor-ref.asmref has no target assembly definition
Refreshing native plugins compatible for Editor in 5.62 ms, found 5 plugins.
[Package Manager] Failed to launch server process. Reason: Unity was launched with the -noUpm command-line argument
[Package Manager] Unable to send message (not connected to server process).
[Package Manager] Cannot connect to Unity Package Manager local server
[Package Manager] Failed to launch server process. Reason: Unity was launched with the -noUpm command-line argument
[Package Manager] Unable to send message (not connected to server process).
[Package Manager] Cannot connect to Unity Package Manager local server
[Licensing::Client] Error: Code 404 while processing request (status: Found 0 entitlement groups and 0 free entitlements matching requested entitlement ids)
[Licensing::Client] Error: Code 404 while processing request (status: Found 0 entitlement groups and 0 free entitlements matching requested entitlement ids)
[Licensing::Client] Error: Code 404 while processing request (status: Found 0 entitlement groups and 0 free entitlements matching requested entitlement ids)
ScheduleIndexationOnStartup MainProcess:False IndexOnStartup:True
Mono: successfully reloaded assembly
- Finished resetting the current domain, in  4.028 seconds
Domain Reload Profiling: 5642ms
	BeginReloadAssembly (411ms)
		ExecutionOrderSort (0ms)
		DisableScriptedObjects (38ms)
		BackupInstance (0ms)
		ReleaseScriptingObjects (0ms)
		CreateAndSetChildDomain (128ms)
	RebuildCommonClasses (50ms)
	RebuildNativeTypeToScriptingClass (17ms)
	initialDomainReloadingComplete (79ms)
	LoadAllAssembliesAndSetupDomain (1055ms)
		LoadAssemblies (687ms)
		RebuildTransferFunctionScriptingTraits (0ms)
		AnalyzeDomain (506ms)
			TypeCache.Refresh (14ms)
				TypeCache.ScanAssembly (0ms)
			BuildScriptInfoCaches (470ms)
			ResolveRequiredComponents (16ms)
	FinalizeReload (4030ms)
		ReleaseScriptCaches (0ms)
		RebuildScriptCaches (0ms)
		SetupLoadedEditorAssemblies (3615ms)
			LogAssemblyErrors (0ms)
			InitializePlatformSupportModulesInManaged (75ms)
			SetLoadedEditorAssemblies (20ms)
			BeforeProcessingInitializeOnLoad (523ms)
			ProcessInitializeOnLoadAttributes (2182ms)
			ProcessInitializeOnLoadMethodAttributes (796ms)
			AfterProcessingInitializeOnLoad (19ms)
			EditorAssembliesLoaded (1ms)
		ExecutionOrderSort2 (0ms)
		AwakeInstancesAfterBackupRestoration (37ms)
Refreshing native plugins compatible for Editor in 4.43 ms, found 5 plugins.
Preloading 1 native plugins for Editor in 0.09 ms.
Unloading 60 Unused Serialized files (Serialized files now loaded: 0)
Unloading 11011 unused Assets / (20.8 MB). Loaded Objects now: 12218.
Memory consumption went from 245.6 MB to 224.8 MB.
Total: 50.442800 ms (FindLiveObjects: 1.792300 ms CreateObjectMapping: 2.105500 ms MarkObjects: 32.897600 ms  DeleteObjects: 13.645000 ms)

Prepare: number of updated asset objects reloaded= 0
========================================================================
Received Prepare
Assembly reference Packages/com.unity.cinemachine/Editor/Samples/ExposeHDRPInternals/HDRP-Editor-ref.asmref has no target assembly definition
Assembly reference Packages/com.unity.cinemachine/Editor/Samples/ExposeHDRPInternals/HDRP-Editor-ref.asmref has no target assembly definition
Begin MonoManager ReloadAssembly
[Licensing::Client] Successfully resolved entitlement details
Symbol file LoadedFromMemory is not a mono symbol file
Symbol file LoadedFromMemory is not a mono symbol file
- Loaded All Assemblies, in  2.049 seconds
Assembly reference Packages/com.unity.cinemachine/Editor/Samples/ExposeHDRPInternals/HDRP-Editor-ref.asmref has no target assembly definition
'Packages/com.unity.cinemachine/Editor/Obsolete/CinemachineVirtualCameraBaseEditor.cs' contains partial class of Unity.Object, exactly 1 of the partial classes needs to be in a file with the same filename. This is to know the one that can be referenced from ie. GameObjects
'Packages/com.unity.cinemachine/Editor/Editors/CinemachineVirtualCameraBaseEditor.cs' contains partial class of Unity.Object, exactly 1 of the partial classes needs to be in a file with the same filename. This is to know the one that can be referenced from ie. GameObjects
Refreshing native plugins compatible for Editor in 3.19 ms, found 5 plugins.
Native extension for LinuxStandalone target not found
Native extension for AppleTV target not found
Native extension for iOS target not found
Native extension for Android target not found
Native extension for UWP target not found
Native extension for WindowsStandalone target not found
Failed to load: C:/Program Files/Unity/Hub/Editor/6000.3.6f1/Editor/Data/PlaybackEngines/VisionOSPlayer\x64\UnityEditor.VisionOS.Native.dll
Native extension for VisionOS target not found
Native extension for WebGL target not found
Assembly reference Packages/com.unity.cinemachine/Editor/Samples/ExposeHDRPInternals/HDRP-Editor-ref.asmref has no target assembly definition
Refreshing native plugins compatible for Editor in 3.14 ms, found 5 plugins.
[Package Manager] Failed to launch server process. Reason: Unity was launched with the -noUpm command-line argument
[Package Manager] Unable to send message (not connected to server process).
[Package Manager] Cannot connect to Unity Package Manager local server
[Package Manager] Failed to launch server process. Reason: Unity was launched with the -noUpm command-line argument
[Package Manager] Unable to send message (not connected to server process).
[Package Manager] Cannot connect to Unity Package Manager local server
[Licensing::Client] Error: Code 404 while processing request (status: Found 0 entitlement groups and 0 free entitlements matching requested entitlement ids)
[Licensing::Client] Error: Code 404 while processing request (status: Found 0 entitlement groups and 0 free entitlements matching requested entitlement ids)
[Licensing::Client] Error: Code 404 while processing request (status: Found 0 entitlement groups and 0 free entitlements matching requested entitlement ids)
ScheduleIndexationOnStartup MainProcess:False IndexOnStartup:True
Mono: successfully reloaded assembly
- Finished resetting the current domain, in  2.418 seconds
Domain Reload Profiling: 4459ms
	BeginReloadAssembly (448ms)
		ExecutionOrderSort (0ms)
		DisableScriptedObjects (28ms)
		BackupInstance (0ms)
		ReleaseScriptingObjects (0ms)
		CreateAndSetChildDomain (141ms)
	RebuildCommonClasses (95ms)
	RebuildNativeTypeToScriptingClass (23ms)
	initialDomainReloadingComplete (116ms)
	LoadAllAssembliesAndSetupDomain (1358ms)
		LoadAssemblies (968ms)
		RebuildTransferFunctionScriptingTraits (0ms)
		AnalyzeDomain (573ms)
			TypeCache.Refresh (25ms)
				TypeCache.ScanAssembly (2ms)
			BuildScriptInfoCaches (524ms)
			ResolveRequiredComponents (17ms)
	FinalizeReload (2418ms)
		ReleaseScriptCaches (0ms)
		RebuildScriptCaches (0ms)
		SetupLoadedEditorAssemblies (2151ms)
			LogAssemblyErrors (0ms)
			InitializePlatformSupportModulesInManaged (45ms)
			SetLoadedEditorAssemblies (12ms)
			BeforeProcessingInitializeOnLoad (352ms)
			ProcessInitializeOnLoadAttributes (1225ms)
			ProcessInitializeOnLoadMethodAttributes (500ms)
			AfterProcessingInitializeOnLoad (16ms)
			EditorAssembliesLoaded (1ms)
		ExecutionOrderSort2 (0ms)
		AwakeInstancesAfterBackupRestoration (21ms)
Refreshing native plugins compatible for Editor in 4.32 ms, found 5 plugins.
Preloading 1 native plugins for Editor in 0.12 ms.
Unloading 60 Unused Serialized files (Serialized files now loaded: 0)
Unloading 11011 unused Assets / (21.0 MB). Loaded Objects now: 12221.
Memory consumption went from 245.6 MB to 224.7 MB.
Total: 46.956500 ms (FindLiveObjects: 2.803500 ms CreateObjectMapping: 3.215500 ms MarkObjects: 30.676300 ms  DeleteObjects: 10.258500 ms)

Prepare: number of updated asset objects reloaded= 0
========================================================================
Received Prepare
Assembly reference Packages/com.unity.cinemachine/Editor/Samples/ExposeHDRPInternals/HDRP-Editor-ref.asmref has no target assembly definition
Assembly reference Packages/com.unity.cinemachine/Editor/Samples/ExposeHDRPInternals/HDRP-Editor-ref.asmref has no target assembly definition
Begin MonoManager ReloadAssembly
Symbol file LoadedFromMemory is not a mono symbol file
Symbol file LoadedFromMemory is not a mono symbol file
- Loaded All Assemblies, in  1.760 seconds
Assembly reference Packages/com.unity.cinemachine/Editor/Samples/ExposeHDRPInternals/HDRP-Editor-ref.asmref has no target assembly definition
'Packages/com.unity.cinemachine/Editor/Obsolete/CinemachineVirtualCameraBaseEditor.cs' contains partial class of Unity.Object, exactly 1 of the partial classes needs to be in a file with the same filename. This is to know the one that can be referenced from ie. GameObjects
'Packages/com.unity.cinemachine/Editor/Editors/CinemachineVirtualCameraBaseEditor.cs' contains partial class of Unity.Object, exactly 1 of the partial classes needs to be in a file with the same filename. This is to know the one that can be referenced from ie. GameObjects
Refreshing native plugins compatible for Editor in 3.20 ms, found 5 plugins.
Native extension for LinuxStandalone target not found
Native extension for AppleTV target not found
Native extension for iOS target not found
Native extension for Android target not found
Native extension for UWP target not found
Native extension for WindowsStandalone target not found
Failed to load: C:/Program Files/Unity/Hub/Editor/6000.3.6f1/Editor/Data/PlaybackEngines/VisionOSPlayer\x64\UnityEditor.VisionOS.Native.dll
Native extension for VisionOS target not found
Native extension for WebGL target not found
Assembly reference Packages/com.unity.cinemachine/Editor/Samples/ExposeHDRPInternals/HDRP-Editor-ref.asmref has no target assembly definition
Refreshing native plugins compatible for Editor in 5.21 ms, found 5 plugins.
[Package Manager] Failed to launch server process. Reason: Unity was launched with the -noUpm command-line argument
[Package Manager] Unable to send message (not connected to server process).
[Package Manager] Cannot connect to Unity Package Manager local server
[Package Manager] Failed to launch server process. Reason: Unity was launched with the -noUpm command-line argument
[Package Manager] Unable to send message (not connected to server process).
[Package Manager] Cannot connect to Unity Package Manager local server
[Licensing::Client] Error: Code 404 while processing request (status: Found 0 entitlement groups and 0 free entitlements matching requested entitlement ids)
[Licensing::Client] Error: Code 404 while processing request (status: Found 0 entitlement groups and 0 free entitlements matching requested entitlement ids)
[Licensing::Client] Error: Code 404 while processing request (status: Found 0 entitlement groups and 0 free entitlements matching requested entitlement ids)
ScheduleIndexationOnStartup MainProcess:False IndexOnStartup:True
Mono: successfully reloaded assembly
- Finished resetting the current domain, in  3.407 seconds
Domain Reload Profiling: 5165ms
	BeginReloadAssembly (393ms)
		ExecutionOrderSort (0ms)
		DisableScriptedObjects (24ms)
		BackupInstance (0ms)
		ReleaseScriptingObjects (0ms)
		CreateAndSetChildDomain (125ms)
	RebuildCommonClasses (63ms)
	RebuildNativeTypeToScriptingClass (19ms)
	initialDomainReloadingComplete (100ms)
	LoadAllAssembliesAndSetupDomain (1182ms)
		LoadAssemblies (762ms)
		RebuildTransferFunctionScriptingTraits (0ms)
		AnalyzeDomain (570ms)
			TypeCache.Refresh (13ms)
				TypeCache.ScanAssembly (0ms)
			BuildScriptInfoCaches (533ms)
			ResolveRequiredComponents (17ms)
	FinalizeReload (3408ms)
		ReleaseScriptCaches (0ms)
		RebuildScriptCaches (0ms)
		SetupLoadedEditorAssemblies (3076ms)
			LogAssemblyErrors (0ms)
			InitializePlatformSupportModulesInManaged (50ms)
			SetLoadedEditorAssemblies (15ms)
			BeforeProcessingInitializeOnLoad (473ms)
			ProcessInitializeOnLoadAttributes (1815ms)
			ProcessInitializeOnLoadMethodAttributes (701ms)
			AfterProcessingInitializeOnLoad (20ms)
			EditorAssembliesLoaded (1ms)
		ExecutionOrderSort2 (0ms)
		AwakeInstancesAfterBackupRestoration (31ms)
Refreshing native plugins compatible for Editor in 4.67 ms, found 5 plugins.
Preloading 1 native plugins for Editor in 0.09 ms.
Unloading 60 Unused Serialized files (Serialized files now loaded: 0)
Unloading 11011 unused Assets / (21.0 MB). Loaded Objects now: 12224.
Memory consumption went from 245.7 MB to 224.7 MB.
Total: 52.710000 ms (FindLiveObjects: 2.484800 ms CreateObjectMapping: 4.435100 ms MarkObjects: 31.862900 ms  DeleteObjects: 13.924100 ms)

Prepare: number of updated asset objects reloaded= 0
========================================================================
Received Prepare
Assembly reference Packages/com.unity.cinemachine/Editor/Samples/ExposeHDRPInternals/HDRP-Editor-ref.asmref has no target assembly definition
Assembly reference Packages/com.unity.cinemachine/Editor/Samples/ExposeHDRPInternals/HDRP-Editor-ref.asmref has no target assembly definition
Begin MonoManager ReloadAssembly
[Licensing::Client] Successfully resolved entitlement details
Symbol file LoadedFromMemory is not a mono symbol file
Symbol file LoadedFromMemory is not a mono symbol file
- Loaded All Assemblies, in  2.136 seconds
Assembly reference Packages/com.unity.cinemachine/Editor/Samples/ExposeHDRPInternals/HDRP-Editor-ref.asmref has no target assembly definition
'Packages/com.unity.cinemachine/Editor/Obsolete/CinemachineVirtualCameraBaseEditor.cs' contains partial class of Unity.Object, exactly 1 of the partial classes needs to be in a file with the same filename. This is to know the one that can be referenced from ie. GameObjects
'Packages/com.unity.cinemachine/Editor/Editors/CinemachineVirtualCameraBaseEditor.cs' contains partial class of Unity.Object, exactly 1 of the partial classes needs to be in a file with the same filename. This is to know the one that can be referenced from ie. GameObjects
Refreshing native plugins compatible for Editor in 3.72 ms, found 5 plugins.
Native extension for LinuxStandalone target not found
Native extension for AppleTV target not found
Native extension for iOS target not found
Native extension for Android target not found
Native extension for UWP target not found
Native extension for WindowsStandalone target not found
Failed to load: C:/Program Files/Unity/Hub/Editor/6000.3.6f1/Editor/Data/PlaybackEngines/VisionOSPlayer\x64\UnityEditor.VisionOS.Native.dll
Native extension for VisionOS target not found
Native extension for WebGL target not found
Assembly reference Packages/com.unity.cinemachine/Editor/Samples/ExposeHDRPInternals/HDRP-Editor-ref.asmref has no target assembly definition
Refreshing native plugins compatible for Editor in 5.10 ms, found 5 plugins.
[Package Manager] Failed to launch server process. Reason: Unity was launched with the -noUpm command-line argument
[Package Manager] Unable to send message (not connected to server process).
[Package Manager] Cannot connect to Unity Package Manager local server
[Package Manager] Failed to launch server process. Reason: Unity was launched with the -noUpm command-line argument
[Package Manager] Unable to send message (not connected to server process).
[Package Manager] Cannot connect to Unity Package Manager local server
[Licensing::Client] Error: Code 404 while processing request (status: Found 0 entitlement groups and 0 free entitlements matching requested entitlement ids)
[Licensing::Client] Error: Code 404 while processing request (status: Found 0 entitlement groups and 0 free entitlements matching requested entitlement ids)
[Licensing::Client] Error: Code 404 while processing request (status: Found 0 entitlement groups and 0 free entitlements matching requested entitlement ids)
ScheduleIndexationOnStartup MainProcess:False IndexOnStartup:True
Mono: successfully reloaded assembly
- Finished resetting the current domain, in  2.927 seconds
Domain Reload Profiling: 5056ms
	BeginReloadAssembly (541ms)
		ExecutionOrderSort (0ms)
		DisableScriptedObjects (36ms)
		BackupInstance (0ms)
		ReleaseScriptingObjects (1ms)
		CreateAndSetChildDomain (187ms)
	RebuildCommonClasses (81ms)
	RebuildNativeTypeToScriptingClass (18ms)
	initialDomainReloadingComplete (113ms)
	LoadAllAssembliesAndSetupDomain (1375ms)
		LoadAssemblies (956ms)
		RebuildTransferFunctionScriptingTraits (0ms)
		AnalyzeDomain (621ms)
			TypeCache.Refresh (26ms)
				TypeCache.ScanAssembly (2ms)
			BuildScriptInfoCaches (573ms)
			ResolveRequiredComponents (15ms)
	FinalizeReload (2928ms)
		ReleaseScriptCaches (0ms)
		RebuildScriptCaches (0ms)
		SetupLoadedEditorAssemblies (2609ms)
			LogAssemblyErrors (0ms)
			InitializePlatformSupportModulesInManaged (48ms)
			SetLoadedEditorAssemblies (18ms)
			BeforeProcessingInitializeOnLoad (427ms)
			ProcessInitializeOnLoadAttributes (1444ms)
			ProcessInitializeOnLoadMethodAttributes (652ms)
			AfterProcessingInitializeOnLoad (19ms)
			EditorAssembliesLoaded (1ms)
		ExecutionOrderSort2 (0ms)
		AwakeInstancesAfterBackupRestoration (28ms)
Refreshing native plugins compatible for Editor in 4.61 ms, found 5 plugins.
Preloading 1 native plugins for Editor in 0.09 ms.
Unloading 60 Unused Serialized files (Serialized files now loaded: 0)
Unloading 11011 unused Assets / (21.0 MB). Loaded Objects now: 12227.
Memory consumption went from 245.7 MB to 224.7 MB.
Total: 46.485100 ms (FindLiveObjects: 2.780500 ms CreateObjectMapping: 2.685900 ms MarkObjects: 29.830500 ms  DeleteObjects: 11.185800 ms)

Prepare: number of updated asset objects reloaded= 0
========================================================================
Received Prepare
Assembly reference Packages/com.unity.cinemachine/Editor/Samples/ExposeHDRPInternals/HDRP-Editor-ref.asmref has no target assembly definition
Assembly reference Packages/com.unity.cinemachine/Editor/Samples/ExposeHDRPInternals/HDRP-Editor-ref.asmref has no target assembly definition
Begin MonoManager ReloadAssembly
Symbol file LoadedFromMemory is not a mono symbol file
Symbol file LoadedFromMemory is not a mono symbol file
- Loaded All Assemblies, in  1.507 seconds
Assembly reference Packages/com.unity.cinemachine/Editor/Samples/ExposeHDRPInternals/HDRP-Editor-ref.asmref has no target assembly definition
'Packages/com.unity.cinemachine/Editor/Obsolete/CinemachineVirtualCameraBaseEditor.cs' contains partial class of Unity.Object, exactly 1 of the partial classes needs to be in a file with the same filename. This is to know the one that can be referenced from ie. GameObjects
'Packages/com.unity.cinemachine/Editor/Editors/CinemachineVirtualCameraBaseEditor.cs' contains partial class of Unity.Object, exactly 1 of the partial classes needs to be in a file with the same filename. This is to know the one that can be referenced from ie. GameObjects
Refreshing native plugins compatible for Editor in 2.91 ms, found 5 plugins.
Native extension for LinuxStandalone target not found
Native extension for AppleTV target not found
Native extension for iOS target not found
Native extension for Android target not found
Native extension for UWP target not found
Native extension for WindowsStandalone target not found
Failed to load: C:/Program Files/Unity/Hub/Editor/6000.3.6f1/Editor/Data/PlaybackEngines/VisionOSPlayer\x64\UnityEditor.VisionOS.Native.dll
Native extension for VisionOS target not found
Native extension for WebGL target not found
Assembly reference Packages/com.unity.cinemachine/Editor/Samples/ExposeHDRPInternals/HDRP-Editor-ref.asmref has no target assembly definition
Refreshing native plugins compatible for Editor in 4.31 ms, found 5 plugins.
[Package Manager] Failed to launch server process. Reason: Unity was launched with the -noUpm command-line argument
[Package Manager] Unable to send message (not connected to server process).
[Package Manager] Cannot connect to Unity Package Manager local server
[Package Manager] Failed to launch server process. Reason: Unity was launched with the -noUpm command-line argument
[Package Manager] Unable to send message (not connected to server process).
[Package Manager] Cannot connect to Unity Package Manager local server
[Licensing::Client] Error: Code 404 while processing request (status: Found 0 entitlement groups and 0 free entitlements matching requested entitlement ids)
[Licensing::Client] Error: Code 404 while processing request (status: Found 0 entitlement groups and 0 free entitlements matching requested entitlement ids)
[Licensing::Client] Error: Code 404 while processing request (status: Found 0 entitlement groups and 0 free entitlements matching requested entitlement ids)
ScheduleIndexationOnStartup MainProcess:False IndexOnStartup:True
Mono: successfully reloaded assembly
- Finished resetting the current domain, in  3.347 seconds
Domain Reload Profiling: 4853ms
	BeginReloadAssembly (378ms)
		ExecutionOrderSort (0ms)
		DisableScriptedObjects (20ms)
		BackupInstance (0ms)
		ReleaseScriptingObjects (0ms)
		CreateAndSetChildDomain (127ms)
	RebuildCommonClasses (51ms)
	RebuildNativeTypeToScriptingClass (18ms)
	initialDomainReloadingComplete (82ms)
	LoadAllAssembliesAndSetupDomain (977ms)
		LoadAssemblies (633ms)
		RebuildTransferFunctionScriptingTraits (0ms)
		AnalyzeDomain (494ms)
			TypeCache.Refresh (11ms)
				TypeCache.ScanAssembly (0ms)
			BuildScriptInfoCaches (461ms)
			ResolveRequiredComponents (16ms)
	FinalizeReload (3348ms)
		ReleaseScriptCaches (0ms)
		RebuildScriptCaches (0ms)
		SetupLoadedEditorAssemblies (3079ms)
			LogAssemblyErrors (0ms)
			InitializePlatformSupportModulesInManaged (44ms)
			SetLoadedEditorAssemblies (14ms)
			BeforeProcessingInitializeOnLoad (386ms)
			ProcessInitializeOnLoadAttributes (1918ms)
			ProcessInitializeOnLoadMethodAttributes (696ms)
			AfterProcessingInitializeOnLoad (20ms)
			EditorAssembliesLoaded (1ms)
		ExecutionOrderSort2 (0ms)
		AwakeInstancesAfterBackupRestoration (30ms)
Refreshing native plugins compatible for Editor in 3.96 ms, found 5 plugins.
Preloading 1 native plugins for Editor in 0.13 ms.
Unloading 60 Unused Serialized files (Serialized files now loaded: 0)
Unloading 11011 unused Assets / (21.0 MB). Loaded Objects now: 12230.
Memory consumption went from 245.8 MB to 224.9 MB.
Total: 47.940800 ms (FindLiveObjects: 2.374800 ms CreateObjectMapping: 2.686700 ms MarkObjects: 29.626400 ms  DeleteObjects: 13.250500 ms)

Prepare: number of updated asset objects reloaded= 0
========================================================================
Received Import Request.
  Time since last request: 2009.403353 seconds.
  path: Assets/Prefabs/Customers/Mr. Smith/Mr. Smith.prefab
  artifactKey: Guid(0eaf664c02473764c93dd4aa7966df75) Importer(815301076,1909f56bfc062723c751e8b465ee728b)
Start importing Assets/Prefabs/Customers/Mr. Smith/Mr. Smith.prefab using Guid(0eaf664c02473764c93dd4aa7966df75) Importer(815301076,1909f56bfc062723c751e8b465ee728b) (PreviewImporter) -> (artifact id: 'edd34b2d48f4c52943409895ac4512c5') in 0.6184855 seconds
Number of updated asset objects reloaded before import = 0Number of asset objects unloaded after import = 40

========================================================================
Received Import Request.
  Time since last request: 100.356346 seconds.
  path: Assets/Prefabs/TilePanel/Stone Tile.asset
  artifactKey: Guid(bf1efa00177ce304ab005f14f99fda51) Importer(815301076,1909f56bfc062723c751e8b465ee728b)
Start importing Assets/Prefabs/TilePanel/Stone Tile.asset using Guid(bf1efa00177ce304ab005f14f99fda51) Importer(815301076,1909f56bfc062723c751e8b465ee728b) (PreviewImporter) -> (artifact id: 'cbb3a5bcef40e76d89b0e5e7bdb2473b') in 0.0280539 seconds
Number of updated asset objects reloaded before import = 0Number of asset objects unloaded after import = 9

========================================================================
Received Import Request.
  Time since last request: 336.385864 seconds.
  path: Assets/Prefabs/Customers/Mr. Smith/DefineSprite_387/50.png
  artifactKey: Guid(dd4ea987c4747a346baa326c454c4f8c) Importer(815301076,1909f56bfc062723c751e8b465ee728b)
Start importing Assets/Prefabs/Customers/Mr. Smith/DefineSprite_387/50.png using Guid(dd4ea987c4747a346baa326c454c4f8c) Importer(815301076,1909f56bfc062723c751e8b465ee728b) (PreviewImporter) -> (artifact id: 'de8da0e4ff0c6c7600a1a6f9b7fe3c3a') in 0.0509243 seconds
Number of updated asset objects reloaded before import = 0Number of asset objects unloaded after import = 3

========================================================================
Received Import Request.
  Time since last request: 0.000089 seconds.
  path: Assets/Prefabs/Customers/Mr. Smith/DefineSprite_387/52.png
  artifactKey: Guid(cbd757b39e403f749af00853033b1815) Importer(815301076,1909f56bfc062723c751e8b465ee728b)
Start importing Assets/Prefabs/Customers/Mr. Smith/DefineSprite_387/52.png using Guid(cbd757b39e403f749af00853033b1815) Importer(815301076,1909f56bfc062723c751e8b465ee728b) (PreviewImporter) -> (artifact id: '4b4bf059d70e8d305252209e0f996445') in 0.0269917 seconds
Number of updated asset objects reloaded before import = 0Number of asset objects unloaded after import = 3

========================================================================
Received Import Request.
  Time since last request: 0.000049 seconds.
  path: Assets/Prefabs/Customers/Mr. Smith/DefineSprite_387/61.png
  artifactKey: Guid(5aaaecb8cb5812a40b0e2599ab8a9e37) Importer(815301076,1909f56bfc062723c751e8b465ee728b)
Start importing Assets/Prefabs/Customers/Mr. Smith/DefineSprite_387/61.png using Guid(5aaaecb8cb5812a40b0e2599ab8a9e37) Importer(815301076,1909f56bfc062723c751e8b465ee728b) (PreviewImporter) -> (artifact id: '96c6b35a82cb3237d2bd6a6457a68458') in 0.0324252 seconds
Number of updated asset objects reloaded before import = 0Number of asset objects unloaded after import = 3

========================================================================
Received Import Request.
  Time since last request: 0.000057 seconds.
  path: Assets/Prefabs/Customers/Mr. Smith/DefineSprite_387/69.png
  artifactKey: Guid(06584c2ff50e22f44b0ef172ff525d9a) Importer(815301076,1909f56bfc062723c751e8b465ee728b)
Start importing Assets/Prefabs/Customers/Mr. Smith/DefineSprite_387/69.png using Guid(06584c2ff50e22f44b0ef172ff525d9a) Importer(815301076,1909f56bfc062723c751e8b465ee728b) (PreviewImporter) -> (artifact id: '2092d7999dfb3349459c74299ba74807') in 0.0301933 seconds
Number of updated asset objects reloaded before import = 0Number of asset objects unloaded after import = 3

========================================================================
Received Import Request.
  Time since last request: 0.000070 seconds.
  path: Assets/Prefabs/Customers/Mr. Smith/DefineSprite_387/72.png
  artifactKey: Guid(96f8ac024fb16564fb24e58a7f3b68ca) Importer(815301076,1909f56bfc062723c751e8b465ee728b)
Start importing Assets/Prefabs/Customers/Mr. Smith/DefineSprite_387/72.png using Guid(96f8ac024fb16564fb24e58a7f3b68ca) Importer(815301076,1909f56bfc062723c751e8b465ee728b) (PreviewImporter) -> (artifact id: 'c2f3bd9c203ee4c11ffb05f66cea7776') in 0.0322993 seconds
Number of updated asset objects reloaded before import = 0Number of asset objects unloaded after import = 3

========================================================================
Received Import Request.
  Time since last request: 0.000045 seconds.
  path: Assets/Prefabs/Customers/Mr. Smith/DefineSprite_387/75.png
  artifactKey: Guid(5efe141b9bb7edf4aaff10587998663b) Importer(815301076,1909f56bfc062723c751e8b465ee728b)
Start importing Assets/Prefabs/Customers/Mr. Smith/DefineSprite_387/75.png using Guid(5efe141b9bb7edf4aaff10587998663b) Importer(815301076,1909f56bfc062723c751e8b465ee728b) (PreviewImporter) -> (artifact id: '8294864ee1cdb550e6a29ad865694493') in 0.0282496 seconds
Number of updated asset objects reloaded before import = 0Number of asset objects unloaded after import = 3

========================================================================
Received Import Request.
  Time since last request: 0.000063 seconds.
  path: Assets/Prefabs/Customers/Mr. Smith/DefineSprite_387/81.png
  artifactKey: Guid(3ca15283126bea0478d4b5040cf6fa0b) Importer(815301076,1909f56bfc062723c751e8b465ee728b)
Start importing Assets/Prefabs/Customers/Mr. Smith/DefineSprite_387/81.png using Guid(3ca15283126bea0478d4b5040cf6fa0b) Importer(815301076,1909f56bfc062723c751e8b465ee728b) (PreviewImporter) -> (artifact id: 'd2717fcf4d44a024fb28c6f3363c98a2') in 0.0395112 seconds
Number of updated asset objects reloaded before import = 0Number of asset objects unloaded after import = 3

========================================================================
Received Import Request.
  Time since last request: 0.000032 seconds.
  path: Assets/Prefabs/Customers/Mr. Smith/DefineSprite_387/89.png
  artifactKey: Guid(d877730d7a15e0b4d8b415971a0064f4) Importer(815301076,1909f56bfc062723c751e8b465ee728b)
Start importing Assets/Prefabs/Customers/Mr. Smith/DefineSprite_387/89.png using Guid(d877730d7a15e0b4d8b415971a0064f4) Importer(815301076,1909f56bfc062723c751e8b465ee728b) (PreviewImporter) -> (artifact id: '339498dcaa07518fbd42ebfb639363da') in 0.0359637 seconds
Number of updated asset objects reloaded before import = 0Number of asset objects unloaded after import = 3

========================================================================
Received Import Request.
  Time since last request: 0.000048 seconds.
  path: Assets/Prefabs/Customers/Mr. Smith/DefineSprite_387/63.png
  artifactKey: Guid(b5fb82e98abc66248bb3c609fc75ef6e) Importer(815301076,1909f56bfc062723c751e8b465ee728b)
Start importing Assets/Prefabs/Customers/Mr. Smith/DefineSprite_387/63.png using Guid(b5fb82e98abc66248bb3c609fc75ef6e) Importer(815301076,1909f56bfc062723c751e8b465ee728b) (PreviewImporter) -> (artifact id: 'b00484db2e47317e6fde297504878898') in 0.0273136 seconds
Number of updated asset objects reloaded before import = 0Number of asset objects unloaded after import = 3

========================================================================
Received Import Request.
  Time since last request: 0.000075 seconds.
  path: Assets/Prefabs/Customers/Mr. Smith/DefineSprite_387/82.png
  artifactKey: Guid(81bab467bde86d64897a05c3cb990994) Importer(815301076,1909f56bfc062723c751e8b465ee728b)
Start importing Assets/Prefabs/Customers/Mr. Smith/DefineSprite_387/82.png using Guid(81bab467bde86d64897a05c3cb990994) Importer(815301076,1909f56bfc062723c751e8b465ee728b) (PreviewImporter) -> (artifact id: '1e3a3a498a4239f2bacec36aae01dae1') in 0.0255065 seconds
Number of updated asset objects reloaded before import = 0Number of asset objects unloaded after import = 3

========================================================================
Received Import Request.
  Time since last request: 0.000040 seconds.
  path: Assets/Prefabs/Customers/Mr. Smith/DefineSprite_387/96.png
  artifactKey: Guid(7f860d8ebec21494fb89ca14ce788211) Importer(815301076,1909f56bfc062723c751e8b465ee728b)
Start importing Assets/Prefabs/Customers/Mr. Smith/DefineSprite_387/96.png using Guid(7f860d8ebec21494fb89ca14ce788211) Importer(815301076,1909f56bfc062723c751e8b465ee728b) (PreviewImporter) -> (artifact id: '2c51f6cbfe776f8902f7b5fa6cca98cc') in 0.0238167 seconds
Number of updated asset objects reloaded before import = 0Number of asset objects unloaded after import = 3

========================================================================
Received Import Request.
  Time since last request: 0.000039 seconds.
  path: Assets/Prefabs/Customers/Mr. Smith/DefineSprite_387/95.png
  artifactKey: Guid(aca3848b300bfaa4c8efad02a1647a23) Importer(815301076,1909f56bfc062723c751e8b465ee728b)
Start importing Assets/Prefabs/Customers/Mr. Smith/DefineSprite_387/95.png using Guid(aca3848b300bfaa4c8efad02a1647a23) Importer(815301076,1909f56bfc062723c751e8b465ee728b) (PreviewImporter) -> (artifact id: '362e5b3eccbef721e8b792bc6d5e8a3a') in 0.0278649 seconds
Number of updated asset objects reloaded before import = 0Number of asset objects unloaded after import = 3

========================================================================
Received Import Request.
  Time since last request: 0.000041 seconds.
  path: Assets/Prefabs/Customers/Mr. Smith/DefineSprite_387/105.png
  artifactKey: Guid(b4332ebf28b64f14abd010c4c6e20cc1) Importer(815301076,1909f56bfc062723c751e8b465ee728b)
Start importing Assets/Prefabs/Customers/Mr. Smith/DefineSprite_387/105.png using Guid(b4332ebf28b64f14abd010c4c6e20cc1) Importer(815301076,1909f56bfc062723c751e8b465ee728b) (PreviewImporter) -> (artifact id: 'bab36f66a0a32bdbfc0170c2415a6c55') in 0.027593 seconds
Number of updated asset objects reloaded before import = 0Number of asset objects unloaded after import = 3

========================================================================
Received Import Request.
  Time since last request: 0.000074 seconds.
  path: Assets/Prefabs/Customers/Mr. Smith/DefineSprite_387/114.png
  artifactKey: Guid(832b3d3069f95c84c933d8c17561820e) Importer(815301076,1909f56bfc062723c751e8b465ee728b)
Start importing Assets/Prefabs/Customers/Mr. Smith/DefineSprite_387/114.png using Guid(832b3d3069f95c84c933d8c17561820e) Importer(815301076,1909f56bfc062723c751e8b465ee728b) (PreviewImporter) -> (artifact id: 'e013bc9513a12f89a76bad96a21ae6ce') in 0.026338 seconds
Number of updated asset objects reloaded before import = 0Number of asset objects unloaded after import = 3

========================================================================
Received Import Request.
  Time since last request: 0.000036 seconds.
  path: Assets/Prefabs/Customers/Mr. Smith/DefineSprite_387/53.png
  artifactKey: Guid(3ba637258f0832547bc0032bbe274f61) Importer(815301076,1909f56bfc062723c751e8b465ee728b)
Start importing Assets/Prefabs/Customers/Mr. Smith/DefineSprite_387/53.png using Guid(3ba637258f0832547bc0032bbe274f61) Importer(815301076,1909f56bfc062723c751e8b465ee728b) (PreviewImporter) -> (artifact id: '5b37b9b2994c75f21d911e05d57212d4') in 0.025014 seconds
Number of updated asset objects reloaded before import = 0Number of asset objects unloaded after import = 3

========================================================================
Received Import Request.
  Time since last request: 0.000039 seconds.
  path: Assets/Prefabs/Customers/Mr. Smith/DefineSprite_387/70.png
  artifactKey: Guid(e0dcd2121676c1f4fa6713dc72917312) Importer(815301076,1909f56bfc062723c751e8b465ee728b)
Start importing Assets/Prefabs/Customers/Mr. Smith/DefineSprite_387/70.png using Guid(e0dcd2121676c1f4fa6713dc72917312) Importer(815301076,1909f56bfc062723c751e8b465ee728b) (PreviewImporter) -> (artifact id: '836cf3514a88a7d2f10010819eb348d9') in 0.0270405 seconds
Number of updated asset objects reloaded before import = 0Number of asset objects unloaded after import = 3

========================================================================
Received Import Request.
  Time since last request: 0.000044 seconds.
  path: Assets/Prefabs/Customers/Mr. Smith/DefineSprite_387/111.png
  artifactKey: Guid(4fffd99c81aa7f84a825dd0994c2b3e5) Importer(815301076,1909f56bfc062723c751e8b465ee728b)
Start importing Assets/Prefabs/Customers/Mr. Smith/DefineSprite_387/111.png using Guid(4fffd99c81aa7f84a825dd0994c2b3e5) Importer(815301076,1909f56bfc062723c751e8b465ee728b) (PreviewImporter) -> (artifact id: 'dbf31cbff0d31c32d2c730eb0986d4f0') in 0.0257244 seconds
Number of updated asset objects reloaded before import = 0Number of asset objects unloaded after import = 3

========================================================================
Received Import Request.
  Time since last request: 0.000042 seconds.
  path: Assets/Prefabs/Customers/Mr. Smith/DefineSprite_387/84.png
  artifactKey: Guid(ffe8961c72e4ecb4eb14c0e57d1a10e9) Importer(815301076,1909f56bfc062723c751e8b465ee728b)
Start importing Assets/Prefabs/Customers/Mr. Smith/DefineSprite_387/84.png using Guid(ffe8961c72e4ecb4eb14c0e57d1a10e9) Importer(815301076,1909f56bfc062723c751e8b465ee728b) (PreviewImporter) -> (artifact id: '6db8d90c72d5f0a2913e17e44295640d') in 0.0214204 seconds
Number of updated asset objects reloaded before import = 0Number of asset objects unloaded after import = 3

========================================================================
Received Import Request.
  Time since last request: 0.000030 seconds.
  path: Assets/Prefabs/Customers/Mr. Smith/DefineSprite_387/136.png
  artifactKey: Guid(784859da1caacb54d86246b211f86e8d) Importer(815301076,1909f56bfc062723c751e8b465ee728b)
Start importing Assets/Prefabs/Customers/Mr. Smith/DefineSprite_387/136.png using Guid(784859da1caacb54d86246b211f86e8d) Importer(815301076,1909f56bfc062723c751e8b465ee728b) (PreviewImporter) -> (artifact id: '27d3f625e9e2d5a36cb4b7186e3adcb7') in 0.0289195 seconds
Number of updated asset objects reloaded before import = 0Number of asset objects unloaded after import = 3

========================================================================
Received Import Request.
  Time since last request: 0.000039 seconds.
  path: Assets/Prefabs/Customers/Mr. Smith/DefineSprite_387/140.png
  artifactKey: Guid(c0d938731ac32754ebe1463e42d24c16) Importer(815301076,1909f56bfc062723c751e8b465ee728b)
Start importing Assets/Prefabs/Customers/Mr. Smith/DefineSprite_387/140.png using Guid(c0d938731ac32754ebe1463e42d24c16) Importer(815301076,1909f56bfc062723c751e8b465ee728b) (PreviewImporter) -> (artifact id: '12ca8f29f435393595ba4225dc3aed01') in 0.0227943 seconds
Number of updated asset objects reloaded before import = 0Number of asset objects unloaded after import = 3

========================================================================
Received Import Request.
  Time since last request: 0.000038 seconds.
  path: Assets/Prefabs/Customers/Mr. Smith/DefineSprite_387/146.png
  artifactKey: Guid(1c79278e8ae749041be51b21884defd5) Importer(815301076,1909f56bfc062723c751e8b465ee728b)
Start importing Assets/Prefabs/Customers/Mr. Smith/DefineSprite_387/146.png using Guid(1c79278e8ae749041be51b21884defd5) Importer(815301076,1909f56bfc062723c751e8b465ee728b) (PreviewImporter) -> (artifact id: '7646dff6c7fa5012b0ef3af43b0b0563') in 0.0242253 seconds
Number of updated asset objects reloaded before import = 0Number of asset objects unloaded after import = 3

========================================================================
Received Import Request.
  Time since last request: 0.000052 seconds.
  path: Assets/Prefabs/Customers/Mr. Smith/DefineSprite_387/158.png
  artifactKey: Guid(379af01008da807418d2c4dbc01cb7df) Importer(815301076,1909f56bfc062723c751e8b465ee728b)
Start importing Assets/Prefabs/Customers/Mr. Smith/DefineSprite_387/158.png using Guid(379af01008da807418d2c4dbc01cb7df) Importer(815301076,1909f56bfc062723c751e8b465ee728b) (PreviewImporter) -> (artifact id: '09cea4aeae6bf409b520e2381fc9e600') in 0.0214445 seconds
Number of updated asset objects reloaded before import = 0Number of asset objects unloaded after import = 3

========================================================================
Received Import Request.
  Time since last request: 0.000030 seconds.
  path: Assets/Prefabs/Customers/Mr. Smith/DefineSprite_387/65.png
  artifactKey: Guid(1a5ce1ada812a1d49899f2ea0aa75464) Importer(815301076,1909f56bfc062723c751e8b465ee728b)
Start importing Assets/Prefabs/Customers/Mr. Smith/DefineSprite_387/65.png using Guid(1a5ce1ada812a1d49899f2ea0aa75464) Importer(815301076,1909f56bfc062723c751e8b465ee728b) (PreviewImporter) -> (artifact id: '14f023f2897f3a6b2018685fd76aadd7') in 0.0238474 seconds
Number of updated asset objects reloaded before import = 0Number of asset objects unloaded after import = 3

========================================================================
Received Import Request.
  Time since last request: 0.000035 seconds.
  path: Assets/Prefabs/Customers/Mr. Smith/DefineSprite_387/134.png
  artifactKey: Guid(464696788753fde4bb380dcf5eb869e9) Importer(815301076,1909f56bfc062723c751e8b465ee728b)
Start importing Assets/Prefabs/Customers/Mr. Smith/DefineSprite_387/134.png using Guid(464696788753fde4bb380dcf5eb869e9) Importer(815301076,1909f56bfc062723c751e8b465ee728b) (PreviewImporter) -> (artifact id: '94f7cb40d4273e62c39d93a019994e01') in 0.0281882 seconds
Number of updated asset objects reloaded before import = 0Number of asset objects unloaded after import = 3

========================================================================
Received Import Request.
  Time since last request: 0.000035 seconds.
  path: Assets/Prefabs/Customers/Mr. Smith/DefineSprite_387/98.png
  artifactKey: Guid(bf64e4c7f3dff66458474d57b3de5085) Importer(815301076,1909f56bfc062723c751e8b465ee728b)
Start importing Assets/Prefabs/Customers/Mr. Smith/DefineSprite_387/98.png using Guid(bf64e4c7f3dff66458474d57b3de5085) Importer(815301076,1909f56bfc062723c751e8b465ee728b) (PreviewImporter) -> (artifact id: '05df4d07686d76a80093d41db961b422') in 0.0245807 seconds
Number of updated asset objects reloaded before import = 0Number of asset objects unloaded after import = 3

========================================================================
Received Import Request.
  Time since last request: 0.000060 seconds.
  path: Assets/Prefabs/Customers/Mr. Smith/DefineSprite_387/118.png
  artifactKey: Guid(88d45db570259f74e8d61f22b272c94b) Importer(815301076,1909f56bfc062723c751e8b465ee728b)
Start importing Assets/Prefabs/Customers/Mr. Smith/DefineSprite_387/118.png using Guid(88d45db570259f74e8d61f22b272c94b) Importer(815301076,1909f56bfc062723c751e8b465ee728b) (PreviewImporter) -> (artifact id: '765bc0eca2699964440c28b2aafddb05') in 0.0224064 seconds
Number of updated asset objects reloaded before import = 0Number of asset objects unloaded after import = 3

========================================================================
Received Import Request.
  Time since last request: 0.000044 seconds.
  path: Assets/Prefabs/Customers/Mr. Smith/DefineSprite_387/87.png
  artifactKey: Guid(1a73556855466f44996969dc8e102af1) Importer(815301076,1909f56bfc062723c751e8b465ee728b)
Start importing Assets/Prefabs/Customers/Mr. Smith/DefineSprite_387/87.png using Guid(1a73556855466f44996969dc8e102af1) Importer(815301076,1909f56bfc062723c751e8b465ee728b) (PreviewImporter) -> (artifact id: '1e76543eedbf20e5ecbb2cdd9c061d93') in 0.0263826 seconds
Number of updated asset objects reloaded before import = 0Number of asset objects unloaded after import = 3

========================================================================
Received Import Request.
  Time since last request: 0.000034 seconds.
  path: Assets/Prefabs/Customers/Mr. Smith/DefineSprite_387/166.png
  artifactKey: Guid(e924a41c98783b44ea0614b4a81fe4cf) Importer(815301076,1909f56bfc062723c751e8b465ee728b)
Start importing Assets/Prefabs/Customers/Mr. Smith/DefineSprite_387/166.png using Guid(e924a41c98783b44ea0614b4a81fe4cf) Importer(815301076,1909f56bfc062723c751e8b465ee728b) (PreviewImporter) -> (artifact id: '2e01f09516cac7775b338c532d92bd07') in 0.0234373 seconds
Number of updated asset objects reloaded before import = 0Number of asset objects unloaded after import = 3

========================================================================
Received Import Request.
  Time since last request: 0.000034 seconds.
  path: Assets/Prefabs/Customers/Mr. Smith/DefineSprite_387/171.png
  artifactKey: Guid(8d6c8943243add4479413201172a7d0f) Importer(815301076,1909f56bfc062723c751e8b465ee728b)
Start importing Assets/Prefabs/Customers/Mr. Smith/DefineSprite_387/171.png using Guid(8d6c8943243add4479413201172a7d0f) Importer(815301076,1909f56bfc062723c751e8b465ee728b) (PreviewImporter) -> (artifact id: '18a983f14214744127b7103729b3fd9c') in 0.0225741 seconds
Number of updated asset objects reloaded before import = 0Number of asset objects unloaded after import = 3

========================================================================
Received Import Request.
  Time since last request: 0.000045 seconds.
  path: Assets/Prefabs/Customers/Mr. Smith/DefineSprite_387/132.png
  artifactKey: Guid(e58e9d898d094e246a3a5c2ae0528137) Importer(815301076,1909f56bfc062723c751e8b465ee728b)
Start importing Assets/Prefabs/Customers/Mr. Smith/DefineSprite_387/132.png using Guid(e58e9d898d094e246a3a5c2ae0528137) Importer(815301076,1909f56bfc062723c751e8b465ee728b) (PreviewImporter) -> (artifact id: 'ee03b985b609e39fb15495fd8916dc3c') in 0.0230245 seconds
Number of updated asset objects reloaded before import = 0Number of asset objects unloaded after import = 3

========================================================================
Received Import Request.
  Time since last request: 0.000046 seconds.
  path: Assets/Prefabs/Customers/Mr. Smith/DefineSprite_387/115.png
  artifactKey: Guid(a899b2f8e8b34c643b20a4dcee6a0a97) Importer(815301076,1909f56bfc062723c751e8b465ee728b)
Start importing Assets/Prefabs/Customers/Mr. Smith/DefineSprite_387/115.png using Guid(a899b2f8e8b34c643b20a4dcee6a0a97) Importer(815301076,1909f56bfc062723c751e8b465ee728b) (PreviewImporter) -> (artifact id: 'd0bd7b58dc61d605bbf2e4290fd8d3d3') in 0.0263805 seconds
Number of updated asset objects reloaded before import = 0Number of asset objects unloaded after import = 3

========================================================================
Received Import Request.
  Time since last request: 0.000031 seconds.
  path: Assets/Prefabs/Customers/Mr. Smith/DefineSprite_387/180.png
  artifactKey: Guid(2177884d25619bc4685296bb90920c10) Importer(815301076,1909f56bfc062723c751e8b465ee728b)
Start importing Assets/Prefabs/Customers/Mr. Smith/DefineSprite_387/180.png using Guid(2177884d25619bc4685296bb90920c10) Importer(815301076,1909f56bfc062723c751e8b465ee728b) (PreviewImporter) -> (artifact id: '0490a73eb493791304487024174af5d4') in 0.023321 seconds
Number of updated asset objects reloaded before import = 0Number of asset objects unloaded after import = 3

========================================================================
Received Import Request.
  Time since last request: 0.000043 seconds.
  path: Assets/Prefabs/Customers/Mr. Smith/DefineSprite_387/127.png
  artifactKey: Guid(fbe914a84296e164ba29129b84d7ab78) Importer(815301076,1909f56bfc062723c751e8b465ee728b)
Start importing Assets/Prefabs/Customers/Mr. Smith/DefineSprite_387/127.png using Guid(fbe914a84296e164ba29129b84d7ab78) Importer(815301076,1909f56bfc062723c751e8b465ee728b) (PreviewImporter) -> (artifact id: '13d694135751cd901d8b546a6a868548') in 0.028589 seconds
Number of updated asset objects reloaded before import = 0Number of asset objects unloaded after import = 3

========================================================================
Received Import Request.
  Time since last request: 0.000043 seconds.
  path: Assets/Prefabs/Customers/Mr. Smith/DefineSprite_387/56.png
  artifactKey: Guid(623af194fbd7fbb4c9820b842ed640cc) Importer(815301076,1909f56bfc062723c751e8b465ee728b)
Start importing Assets/Prefabs/Customers/Mr. Smith/DefineSprite_387/56.png using Guid(623af194fbd7fbb4c9820b842ed640cc) Importer(815301076,1909f56bfc062723c751e8b465ee728b) (PreviewImporter) -> (artifact id: '9c0eb53ab4abfba2f4cec8c77a28280c') in 0.0275788 seconds
Number of updated asset objects reloaded before import = 0Number of asset objects unloaded after import = 3

========================================================================
Received Import Request.
  Time since last request: 0.000036 seconds.
  path: Assets/Prefabs/Customers/Mr. Smith/DefineSprite_387/92.png
  artifactKey: Guid(a4eb3be6ae8923349b69e4e7d895812e) Importer(815301076,1909f56bfc062723c751e8b465ee728b)
Start importing Assets/Prefabs/Customers/Mr. Smith/DefineSprite_387/92.png using Guid(a4eb3be6ae8923349b69e4e7d895812e) Importer(815301076,1909f56bfc062723c751e8b465ee728b) (PreviewImporter) -> (artifact id: '09268c80f829b7b166d47d855979aa7a') in 0.0297348 seconds
Number of updated asset objects reloaded before import = 0Number of asset objects unloaded after import = 3

========================================================================
Received Import Request.
  Time since last request: 0.000041 seconds.
  path: Assets/Prefabs/Customers/Mr. Smith/DefineSprite_387/58.png
  artifactKey: Guid(62649392c91a1474a98fb99175ade7e0) Importer(815301076,1909f56bfc062723c751e8b465ee728b)
Start importing Assets/Prefabs/Customers/Mr. Smith/DefineSprite_387/58.png using Guid(62649392c91a1474a98fb99175ade7e0) Importer(815301076,1909f56bfc062723c751e8b465ee728b) (PreviewImporter) -> (artifact id: '5cd5cb5437e0d27262a649478b73cbdf') in 0.0240166 seconds
Number of updated asset objects reloaded before import = 0Number of asset objects unloaded after import = 3

========================================================================
Received Import Request.
  Time since last request: 0.000045 seconds.
  path: Assets/Prefabs/Customers/Mr. Smith/DefineSprite_387/79.png
  artifactKey: Guid(e4b980f33bf6ffc4b861b0e89eab7918) Importer(815301076,1909f56bfc062723c751e8b465ee728b)
Start importing Assets/Prefabs/Customers/Mr. Smith/DefineSprite_387/79.png using Guid(e4b980f33bf6ffc4b861b0e89eab7918) Importer(815301076,1909f56bfc062723c751e8b465ee728b) (PreviewImporter) -> (artifact id: 'c3fe1b0bae6fa44128436853ce80fbf7') in 0.0371805 seconds
Number of updated asset objects reloaded before import = 0Number of asset objects unloaded after import = 3

========================================================================
Received Import Request.
  Time since last request: 0.000040 seconds.
  path: Assets/Prefabs/Customers/Mr. Smith/DefineSprite_387/83.png
  artifactKey: Guid(86fa7cf806fee664d9c7ff1399df8eef) Importer(815301076,1909f56bfc062723c751e8b465ee728b)
Start importing Assets/Prefabs/Customers/Mr. Smith/DefineSprite_387/83.png using Guid(86fa7cf806fee664d9c7ff1399df8eef) Importer(815301076,1909f56bfc062723c751e8b465ee728b) (PreviewImporter) -> (artifact id: 'a33195ce379ccedd75683b75144dec83') in 0.0240781 seconds
Number of updated asset objects reloaded before import = 0Number of asset objects unloaded after import = 3

========================================================================
Received Import Request.
  Time since last request: 0.000035 seconds.
  path: Assets/Prefabs/Customers/Mr. Smith/DefineSprite_387/66.png
  artifactKey: Guid(dec290f980701b04db689e95be334c6d) Importer(815301076,1909f56bfc062723c751e8b465ee728b)
Start importing Assets/Prefabs/Customers/Mr. Smith/DefineSprite_387/66.png using Guid(dec290f980701b04db689e95be334c6d) Importer(815301076,1909f56bfc062723c751e8b465ee728b) (PreviewImporter) -> (artifact id: '630c75fcf5056bc819e7ff48723d38ee') in 0.0284448 seconds
Number of updated asset objects reloaded before import = 0Number of asset objects unloaded after import = 3

========================================================================
Received Import Request.
  Time since last request: 0.000035 seconds.
  path: Assets/Prefabs/Customers/Mr. Smith/DefineSprite_387/116.png
  artifactKey: Guid(4054a9087e0d9974f8bfd520f1e22d85) Importer(815301076,1909f56bfc062723c751e8b465ee728b)
Start importing Assets/Prefabs/Customers/Mr. Smith/DefineSprite_387/116.png using Guid(4054a9087e0d9974f8bfd520f1e22d85) Importer(815301076,1909f56bfc062723c751e8b465ee728b) (PreviewImporter) -> (artifact id: 'aaed6b03c22bc887edaa809b8cc7aeca') in 0.0293268 seconds
Number of updated asset objects reloaded before import = 0Number of asset objects unloaded after import = 3

========================================================================
Received Import Request.
  Time since last request: 0.000046 seconds.
  path: Assets/Prefabs/Customers/Mr. Smith/DefineSprite_387/172.png
  artifactKey: Guid(0c7162026b613f1478b455c125c9af82) Importer(815301076,1909f56bfc062723c751e8b465ee728b)
Start importing Assets/Prefabs/Customers/Mr. Smith/DefineSprite_387/172.png using Guid(0c7162026b613f1478b455c125c9af82) Importer(815301076,1909f56bfc062723c751e8b465ee728b) (PreviewImporter) -> (artifact id: '01100f279dab6d3e1aa2c23640f7f33b') in 0.030575 seconds
Number of updated asset objects reloaded before import = 0Number of asset objects unloaded after import = 3

========================================================================
Received Import Request.
  Time since last request: 0.000050 seconds.
  path: Assets/Prefabs/Customers/Mr. Smith/DefineSprite_387/167.png
  artifactKey: Guid(c0452c4f0e2966346a063092e361d76c) Importer(815301076,1909f56bfc062723c751e8b465ee728b)
Start importing Assets/Prefabs/Customers/Mr. Smith/DefineSprite_387/167.png using Guid(c0452c4f0e2966346a063092e361d76c) Importer(815301076,1909f56bfc062723c751e8b465ee728b) (PreviewImporter) -> (artifact id: 'd3c12138b0638f4339edca5153a7020a') in 0.0311764 seconds
Number of updated asset objects reloaded before import = 0Number of asset objects unloaded after import = 3

========================================================================
Received Import Request.
  Time since last request: 0.000037 seconds.
  path: Assets/Prefabs/Customers/Mr. Smith/DefineSprite_387/155.png
  artifactKey: Guid(0ad5aff17e3fd24438550ca7de9df5f6) Importer(815301076,1909f56bfc062723c751e8b465ee728b)
Start importing Assets/Prefabs/Customers/Mr. Smith/DefineSprite_387/155.png using Guid(0ad5aff17e3fd24438550ca7de9df5f6) Importer(815301076,1909f56bfc062723c751e8b465ee728b) (PreviewImporter) -> (artifact id: '85f67b27e40343124ff5eb622ccfd398') in 0.0300103 seconds
Number of updated asset objects reloaded before import = 0Number of asset objects unloaded after import = 3

========================================================================
Received Import Request.
  Time since last request: 0.000036 seconds.
  path: Assets/Prefabs/Customers/Mr. Smith/DefineSprite_387/156.png
  artifactKey: Guid(3881a4de284082a4bac7d88495f0e3d7) Importer(815301076,1909f56bfc062723c751e8b465ee728b)
Start importing Assets/Prefabs/Customers/Mr. Smith/DefineSprite_387/156.png using Guid(3881a4de284082a4bac7d88495f0e3d7) Importer(815301076,1909f56bfc062723c751e8b465ee728b) (PreviewImporter) -> (artifact id: 'c31a9d9de3c5a744c2af2ce7178f844e') in 0.0294096 seconds
Number of updated asset objects reloaded before import = 0Number of asset objects unloaded after import = 3

========================================================================
Received Import Request.
  Time since last request: 0.000058 seconds.
  path: Assets/Prefabs/Customers/Mr. Smith/DefineSprite_387/54.png
  artifactKey: Guid(1ca9c7865f9dc9741b2bee10d404799e) Importer(815301076,1909f56bfc062723c751e8b465ee728b)
Start importing Assets/Prefabs/Customers/Mr. Smith/DefineSprite_387/54.png using Guid(1ca9c7865f9dc9741b2bee10d404799e) Importer(815301076,1909f56bfc062723c751e8b465ee728b) (PreviewImporter) -> (artifact id: 'b74268858beac6197ec5a7d28cc69360') in 0.0308629 seconds
Number of updated asset objects reloaded before import = 0Number of asset objects unloaded after import = 3

========================================================================
Received Import Request.
  Time since last request: 0.000080 seconds.
  path: Assets/Prefabs/Customers/Mr. Smith/DefineSprite_387/126.png
  artifactKey: Guid(4e652c466a55d3944b40a47e6ed2cc9e) Importer(815301076,1909f56bfc062723c751e8b465ee728b)
Start importing Assets/Prefabs/Customers/Mr. Smith/DefineSprite_387/126.png using Guid(4e652c466a55d3944b40a47e6ed2cc9e) Importer(815301076,1909f56bfc062723c751e8b465ee728b) (PreviewImporter) -> (artifact id: 'c0cb9681e5d16a56182a7bdf87b237c1') in 0.0395583 seconds
Number of updated asset objects reloaded before import = 0Number of asset objects unloaded after import = 3

========================================================================
Received Import Request.
  Time since last request: 0.000068 seconds.
  path: Assets/Prefabs/Customers/Mr. Smith/DefineSprite_387/153.png
  artifactKey: Guid(3be9cc8a0f7ca184e9b9b5c834395d46) Importer(815301076,1909f56bfc062723c751e8b465ee728b)
Start importing Assets/Prefabs/Customers/Mr. Smith/DefineSprite_387/153.png using Guid(3be9cc8a0f7ca184e9b9b5c834395d46) Importer(815301076,1909f56bfc062723c751e8b465ee728b) (PreviewImporter) -> (artifact id: 'c472d7100efe71fc7d4d9c78b846835a') in 0.0282456 seconds
Number of updated asset objects reloaded before import = 0Number of asset objects unloaded after import = 3

========================================================================
Received Import Request.
  Time since last request: 0.000042 seconds.
  path: Assets/Prefabs/Customers/Mr. Smith/DefineSprite_387/170.png
  artifactKey: Guid(f6290c70c371a3d4db73ba03a3c3b87c) Importer(815301076,1909f56bfc062723c751e8b465ee728b)
Start importing Assets/Prefabs/Customers/Mr. Smith/DefineSprite_387/170.png using Guid(f6290c70c371a3d4db73ba03a3c3b87c) Importer(815301076,1909f56bfc062723c751e8b465ee728b) (PreviewImporter) -> (artifact id: 'a0297836216860a4bfdad71bb9ecf0b4') in 0.0314835 seconds
Number of updated asset objects reloaded before import = 0Number of asset objects unloaded after import = 3

========================================================================
Received Import Request.
  Time since last request: 0.000046 seconds.
  path: Assets/Prefabs/Customers/Mr. Smith/DefineSprite_387/73.png
  artifactKey: Guid(aba2ae3bc7d43de4f9e7d090c423432a) Importer(815301076,1909f56bfc062723c751e8b465ee728b)
Start importing Assets/Prefabs/Customers/Mr. Smith/DefineSprite_387/73.png using Guid(aba2ae3bc7d43de4f9e7d090c423432a) Importer(815301076,1909f56bfc062723c751e8b465ee728b) (PreviewImporter) -> (artifact id: '5899803a4d1e1f364719b9a441e28e76') in 0.0299369 seconds
Number of updated asset objects reloaded before import = 0Number of asset objects unloaded after import = 3

========================================================================
Received Import Request.
  Time since last request: 0.000058 seconds.
  path: Assets/Prefabs/Customers/Mr. Smith/DefineSprite_387/184.png
  artifactKey: Guid(14cb4bde1d3812547a59940bbcd91e27) Importer(815301076,1909f56bfc062723c751e8b465ee728b)
Start importing Assets/Prefabs/Customers/Mr. Smith/DefineSprite_387/184.png using Guid(14cb4bde1d3812547a59940bbcd91e27) Importer(815301076,1909f56bfc062723c751e8b465ee728b) (PreviewImporter) -> (artifact id: '66637b44b30414502e1b7054b1fa5a73') in 0.0324829 seconds
Number of updated asset objects reloaded before import = 0Number of asset objects unloaded after import = 3

========================================================================
Received Import Request.
  Time since last request: 0.000055 seconds.
  path: Assets/Prefabs/Customers/Mr. Smith/DefineSprite_387/112.png
  artifactKey: Guid(438be948beedcf14a9fbd576be0ef5a9) Importer(815301076,1909f56bfc062723c751e8b465ee728b)
Start importing Assets/Prefabs/Customers/Mr. Smith/DefineSprite_387/112.png using Guid(438be948beedcf14a9fbd576be0ef5a9) Importer(815301076,1909f56bfc062723c751e8b465ee728b) (PreviewImporter) -> (artifact id: '836c0cc824adb9e01c81701f8eb3d674') in 0.0366028 seconds
Number of updated asset objects reloaded before import = 0Number of asset objects unloaded after import = 3

========================================================================
Received Import Request.
  Time since last request: 0.000044 seconds.
  path: Assets/Prefabs/Customers/Mr. Smith/DefineSprite_387/122.png
  artifactKey: Guid(ca235c821bddca241b29f9b1a2a6b5b8) Importer(815301076,1909f56bfc062723c751e8b465ee728b)
Start importing Assets/Prefabs/Customers/Mr. Smith/DefineSprite_387/122.png using Guid(ca235c821bddca241b29f9b1a2a6b5b8) Importer(815301076,1909f56bfc062723c751e8b465ee728b) (PreviewImporter) -> (artifact id: '1965d44882e75563ce6fdd18c67558a2') in 0.0297781 seconds
Number of updated asset objects reloaded before import = 0Number of asset objects unloaded after import = 3

========================================================================
Received Import Request.
  Time since last request: 0.000052 seconds.
  path: Assets/Prefabs/Customers/Mr. Smith/DefineSprite_387/110.png
  artifactKey: Guid(0e54391280131434084aee8d20c1754c) Importer(815301076,1909f56bfc062723c751e8b465ee728b)
Start importing Assets/Prefabs/Customers/Mr. Smith/DefineSprite_387/110.png using Guid(0e54391280131434084aee8d20c1754c) Importer(815301076,1909f56bfc062723c751e8b465ee728b) (PreviewImporter) -> (artifact id: 'e9cf0d41945b28d776c3299d053a873d') in 0.0307207 seconds
Number of updated asset objects reloaded before import = 0Number of asset objects unloaded after import = 3

========================================================================
Received Import Request.
  Time since last request: 0.000053 seconds.
  path: Assets/Prefabs/Customers/Mr. Smith/DefineSprite_387/159.png
  artifactKey: Guid(c0439890e8403694c8ca8ff073c2b83b) Importer(815301076,1909f56bfc062723c751e8b465ee728b)
Start importing Assets/Prefabs/Customers/Mr. Smith/DefineSprite_387/159.png using Guid(c0439890e8403694c8ca8ff073c2b83b) Importer(815301076,1909f56bfc062723c751e8b465ee728b) (PreviewImporter) -> (artifact id: 'f0bab8c830ff304bf6c8f05d93f54af3') in 0.0306012 seconds
Number of updated asset objects reloaded before import = 0Number of asset objects unloaded after import = 3

========================================================================
Received Import Request.
  Time since last request: 0.000055 seconds.
  path: Assets/Prefabs/Customers/Mr. Smith/DefineSprite_387/152.png
  artifactKey: Guid(c72c84fadf8edf642a7822ccb3d80075) Importer(815301076,1909f56bfc062723c751e8b465ee728b)
Start importing Assets/Prefabs/Customers/Mr. Smith/DefineSprite_387/152.png using Guid(c72c84fadf8edf642a7822ccb3d80075) Importer(815301076,1909f56bfc062723c751e8b465ee728b) (PreviewImporter) -> (artifact id: 'b2bb537a353fe9bf9d59d215f8ac4c7a') in 0.0279334 seconds
Number of updated asset objects reloaded before import = 0Number of asset objects unloaded after import = 3

========================================================================
Received Import Request.
  Time since last request: 0.000049 seconds.
  path: Assets/Prefabs/Customers/Mr. Smith/DefineSprite_387/125.png
  artifactKey: Guid(0c3d07a8a864e7147a9d87550e7a3d3e) Importer(815301076,1909f56bfc062723c751e8b465ee728b)
Start importing Assets/Prefabs/Customers/Mr. Smith/DefineSprite_387/125.png using Guid(0c3d07a8a864e7147a9d87550e7a3d3e) Importer(815301076,1909f56bfc062723c751e8b465ee728b) (PreviewImporter) -> (artifact id: 'a1d8a8a0da81245975f3804eaef0fed3') in 0.0287319 seconds
Number of updated asset objects reloaded before import = 0Number of asset objects unloaded after import = 3

========================================================================
Received Import Request.
  Time since last request: 0.000046 seconds.
  path: Assets/Prefabs/Customers/Mr. Smith/DefineSprite_387/157.png
  artifactKey: Guid(d186d045f9f66db4ba6d82b3c7a63e64) Importer(815301076,1909f56bfc062723c751e8b465ee728b)
Start importing Assets/Prefabs/Customers/Mr. Smith/DefineSprite_387/157.png using Guid(d186d045f9f66db4ba6d82b3c7a63e64) Importer(815301076,1909f56bfc062723c751e8b465ee728b) (PreviewImporter) -> (artifact id: '6ab7d798eb9ae2ef149fd77038ee6d7a') in 0.0291855 seconds
Number of updated asset objects reloaded before import = 0Number of asset objects unloaded after import = 3

========================================================================
Received Import Request.
  Time since last request: 0.000064 seconds.
  path: Assets/Prefabs/Customers/Mr. Smith/DefineSprite_387/147.png
  artifactKey: Guid(a077d0a3974efe94d927fb8ac2c30917) Importer(815301076,1909f56bfc062723c751e8b465ee728b)
Start importing Assets/Prefabs/Customers/Mr. Smith/DefineSprite_387/147.png using Guid(a077d0a3974efe94d927fb8ac2c30917) Importer(815301076,1909f56bfc062723c751e8b465ee728b) (PreviewImporter) -> (artifact id: '27c33784644a7c9d97c53dd7cc2f1512') in 0.0318623 seconds
Number of updated asset objects reloaded before import = 0Number of asset objects unloaded after import = 3

========================================================================
Received Import Request.
  Time since last request: 0.000041 seconds.
  path: Assets/Prefabs/Customers/Mr. Smith/DefineSprite_387/93.png
  artifactKey: Guid(e2b6392cb62a4c3419c09d8ea483904b) Importer(815301076,1909f56bfc062723c751e8b465ee728b)
Start importing Assets/Prefabs/Customers/Mr. Smith/DefineSprite_387/93.png using Guid(e2b6392cb62a4c3419c09d8ea483904b) Importer(815301076,1909f56bfc062723c751e8b465ee728b) (PreviewImporter) -> (artifact id: 'bf9d78a972d587771ed895114f195a72') in 0.0328232 seconds
Number of updated asset objects reloaded before import = 0Number of asset objects unloaded after import = 3

========================================================================
Received Import Request.
  Time since last request: 0.000046 seconds.
  path: Assets/Prefabs/Customers/Mr. Smith/DefineSprite_387/128.png
  artifactKey: Guid(8fa3521bb373eb248a100244a9877eef) Importer(815301076,1909f56bfc062723c751e8b465ee728b)
Start importing Assets/Prefabs/Customers/Mr. Smith/DefineSprite_387/128.png using Guid(8fa3521bb373eb248a100244a9877eef) Importer(815301076,1909f56bfc062723c751e8b465ee728b) (PreviewImporter) -> (artifact id: 'f30515481f52887d2ca7457508dcc947') in 0.0320566 seconds
Number of updated asset objects reloaded before import = 0Number of asset objects unloaded after import = 3

========================================================================
Received Import Request.
  Time since last request: 0.000066 seconds.
  path: Assets/Prefabs/Customers/Mr. Smith/DefineSprite_387/108.png
  artifactKey: Guid(d2e994d21101a3342909e3a59ae3a80a) Importer(815301076,1909f56bfc062723c751e8b465ee728b)
Start importing Assets/Prefabs/Customers/Mr. Smith/DefineSprite_387/108.png using Guid(d2e994d21101a3342909e3a59ae3a80a) Importer(815301076,1909f56bfc062723c751e8b465ee728b) (PreviewImporter) -> (artifact id: '1465afa7ec84dc9f0003a208078cf4e4') in 0.0309411 seconds
Number of updated asset objects reloaded before import = 0Number of asset objects unloaded after import = 3

========================================================================
Received Import Request.
  Time since last request: 0.000054 seconds.
  path: Assets/Prefabs/Customers/Mr. Smith/DefineSprite_387/129.png
  artifactKey: Guid(5f1b999075d950f448f3de7aae9e9a05) Importer(815301076,1909f56bfc062723c751e8b465ee728b)
Start importing Assets/Prefabs/Customers/Mr. Smith/DefineSprite_387/129.png using Guid(5f1b999075d950f448f3de7aae9e9a05) Importer(815301076,1909f56bfc062723c751e8b465ee728b) (PreviewImporter) -> (artifact id: '296cf9985b6057c6867b60897304fcaa') in 0.0258147 seconds
Number of updated asset objects reloaded before import = 0Number of asset objects unloaded after import = 3

========================================================================
Received Import Request.
  Time since last request: 0.000047 seconds.
  path: Assets/Prefabs/Customers/Mr. Smith/DefineSprite_387/144.png
  artifactKey: Guid(25e698f67205dec4083c9f6cb357b2b0) Importer(815301076,1909f56bfc062723c751e8b465ee728b)
Start importing Assets/Prefabs/Customers/Mr. Smith/DefineSprite_387/144.png using Guid(25e698f67205dec4083c9f6cb357b2b0) Importer(815301076,1909f56bfc062723c751e8b465ee728b) (PreviewImporter) -> (artifact id: '42d462a0c3e8268ba2e6c6df8305853a') in 0.0295148 seconds
Number of updated asset objects reloaded before import = 0Number of asset objects unloaded after import = 3

========================================================================
Received Import Request.
  Time since last request: 0.000049 seconds.
  path: Assets/Prefabs/Customers/Mr. Smith/DefineSprite_387/57.png
  artifactKey: Guid(5f25eebd0cef24947ab56db42964f207) Importer(815301076,1909f56bfc062723c751e8b465ee728b)
Start importing Assets/Prefabs/Customers/Mr. Smith/DefineSprite_387/57.png using Guid(5f25eebd0cef24947ab56db42964f207) Importer(815301076,1909f56bfc062723c751e8b465ee728b) (PreviewImporter) -> (artifact id: '649340351fb4478c3438b37153c0636e') in 0.0354051 seconds
Number of updated asset objects reloaded before import = 0Number of asset objects unloaded after import = 3

========================================================================
Received Import Request.
  Time since last request: 0.000041 seconds.
  path: Assets/Prefabs/Customers/Mr. Smith/DefineSprite_387/74.png
  artifactKey: Guid(338852569fde94d48bde53cf7f95b73c) Importer(815301076,1909f56bfc062723c751e8b465ee728b)
Start importing Assets/Prefabs/Customers/Mr. Smith/DefineSprite_387/74.png using Guid(338852569fde94d48bde53cf7f95b73c) Importer(815301076,1909f56bfc062723c751e8b465ee728b) (PreviewImporter) -> (artifact id: '315b02a8c3049427e9d41a94a895aada') in 0.0388448 seconds
Number of updated asset objects reloaded before import = 0Number of asset objects unloaded after import = 3

========================================================================
Received Import Request.
  Time since last request: 0.000066 seconds.
  path: Assets/Prefabs/Customers/Mr. Smith/DefineSprite_387/143.png
  artifactKey: Guid(26dfb969ec4975941a55546fbe70d784) Importer(815301076,1909f56bfc062723c751e8b465ee728b)
Start importing Assets/Prefabs/Customers/Mr. Smith/DefineSprite_387/143.png using Guid(26dfb969ec4975941a55546fbe70d784) Importer(815301076,1909f56bfc062723c751e8b465ee728b) (PreviewImporter) -> (artifact id: '1ab3327b8cdeaf94ac02ef10377a400f') in 0.0434986 seconds
Number of updated asset objects reloaded before import = 0Number of asset objects unloaded after import = 3

========================================================================
Received Import Request.
  Time since last request: 0.000056 seconds.
  path: Assets/Prefabs/Customers/Mr. Smith/DefineSprite_387/161.png
  artifactKey: Guid(116ecd9c9045d224f877ba4b476e5bcf) Importer(815301076,1909f56bfc062723c751e8b465ee728b)
Start importing Assets/Prefabs/Customers/Mr. Smith/DefineSprite_387/161.png using Guid(116ecd9c9045d224f877ba4b476e5bcf) Importer(815301076,1909f56bfc062723c751e8b465ee728b) (PreviewImporter) -> (artifact id: '3bc0124a66cb6bbd7d4c3610a74a4264') in 0.0313278 seconds
Number of updated asset objects reloaded before import = 0Number of asset objects unloaded after import = 3

========================================================================
Received Import Request.
  Time since last request: 29.731965 seconds.
  path: Assets/Scripts/CustomerMovement.cs
  artifactKey: Guid(9138f62b3afeb89449efdd53308cb79b) Importer(2089858483,b0f066a214c2f5e87bad3c948f4d605d)
Start importing Assets/Scripts/CustomerMovement.cs using Guid(9138f62b3afeb89449efdd53308cb79b) Importer(2089858483,b0f066a214c2f5e87bad3c948f4d605d) (ScriptedImporter) -> (artifact id: '3ee2f2252f181f59460e8bf1a10ec66e') in 0.0951165 seconds
Number of updated asset objects reloaded before import = 0Number of asset objects unloaded after import = 0

========================================================================
Received Import Request.
  Time since last request: 0.000041 seconds.
  path: Assets/sprites/Mary/DefineSprite_148/8.png
  artifactKey: Guid(f10556710e78fea4db28ddcd800699d7) Importer(2089858483,b0f066a214c2f5e87bad3c948f4d605d)
Start importing Assets/sprites/Mary/DefineSprite_148/8.png using Guid(f10556710e78fea4db28ddcd800699d7) Importer(2089858483,b0f066a214c2f5e87bad3c948f4d605d) (ScriptedImporter) -> (artifact id: '7c24642fab1a6ac28e962f1422562867') in 0.0837127 seconds
Number of updated asset objects reloaded before import = 0Number of asset objects unloaded after import = 3

========================================================================
Received Import Request.
  Time since last request: 0.000047 seconds.
  path: Assets/sprites/Mary/8.png
  artifactKey: Guid(4ac7e36ed748c0b49abadfdbc7eec0ec) Importer(2089858483,b0f066a214c2f5e87bad3c948f4d605d)
Start importing Assets/sprites/Mary/8.png using Guid(4ac7e36ed748c0b49abadfdbc7eec0ec) Importer(2089858483,b0f066a214c2f5e87bad3c948f4d605d) (ScriptedImporter) -> (artifact id: '248557a828dae6f10fa230df81162585') in 0.018276 seconds
Number of updated asset objects reloaded before import = 0Number of asset objects unloaded after import = 3

========================================================================
Received Import Request.
  Time since last request: 0.000033 seconds.
  path: Assets/sprites/Mary/DefineSprite_133/10.png
  artifactKey: Guid(64796ec93603e87499100a5dd1abd488) Importer(2089858483,b0f066a214c2f5e87bad3c948f4d605d)
Start importing Assets/sprites/Mary/DefineSprite_133/10.png using Guid(64796ec93603e87499100a5dd1abd488) Importer(2089858483,b0f066a214c2f5e87bad3c948f4d605d) (ScriptedImporter) -> (artifact id: 'c41204144c303b6823c72585113ff0a2') in 0.0200609 seconds
Number of updated asset objects reloaded before import = 0Number of asset objects unloaded after import = 3

========================================================================
Received Import Request.
  Time since last request: 0.000035 seconds.
  path: Assets/sprites/Derek/14.png
  artifactKey: Guid(484e5dc3a76553144809028d44faa2c5) Importer(2089858483,b0f066a214c2f5e87bad3c948f4d605d)
Start importing Assets/sprites/Derek/14.png using Guid(484e5dc3a76553144809028d44faa2c5) Importer(2089858483,b0f066a214c2f5e87bad3c948f4d605d) (ScriptedImporter) -> (artifact id: '3b81a7e555da5d8a147d323e1f709308') in 0.0210793 seconds
Number of updated asset objects reloaded before import = 0Number of asset objects unloaded after import = 3

========================================================================
Received Import Request.
  Time since last request: 0.000039 seconds.
  path: Assets/sprites/Caroline/10.png
  artifactKey: Guid(45797ef132bc9cf4bae69ce214dfb3c9) Importer(2089858483,b0f066a214c2f5e87bad3c948f4d605d)
Start importing Assets/sprites/Caroline/10.png using Guid(45797ef132bc9cf4bae69ce214dfb3c9) Importer(2089858483,b0f066a214c2f5e87bad3c948f4d605d) (ScriptedImporter) -> (artifact id: 'eb11185889042865511c531636868b2c') in 0.0253907 seconds
Number of updated asset objects reloaded before import = 0Number of asset objects unloaded after import = 3

========================================================================
Received Import Request.
  Time since last request: 0.000058 seconds.
  path: Assets/sprites/Derek/DefineSprite_143/13.png
  artifactKey: Guid(4c182275e7a73ef4b82e181ffc4fcbfb) Importer(2089858483,b0f066a214c2f5e87bad3c948f4d605d)
Start importing Assets/sprites/Derek/DefineSprite_143/13.png using Guid(4c182275e7a73ef4b82e181ffc4fcbfb) Importer(2089858483,b0f066a214c2f5e87bad3c948f4d605d) (ScriptedImporter) -> (artifact id: '204a9892aca110df0c0c7c49460c3efd') in 0.024503 seconds
Number of updated asset objects reloaded before import = 0Number of asset objects unloaded after import = 3

========================================================================
Received Import Request.
  Time since last request: 0.000033 seconds.
  path: Assets/sprites/Mary/1.png
  artifactKey: Guid(116f8775bda36884c833ae0406ebe268) Importer(2089858483,b0f066a214c2f5e87bad3c948f4d605d)
Start importing Assets/sprites/Mary/1.png using Guid(116f8775bda36884c833ae0406ebe268) Importer(2089858483,b0f066a214c2f5e87bad3c948f4d605d) (ScriptedImporter) -> (artifact id: 'f4b07d34d28d41f7b52d6c69bd6be8d7') in 0.0233082 seconds
Number of updated asset objects reloaded before import = 0Number of asset objects unloaded after import = 3

========================================================================
Received Import Request.
  Time since last request: 0.000046 seconds.
  path: Assets/sprites/Derek/DefineSprite_143/2.png
  artifactKey: Guid(4c1541b313fe4d14081d8c5b634ca5b6) Importer(2089858483,b0f066a214c2f5e87bad3c948f4d605d)
Start importing Assets/sprites/Derek/DefineSprite_143/2.png using Guid(4c1541b313fe4d14081d8c5b634ca5b6) Importer(2089858483,b0f066a214c2f5e87bad3c948f4d605d) (ScriptedImporter) -> (artifact id: '2afc04e9f3b56700a9765a0c281ae15f') in 0.0251729 seconds
Number of updated asset objects reloaded before import = 0Number of asset objects unloaded after import = 3

========================================================================
Received Import Request.
  Time since last request: 0.000064 seconds.
  path: Assets/sprites/Caroline/DefineSprite_128/6.png
  artifactKey: Guid(f210f3cd929bcb2418c2288a404a373f) Importer(2089858483,b0f066a214c2f5e87bad3c948f4d605d)
Start importing Assets/sprites/Caroline/DefineSprite_128/6.png using Guid(f210f3cd929bcb2418c2288a404a373f) Importer(2089858483,b0f066a214c2f5e87bad3c948f4d605d) (ScriptedImporter) -> (artifact id: 'e7897852eca67851601d6fa0696598cc') in 0.0311953 seconds
Number of updated asset objects reloaded before import = 0Number of asset objects unloaded after import = 3

========================================================================
Received Import Request.
  Time since last request: 0.000077 seconds.
  path: Assets/sprites/Derek/DefineSprite_143/8.png
  artifactKey: Guid(648f1d08d3538724c837a5a55698c021) Importer(2089858483,b0f066a214c2f5e87bad3c948f4d605d)
Start importing Assets/sprites/Derek/DefineSprite_143/8.png using Guid(648f1d08d3538724c837a5a55698c021) Importer(2089858483,b0f066a214c2f5e87bad3c948f4d605d) (ScriptedImporter) -> (artifact id: '4c8154978340b21178826349f50dfa80') in 0.0271232 seconds
Number of updated asset objects reloaded before import = 0Number of asset objects unloaded after import = 3

========================================================================
Received Import Request.
  Time since last request: 0.000043 seconds.
  path: Assets/sprites/Mary/DefineSprite_133/2.png
  artifactKey: Guid(34cc33b514713434e8ad98baa584eacf) Importer(2089858483,b0f066a214c2f5e87bad3c948f4d605d)
Start importing Assets/sprites/Mary/DefineSprite_133/2.png using Guid(34cc33b514713434e8ad98baa584eacf) Importer(2089858483,b0f066a214c2f5e87bad3c948f4d605d) (ScriptedImporter) -> (artifact id: 'a204c976b7c3adaee269da33cc4f3eae') in 0.0261688 seconds
Number of updated asset objects reloaded before import = 0Number of asset objects unloaded after import = 3

========================================================================
Received Import Request.
  Time since last request: 0.000041 seconds.
  path: Assets/sprites/Mary/DefineSprite_148/6.png
  artifactKey: Guid(9bb5b1030af08e04fa1444e984c5a303) Importer(2089858483,b0f066a214c2f5e87bad3c948f4d605d)
Start importing Assets/sprites/Mary/DefineSprite_148/6.png using Guid(9bb5b1030af08e04fa1444e984c5a303) Importer(2089858483,b0f066a214c2f5e87bad3c948f4d605d) (ScriptedImporter) -> (artifact id: 'cc0126152ab4b2cf0419a22d2953a150') in 0.0250743 seconds
Number of updated asset objects reloaded before import = 0Number of asset objects unloaded after import = 3

========================================================================
Received Import Request.
  Time since last request: 0.000058 seconds.
  path: Assets/sprites/Mary/DefineSprite_133/1.png
  artifactKey: Guid(d1ce98f3b4ba2f4499471e22ab898c78) Importer(2089858483,b0f066a214c2f5e87bad3c948f4d605d)
Start importing Assets/sprites/Mary/DefineSprite_133/1.png using Guid(d1ce98f3b4ba2f4499471e22ab898c78) Importer(2089858483,b0f066a214c2f5e87bad3c948f4d605d) (ScriptedImporter) -> (artifact id: '3ef1ef707bb091522b1df17b3c00a2e6') in 0.0249271 seconds
Number of updated asset objects reloaded before import = 0Number of asset objects unloaded after import = 3

========================================================================
Received Import Request.
  Time since last request: 0.000067 seconds.
  path: Assets/sprites/Mary/10.png
  artifactKey: Guid(12e3923ef49fc7e40ad08efc2523a025) Importer(2089858483,b0f066a214c2f5e87bad3c948f4d605d)
Start importing Assets/sprites/Mary/10.png using Guid(12e3923ef49fc7e40ad08efc2523a025) Importer(2089858483,b0f066a214c2f5e87bad3c948f4d605d) (ScriptedImporter) -> (artifact id: '93001eb4d13ed2e4860c39e4c2a51072') in 0.0293607 seconds
Number of updated asset objects reloaded before import = 0Number of asset objects unloaded after import = 3

========================================================================
Received Import Request.
  Time since last request: 0.000050 seconds.
  path: Assets/sprites/Mary/DefineSprite_133/15.png
  artifactKey: Guid(3791251566a91f74797c3b511cd9d196) Importer(2089858483,b0f066a214c2f5e87bad3c948f4d605d)
Start importing Assets/sprites/Mary/DefineSprite_133/15.png using Guid(3791251566a91f74797c3b511cd9d196) Importer(2089858483,b0f066a214c2f5e87bad3c948f4d605d) (ScriptedImporter) -> (artifact id: 'c4240585090d8965b8590929a40e72bd') in 0.0214717 seconds
Number of updated asset objects reloaded before import = 0Number of asset objects unloaded after import = 3

========================================================================
Received Import Request.
  Time since last request: 0.000055 seconds.
  path: Assets/sprites/Derek/4.png
  artifactKey: Guid(a525bb892343b1e47a9eea436a5c40e3) Importer(2089858483,b0f066a214c2f5e87bad3c948f4d605d)
Start importing Assets/sprites/Derek/4.png using Guid(a525bb892343b1e47a9eea436a5c40e3) Importer(2089858483,b0f066a214c2f5e87bad3c948f4d605d) (ScriptedImporter) -> (artifact id: '88d4b150b2d75ab60690cd44d8de1042') in 0.0245416 seconds
Number of updated asset objects reloaded before import = 0Number of asset objects unloaded after import = 3

========================================================================
Received Import Request.
  Time since last request: 0.000036 seconds.
  path: Assets/sprites/Mary/DefineSprite_133
  artifactKey: Guid(96dcaf52133df924b8b9d6f36c399570) Importer(2089858483,b0f066a214c2f5e87bad3c948f4d605d)
Start importing Assets/sprites/Mary/DefineSprite_133 using Guid(96dcaf52133df924b8b9d6f36c399570) Importer(2089858483,b0f066a214c2f5e87bad3c948f4d605d) (ScriptedImporter) -> (artifact id: 'fd2865cfd94165326e811149beb8dc5c') in 0.0152178 seconds
Number of updated asset objects reloaded before import = 0Number of asset objects unloaded after import = 1

========================================================================
Received Import Request.
  Time since last request: 0.000066 seconds.
  path: Assets/Prefabs/Customers/Mr. Smith/DefineSprite_387/55.png
  artifactKey: Guid(c8776291d8a2b744c8abd0017417cdf2) Importer(2089858483,b0f066a214c2f5e87bad3c948f4d605d)
Start importing Assets/Prefabs/Customers/Mr. Smith/DefineSprite_387/55.png using Guid(c8776291d8a2b744c8abd0017417cdf2) Importer(2089858483,b0f066a214c2f5e87bad3c948f4d605d) (ScriptedImporter) -> (artifact id: '08a1559781afa53260f29b05ebe1de2b') in 0.0240712 seconds
Number of updated asset objects reloaded before import = 0Number of asset objects unloaded after import = 3

========================================================================
Received Import Request.
  Time since last request: 0.000045 seconds.
  path: Assets/Prefabs/Customers/Mr. Smith/DefineSprite_387/28.png
  artifactKey: Guid(68a79cf15a45bf04bb7bcd7b80ea3953) Importer(2089858483,b0f066a214c2f5e87bad3c948f4d605d)
Start importing Assets/Prefabs/Customers/Mr. Smith/DefineSprite_387/28.png using Guid(68a79cf15a45bf04bb7bcd7b80ea3953) Importer(2089858483,b0f066a214c2f5e87bad3c948f4d605d) (ScriptedImporter) -> (artifact id: '978170e67f4ab75b9b47b3f777cba2b7') in 0.0228313 seconds
Number of updated asset objects reloaded before import = 0Number of asset objects unloaded after import = 3

========================================================================
Received Import Request.
  Time since last request: 0.000034 seconds.
  path: Assets/sprites/Caroline/12.png
  artifactKey: Guid(02be91d0696cf7b419142932113f47d4) Importer(2089858483,b0f066a214c2f5e87bad3c948f4d605d)
Start importing Assets/sprites/Caroline/12.png using Guid(02be91d0696cf7b419142932113f47d4) Importer(2089858483,b0f066a214c2f5e87bad3c948f4d605d) (ScriptedImporter) -> (artifact id: '3fc110a3f2388cf5eb88559303837f20') in 0.0228459 seconds
Number of updated asset objects reloaded before import = 0Number of asset objects unloaded after import = 3

========================================================================
Received Import Request.
  Time since last request: 0.000049 seconds.
  path: Assets/sprites/Mary/DefineSprite_148/13.png
  artifactKey: Guid(f979832889ab7b6418d56f6ed99ac047) Importer(2089858483,b0f066a214c2f5e87bad3c948f4d605d)
Start importing Assets/sprites/Mary/DefineSprite_148/13.png using Guid(f979832889ab7b6418d56f6ed99ac047) Importer(2089858483,b0f066a214c2f5e87bad3c948f4d605d) (ScriptedImporter) -> (artifact id: 'd5bd787c6075c5becffcbff894a81e73') in 0.0240109 seconds
Number of updated asset objects reloaded before import = 0Number of asset objects unloaded after import = 3

========================================================================
Received Import Request.
  Time since last request: 0.000065 seconds.
  path: Assets/Prefabs/Customers/Mr. Smith/DefineSprite_387/20.png
  artifactKey: Guid(18226500675433946bb3335ac2ca9e03) Importer(2089858483,b0f066a214c2f5e87bad3c948f4d605d)
Start importing Assets/Prefabs/Customers/Mr. Smith/DefineSprite_387/20.png using Guid(18226500675433946bb3335ac2ca9e03) Importer(2089858483,b0f066a214c2f5e87bad3c948f4d605d) (ScriptedImporter) -> (artifact id: 'fea19a4fa0c08ccd99ae89b28829306d') in 0.0252907 seconds
Number of updated asset objects reloaded before import = 0Number of asset objects unloaded after import = 3

========================================================================
Received Import Request.
  Time since last request: 0.000041 seconds.
  path: Assets/sprites/Derek/DefineSprite_143/16.png
  artifactKey: Guid(8f95e296b74aa1a43afc04e981b41875) Importer(2089858483,b0f066a214c2f5e87bad3c948f4d605d)
Start importing Assets/sprites/Derek/DefineSprite_143/16.png using Guid(8f95e296b74aa1a43afc04e981b41875) Importer(2089858483,b0f066a214c2f5e87bad3c948f4d605d) (ScriptedImporter) -> (artifact id: 'fb80f5d39517bf2bb6ec665c3932adb1') in 0.032775 seconds
Number of updated asset objects reloaded before import = 0Number of asset objects unloaded after import = 3

========================================================================
Received Import Request.
  Time since last request: 0.000046 seconds.
  path: Assets/Prefabs/Customers/Mr. Smith/DefineSprite_387/122.png
  artifactKey: Guid(ca235c821bddca241b29f9b1a2a6b5b8) Importer(2089858483,b0f066a214c2f5e87bad3c948f4d605d)
Start importing Assets/Prefabs/Customers/Mr. Smith/DefineSprite_387/122.png using Guid(ca235c821bddca241b29f9b1a2a6b5b8) Importer(2089858483,b0f066a214c2f5e87bad3c948f4d605d) (ScriptedImporter) -> (artifact id: '77459f052d3b61be820842bfe0076fe2') in 0.0250776 seconds
Number of updated asset objects reloaded before import = 0Number of asset objects unloaded after import = 3

========================================================================
Received Import Request.
  Time since last request: 0.000043 seconds.
  path: Assets/Prefabs/Customers/Mr. Smith/DefineSprite_387/70.png
  artifactKey: Guid(e0dcd2121676c1f4fa6713dc72917312) Importer(2089858483,b0f066a214c2f5e87bad3c948f4d605d)
Start importing Assets/Prefabs/Customers/Mr. Smith/DefineSprite_387/70.png using Guid(e0dcd2121676c1f4fa6713dc72917312) Importer(2089858483,b0f066a214c2f5e87bad3c948f4d605d) (ScriptedImporter) -> (artifact id: 'a58d586e76dc8c5c60e8bd11e9d6deba') in 0.0275361 seconds
Number of updated asset objects reloaded before import = 0Number of asset objects unloaded after import = 3

========================================================================
Received Import Request.
  Time since last request: 0.000067 seconds.
  path: Assets/sprites/Mary/5.png
  artifactKey: Guid(a0ef951e3f8efd24996f2c29decdc85d) Importer(2089858483,b0f066a214c2f5e87bad3c948f4d605d)
Start importing Assets/sprites/Mary/5.png using Guid(a0ef951e3f8efd24996f2c29decdc85d) Importer(2089858483,b0f066a214c2f5e87bad3c948f4d605d) (ScriptedImporter) -> (artifact id: '0ca32d03d1b1fdceefb9ed8db4f74b6f') in 0.0238628 seconds
Number of updated asset objects reloaded before import = 0Number of asset objects unloaded after import = 3

========================================================================
Received Import Request.
  Time since last request: 0.000040 seconds.
  path: Assets/sprites/Caroline/DefineSprite_128/8.png
  artifactKey: Guid(467634b37ca1dd4408382648375c521d) Importer(2089858483,b0f066a214c2f5e87bad3c948f4d605d)
Start importing Assets/sprites/Caroline/DefineSprite_128/8.png using Guid(467634b37ca1dd4408382648375c521d) Importer(2089858483,b0f066a214c2f5e87bad3c948f4d605d) (ScriptedImporter) -> (artifact id: 'a4f7bb819ae7888db33ac46575981b8a') in 0.0237494 seconds
Number of updated asset objects reloaded before import = 0Number of asset objects unloaded after import = 3

========================================================================
Received Import Request.
  Time since last request: 0.000035 seconds.
  path: Assets/sprites/Derek/6.png
  artifactKey: Guid(531e59598b54aa24584578fe916fa930) Importer(2089858483,b0f066a214c2f5e87bad3c948f4d605d)
Start importing Assets/sprites/Derek/6.png using Guid(531e59598b54aa24584578fe916fa930) Importer(2089858483,b0f066a214c2f5e87bad3c948f4d605d) (ScriptedImporter) -> (artifact id: 'f10b3e93d60d0cd987217f8ff342cbfe') in 0.0238439 seconds
Number of updated asset objects reloaded before import = 0Number of asset objects unloaded after import = 3

========================================================================
Received Import Request.
  Time since last request: 0.000042 seconds.
  path: Assets/sprites/Caroline/DefineSprite_128/3.png
  artifactKey: Guid(ca212ee859cb4834cbae4432711800fb) Importer(2089858483,b0f066a214c2f5e87bad3c948f4d605d)
Start importing Assets/sprites/Caroline/DefineSprite_128/3.png using Guid(ca212ee859cb4834cbae4432711800fb) Importer(2089858483,b0f066a214c2f5e87bad3c948f4d605d) (ScriptedImporter) -> (artifact id: 'a5a6b69762019475dbdfb0a7547ad487') in 0.0216512 seconds
Number of updated asset objects reloaded before import = 0Number of asset objects unloaded after import = 3

========================================================================
Received Import Request.
  Time since last request: 0.000070 seconds.
  path: Assets/Prefabs/Customers/Mr. Smith/DefineSprite_387/149.png
  artifactKey: Guid(c8e4aa03baee30e4baca82d6136566aa) Importer(2089858483,b0f066a214c2f5e87bad3c948f4d605d)
Start importing Assets/Prefabs/Customers/Mr. Smith/DefineSprite_387/149.png using Guid(c8e4aa03baee30e4baca82d6136566aa) Importer(2089858483,b0f066a214c2f5e87bad3c948f4d605d) (ScriptedImporter) -> (artifact id: '8c861720fa7695288b90af2689595755') in 0.0256113 seconds
Number of updated asset objects reloaded before import = 0Number of asset objects unloaded after import = 3

========================================================================
Received Import Request.
  Time since last request: 0.000033 seconds.
  path: Assets/Prefabs/Customers/Mr. Smith/DefineSprite_387/133.png
  artifactKey: Guid(6f983063ef29baf4ca8fc7ef133487e6) Importer(2089858483,b0f066a214c2f5e87bad3c948f4d605d)
Start importing Assets/Prefabs/Customers/Mr. Smith/DefineSprite_387/133.png using Guid(6f983063ef29baf4ca8fc7ef133487e6) Importer(2089858483,b0f066a214c2f5e87bad3c948f4d605d) (ScriptedImporter) -> (artifact id: '61fed82b108551ffaa9d5638c173969c') in 0.0239498 seconds
Number of updated asset objects reloaded before import = 0Number of asset objects unloaded after import = 3

========================================================================
Received Import Request.
  Time since last request: 0.000033 seconds.
  path: Assets/Prefabs/Customers/Mr. Smith/DefineSprite_387/52.png
  artifactKey: Guid(cbd757b39e403f749af00853033b1815) Importer(2089858483,b0f066a214c2f5e87bad3c948f4d605d)
Start importing Assets/Prefabs/Customers/Mr. Smith/DefineSprite_387/52.png using Guid(cbd757b39e403f749af00853033b1815) Importer(2089858483,b0f066a214c2f5e87bad3c948f4d605d) (ScriptedImporter) -> (artifact id: '36b9db0b429b21137aab1925ba29e6e0') in 0.0241688 seconds
Number of updated asset objects reloaded before import = 0Number of asset objects unloaded after import = 3

========================================================================
Received Import Request.
  Time since last request: 0.000042 seconds.
  path: Assets/sprites/Caroline/11.png
  artifactKey: Guid(fbd47ed9a32b4654d9511cfe84b0a216) Importer(2089858483,b0f066a214c2f5e87bad3c948f4d605d)
Start importing Assets/sprites/Caroline/11.png using Guid(fbd47ed9a32b4654d9511cfe84b0a216) Importer(2089858483,b0f066a214c2f5e87bad3c948f4d605d) (ScriptedImporter) -> (artifact id: 'eaa746593a71d7345b3014a3fb771e8d') in 0.0247135 seconds
Number of updated asset objects reloaded before import = 0Number of asset objects unloaded after import = 3

========================================================================
Received Import Request.
  Time since last request: 0.000060 seconds.
  path: Assets/sprites/Mary/DefineSprite_148/10.png
  artifactKey: Guid(eda05ac2baad5ac4cbc4e2a30a63be0d) Importer(2089858483,b0f066a214c2f5e87bad3c948f4d605d)
Start importing Assets/sprites/Mary/DefineSprite_148/10.png using Guid(eda05ac2baad5ac4cbc4e2a30a63be0d) Importer(2089858483,b0f066a214c2f5e87bad3c948f4d605d) (ScriptedImporter) -> (artifact id: 'd0cfef23a1e704bc98a07ed77559fa2b') in 0.0272926 seconds
Number of updated asset objects reloaded before import = 0Number of asset objects unloaded after import = 3

========================================================================
Received Import Request.
  Time since last request: 0.000052 seconds.
  path: Assets/sprites/Derek
  artifactKey: Guid(5b491be19f9d120458232c0f83e1651f) Importer(2089858483,b0f066a214c2f5e87bad3c948f4d605d)
Start importing Assets/sprites/Derek using Guid(5b491be19f9d120458232c0f83e1651f) Importer(2089858483,b0f066a214c2f5e87bad3c948f4d605d) (ScriptedImporter) -> (artifact id: 'c5f3b6c166e77c50ad8ad6b5b01ecb3b') in 0.0158052 seconds
Number of updated asset objects reloaded before import = 0Number of asset objects unloaded after import = 1

========================================================================
Received Import Request.
  Time since last request: 0.000037 seconds.
  path: Assets/sprites/Mary/DefineSprite_133/9.png
  artifactKey: Guid(8430ed1149567ba4bb67793a5d96bc2d) Importer(2089858483,b0f066a214c2f5e87bad3c948f4d605d)
Start importing Assets/sprites/Mary/DefineSprite_133/9.png using Guid(8430ed1149567ba4bb67793a5d96bc2d) Importer(2089858483,b0f066a214c2f5e87bad3c948f4d605d) (ScriptedImporter) -> (artifact id: '022e76d650adb6245a5a914ebb369ab6') in 0.0276704 seconds
Number of updated asset objects reloaded before import = 0Number of asset objects unloaded after import = 3

========================================================================
Received Import Request.
  Time since last request: 0.000042 seconds.
  path: Assets/Prefabs/Customers/Mr. Smith/DefineSprite_387/97.png
  artifactKey: Guid(864d0474c668ebb4ebab89b77a74d9b9) Importer(2089858483,b0f066a214c2f5e87bad3c948f4d605d)
Start importing Assets/Prefabs/Customers/Mr. Smith/DefineSprite_387/97.png using Guid(864d0474c668ebb4ebab89b77a74d9b9) Importer(2089858483,b0f066a214c2f5e87bad3c948f4d605d) (ScriptedImporter) -> (artifact id: '783adec347dbe5a13d54bf23f6cc8484') in 0.0216066 seconds
Number of updated asset objects reloaded before import = 0Number of asset objects unloaded after import = 3

========================================================================
Received Import Request.
  Time since last request: 0.000049 seconds.
  path: Assets/Prefabs/Customers/Mr. Smith/DefineSprite_387/86.png
  artifactKey: Guid(d3b4d734e7fbef541bbbc7cd3a7d514a) Importer(2089858483,b0f066a214c2f5e87bad3c948f4d605d)
Start importing Assets/Prefabs/Customers/Mr. Smith/DefineSprite_387/86.png using Guid(d3b4d734e7fbef541bbbc7cd3a7d514a) Importer(2089858483,b0f066a214c2f5e87bad3c948f4d605d) (ScriptedImporter) -> (artifact id: 'df7ab761edd0932fe9ceac56ee98a743') in 0.0243334 seconds
Number of updated asset objects reloaded before import = 0Number of asset objects unloaded after import = 3

========================================================================
Received Import Request.
  Time since last request: 0.000040 seconds.
  path: Assets/Prefabs/Customers/Mr. Smith/DefineSprite_387/5.png
  artifactKey: Guid(eb446ef36c391a441b7f85e2e40bc8db) Importer(2089858483,b0f066a214c2f5e87bad3c948f4d605d)
Start importing Assets/Prefabs/Customers/Mr. Smith/DefineSprite_387/5.png using Guid(eb446ef36c391a441b7f85e2e40bc8db) Importer(2089858483,b0f066a214c2f5e87bad3c948f4d605d) (ScriptedImporter) -> (artifact id: 'c33f0415c6fab3c521faaa882cc8c2c9') in 0.0207338 seconds
Number of updated asset objects reloaded before import = 0Number of asset objects unloaded after import = 3

========================================================================
Received Import Request.
  Time since last request: 0.000035 seconds.
  path: Assets/sprites/Mary/DefineSprite_133/4.png
  artifactKey: Guid(65cd88d84bff033478d22f81a0dce402) Importer(2089858483,b0f066a214c2f5e87bad3c948f4d605d)
Start importing Assets/sprites/Mary/DefineSprite_133/4.png using Guid(65cd88d84bff033478d22f81a0dce402) Importer(2089858483,b0f066a214c2f5e87bad3c948f4d605d) (ScriptedImporter) -> (artifact id: 'e0cc08648c55530638d2050ccadcc426') in 0.023585 seconds
Number of updated asset objects reloaded before import = 0Number of asset objects unloaded after import = 3

========================================================================
Received Import Request.
  Time since last request: 0.000048 seconds.
  path: Assets/Prefabs/Customers/Mr. Smith/DefineSprite_387/12.png
  artifactKey: Guid(c8dd84f001c569d41aeeef6dba8c1e60) Importer(2089858483,b0f066a214c2f5e87bad3c948f4d605d)
Start importing Assets/Prefabs/Customers/Mr. Smith/DefineSprite_387/12.png using Guid(c8dd84f001c569d41aeeef6dba8c1e60) Importer(2089858483,b0f066a214c2f5e87bad3c948f4d605d) (ScriptedImporter) -> (artifact id: '7970e28f53c3c07a9a257a1663fbd173') in 0.0241241 seconds
Number of updated asset objects reloaded before import = 0Number of asset objects unloaded after import = 3

========================================================================
Received Import Request.
  Time since last request: 0.000056 seconds.
  path: Assets/sprites/Caroline/7.png
  artifactKey: Guid(1fc3fbdbf5fda84438d771c2da59b062) Importer(2089858483,b0f066a214c2f5e87bad3c948f4d605d)
Start importing Assets/sprites/Caroline/7.png using Guid(1fc3fbdbf5fda84438d771c2da59b062) Importer(2089858483,b0f066a214c2f5e87bad3c948f4d605d) (ScriptedImporter) -> (artifact id: '3bb470eb152aed8fa39372d5bb33e547') in 0.0250821 seconds
Number of updated asset objects reloaded before import = 0Number of asset objects unloaded after import = 3

========================================================================
Received Import Request.
  Time since last request: 0.000048 seconds.
  path: Assets/Prefabs/Customers/Mr. Smith/DefineSprite_387/40.png
  artifactKey: Guid(039b6465d1f2fc646997aa36b64e2b12) Importer(2089858483,b0f066a214c2f5e87bad3c948f4d605d)
Start importing Assets/Prefabs/Customers/Mr. Smith/DefineSprite_387/40.png using Guid(039b6465d1f2fc646997aa36b64e2b12) Importer(2089858483,b0f066a214c2f5e87bad3c948f4d605d) (ScriptedImporter) -> (artifact id: '3e3720e22a54d10fb7b031cfa788f467') in 0.0228509 seconds
Number of updated asset objects reloaded before import = 0Number of asset objects unloaded after import = 3

========================================================================
Received Import Request.
  Time since last request: 0.000050 seconds.
  path: Assets/Prefabs/Customers/Mr. Smith/DefineSprite_387/9.png
  artifactKey: Guid(b49b62d495d6fcb409c9a6d1c38ff2c5) Importer(2089858483,b0f066a214c2f5e87bad3c948f4d605d)
Start importing Assets/Prefabs/Customers/Mr. Smith/DefineSprite_387/9.png using Guid(b49b62d495d6fcb409c9a6d1c38ff2c5) Importer(2089858483,b0f066a214c2f5e87bad3c948f4d605d) (ScriptedImporter) -> (artifact id: 'd648277ba8b9323d55e1cac8d4bfc6cf') in 0.024969 seconds
Number of updated asset objects reloaded before import = 0Number of asset objects unloaded after import = 3

========================================================================
Received Import Request.
  Time since last request: 0.000062 seconds.
  path: Assets/Prefabs/Customers/Mr. Smith/DefineSprite_387/117.png
  artifactKey: Guid(34897c95b1de0b443a9b76af1d24c9c6) Importer(2089858483,b0f066a214c2f5e87bad3c948f4d605d)
Start importing Assets/Prefabs/Customers/Mr. Smith/DefineSprite_387/117.png using Guid(34897c95b1de0b443a9b76af1d24c9c6) Importer(2089858483,b0f066a214c2f5e87bad3c948f4d605d) (ScriptedImporter) -> (artifact id: '32b7f18e2994f55317be2384617b753c') in 0.0236998 seconds
Number of updated asset objects reloaded before import = 0Number of asset objects unloaded after import = 3

========================================================================
Received Import Request.
  Time since last request: 0.000055 seconds.
  path: Assets/Prefabs/Customers/Mr. Smith/DefineSprite_387/157.png
  artifactKey: Guid(d186d045f9f66db4ba6d82b3c7a63e64) Importer(2089858483,b0f066a214c2f5e87bad3c948f4d605d)
Start importing Assets/Prefabs/Customers/Mr. Smith/DefineSprite_387/157.png using Guid(d186d045f9f66db4ba6d82b3c7a63e64) Importer(2089858483,b0f066a214c2f5e87bad3c948f4d605d) (ScriptedImporter) -> (artifact id: 'f67e6771ca2a9f3ec0698f55fb61a494') in 0.0217385 seconds
Number of updated asset objects reloaded before import = 0Number of asset objects unloaded after import = 3

========================================================================
Received Import Request.
  Time since last request: 0.000050 seconds.
  path: Assets/Prefabs/Customers/Mr. Smith/DefineSprite_387/14.png
  artifactKey: Guid(1f0ddcb4c100f0f4395a7a2ecd4cdd37) Importer(2089858483,b0f066a214c2f5e87bad3c948f4d605d)
Start importing Assets/Prefabs/Customers/Mr. Smith/DefineSprite_387/14.png using Guid(1f0ddcb4c100f0f4395a7a2ecd4cdd37) Importer(2089858483,b0f066a214c2f5e87bad3c948f4d605d) (ScriptedImporter) -> (artifact id: '7a6302ea8e89f6bbf6d7b678f3aa7a7b') in 0.0312189 seconds
Number of updated asset objects reloaded before import = 0Number of asset objects unloaded after import = 3

========================================================================
Received Import Request.
  Time since last request: 0.000037 seconds.
  path: Assets/sprites/Caroline/6.png
  artifactKey: Guid(e42b130485014284c85eb365ab0fdd78) Importer(2089858483,b0f066a214c2f5e87bad3c948f4d605d)
Start importing Assets/sprites/Caroline/6.png using Guid(e42b130485014284c85eb365ab0fdd78) Importer(2089858483,b0f066a214c2f5e87bad3c948f4d605d) (ScriptedImporter) -> (artifact id: '987a8ab350f75f77739464c9b75a5759') in 0.0248624 seconds
Number of updated asset objects reloaded before import = 0Number of asset objects unloaded after import = 3

========================================================================
Received Import Request.
  Time since last request: 0.000039 seconds.
  path: Assets/Prefabs/Customers/Mr. Smith/DefineSprite_387/183.png
  artifactKey: Guid(a599bcb6831200c49a629341bf03f04c) Importer(2089858483,b0f066a214c2f5e87bad3c948f4d605d)
Start importing Assets/Prefabs/Customers/Mr. Smith/DefineSprite_387/183.png using Guid(a599bcb6831200c49a629341bf03f04c) Importer(2089858483,b0f066a214c2f5e87bad3c948f4d605d) (ScriptedImporter) -> (artifact id: '3f8e7878e301c6814090f265383b6e70') in 0.0249878 seconds
Number of updated asset objects reloaded before import = 0Number of asset objects unloaded after import = 3

========================================================================
Received Import Request.
  Time since last request: 0.000044 seconds.
  path: Assets/Prefabs/Customers/Mr. Smith/DefineSprite_387/154.png
  artifactKey: Guid(eda47d262fd0f39429dcaa050d6564af) Importer(2089858483,b0f066a214c2f5e87bad3c948f4d605d)
Start importing Assets/Prefabs/Customers/Mr. Smith/DefineSprite_387/154.png using Guid(eda47d262fd0f39429dcaa050d6564af) Importer(2089858483,b0f066a214c2f5e87bad3c948f4d605d) (ScriptedImporter) -> (artifact id: '3b7e78b9592113f9ed64589f75da78d2') in 0.0211853 seconds
Number of updated asset objects reloaded before import = 0Number of asset objects unloaded after import = 3

========================================================================
Received Import Request.
  Time since last request: 0.000035 seconds.
  path: Assets/sprites/Derek/13.png
  artifactKey: Guid(1f0e4cd85ccce564ca64cbba4828629b) Importer(2089858483,b0f066a214c2f5e87bad3c948f4d605d)
Start importing Assets/sprites/Derek/13.png using Guid(1f0e4cd85ccce564ca64cbba4828629b) Importer(2089858483,b0f066a214c2f5e87bad3c948f4d605d) (ScriptedImporter) -> (artifact id: '607fe965a3f24dd5c9621f6a96ada2bb') in 0.021763 seconds
Number of updated asset objects reloaded before import = 0Number of asset objects unloaded after import = 3

========================================================================
Received Import Request.
  Time since last request: 0.000056 seconds.
  path: Assets/Prefabs/Customers/Mr. Smith/DefineSprite_387/182.png
  artifactKey: Guid(b268ea0410db18748b8530a41da07314) Importer(2089858483,b0f066a214c2f5e87bad3c948f4d605d)
Start importing Assets/Prefabs/Customers/Mr. Smith/DefineSprite_387/182.png using Guid(b268ea0410db18748b8530a41da07314) Importer(2089858483,b0f066a214c2f5e87bad3c948f4d605d) (ScriptedImporter) -> (artifact id: '6e254f61c5865ec48f916fdad69de35f') in 0.0200802 seconds
Number of updated asset objects reloaded before import = 0Number of asset objects unloaded after import = 3

========================================================================
Received Import Request.
  Time since last request: 0.000041 seconds.
  path: Assets/sprites/Mary/DefineSprite_148
  artifactKey: Guid(4e6786fcc39a0de41822b7345a5a39b0) Importer(2089858483,b0f066a214c2f5e87bad3c948f4d605d)
Start importing Assets/sprites/Mary/DefineSprite_148 using Guid(4e6786fcc39a0de41822b7345a5a39b0) Importer(2089858483,b0f066a214c2f5e87bad3c948f4d605d) (ScriptedImporter) -> (artifact id: '247d8365889ec6d9e3d1b6d330fb2b4b') in 0.0183622 seconds
Number of updated asset objects reloaded before import = 0Number of asset objects unloaded after import = 1

========================================================================
Received Import Request.
  Time since last request: 0.000046 seconds.
  path: Assets/sprites/Derek/DefineSprite_143/11.png
  artifactKey: Guid(d9c956a30e6b3fe479e2f7a1c0dd2a9e) Importer(2089858483,b0f066a214c2f5e87bad3c948f4d605d)
Start importing Assets/sprites/Derek/DefineSprite_143/11.png using Guid(d9c956a30e6b3fe479e2f7a1c0dd2a9e) Importer(2089858483,b0f066a214c2f5e87bad3c948f4d605d) (ScriptedImporter) -> (artifact id: 'f9ea2bdc77990b3c51ce95b642d168e5') in 0.0256532 seconds
Number of updated asset objects reloaded before import = 0Number of asset objects unloaded after import = 3

========================================================================
Received Import Request.
  Time since last request: 0.000039 seconds.
  path: Assets/sprites/Mary/DefineSprite_133/3.png
  artifactKey: Guid(781e2e2f6efa00349b6cd1659e33729c) Importer(2089858483,b0f066a214c2f5e87bad3c948f4d605d)
Start importing Assets/sprites/Mary/DefineSprite_133/3.png using Guid(781e2e2f6efa00349b6cd1659e33729c) Importer(2089858483,b0f066a214c2f5e87bad3c948f4d605d) (ScriptedImporter) -> (artifact id: 'a1263be808dcc38b59d5080eb48bb14d') in 0.0249814 seconds
Number of updated asset objects reloaded before import = 0Number of asset objects unloaded after import = 3

========================================================================
Received Import Request.
  Time since last request: 0.000048 seconds.
  path: Assets/Prefabs/Customers/Mr. Smith/DefineSprite_387/30.png
  artifactKey: Guid(f7661547a1403c248b4aad5fd085718e) Importer(2089858483,b0f066a214c2f5e87bad3c948f4d605d)
Start importing Assets/Prefabs/Customers/Mr. Smith/DefineSprite_387/30.png using Guid(f7661547a1403c248b4aad5fd085718e) Importer(2089858483,b0f066a214c2f5e87bad3c948f4d605d) (ScriptedImporter) -> (artifact id: 'c3485acbf9d776812e7395c71f2f7cca') in 0.0225003 seconds
Number of updated asset objects reloaded before import = 0Number of asset objects unloaded after import = 3

========================================================================
Received Import Request.
  Time since last request: 0.000041 seconds.
  path: Assets/Prefabs/Customers/Mr. Smith/DefineSprite_387/116.png
  artifactKey: Guid(4054a9087e0d9974f8bfd520f1e22d85) Importer(2089858483,b0f066a214c2f5e87bad3c948f4d605d)
Start importing Assets/Prefabs/Customers/Mr. Smith/DefineSprite_387/116.png using Guid(4054a9087e0d9974f8bfd520f1e22d85) Importer(2089858483,b0f066a214c2f5e87bad3c948f4d605d) (ScriptedImporter) -> (artifact id: '7a60250e4292203a0993ffd2a2163dfa') in 0.0212324 seconds
Number of updated asset objects reloaded before import = 0Number of asset objects unloaded after import = 3

========================================================================
Received Import Request.
  Time since last request: 0.000051 seconds.
  path: Assets/Prefabs/Customers/Mr. Smith/DefineSprite_387/6.png
  artifactKey: Guid(77866de63538aec4bb4713834ad7ad4e) Importer(2089858483,b0f066a214c2f5e87bad3c948f4d605d)
Start importing Assets/Prefabs/Customers/Mr. Smith/DefineSprite_387/6.png using Guid(77866de63538aec4bb4713834ad7ad4e) Importer(2089858483,b0f066a214c2f5e87bad3c948f4d605d) (ScriptedImporter) -> (artifact id: 'f371bb276c0ed5a15ea6557163a82f54') in 0.0221173 seconds
Number of updated asset objects reloaded before import = 0Number of asset objects unloaded after import = 3

========================================================================
Received Import Request.
  Time since last request: 0.000044 seconds.
  path: Assets/Prefabs/Customers/Mr. Smith/DefineSprite_387/50.png
  artifactKey: Guid(dd4ea987c4747a346baa326c454c4f8c) Importer(2089858483,b0f066a214c2f5e87bad3c948f4d605d)
Start importing Assets/Prefabs/Customers/Mr. Smith/DefineSprite_387/50.png using Guid(dd4ea987c4747a346baa326c454c4f8c) Importer(2089858483,b0f066a214c2f5e87bad3c948f4d605d) (ScriptedImporter) -> (artifact id: '82c8b57841f178dfc37141c45ae6309a') in 0.0228274 seconds
Number of updated asset objects reloaded before import = 0Number of asset objects unloaded after import = 3

========================================================================
Received Import Request.
  Time since last request: 0.000054 seconds.
  path: Assets/sprites/Derek/DefineSprite_143/14.png
  artifactKey: Guid(ebb00a5a9f526aa4ead374353843759f) Importer(2089858483,b0f066a214c2f5e87bad3c948f4d605d)
Start importing Assets/sprites/Derek/DefineSprite_143/14.png using Guid(ebb00a5a9f526aa4ead374353843759f) Importer(2089858483,b0f066a214c2f5e87bad3c948f4d605d) (ScriptedImporter) -> (artifact id: 'f900a70f4373813486b7b13a2410b2b6') in 0.0354974 seconds
Number of updated asset objects reloaded before import = 0Number of asset objects unloaded after import = 3

========================================================================
Received Import Request.
  Time since last request: 0.000053 seconds.
  path: Assets/Prefabs/Customers/Mr. Smith/DefineSprite_387/155.png
  artifactKey: Guid(0ad5aff17e3fd24438550ca7de9df5f6) Importer(2089858483,b0f066a214c2f5e87bad3c948f4d605d)
Start importing Assets/Prefabs/Customers/Mr. Smith/DefineSprite_387/155.png using Guid(0ad5aff17e3fd24438550ca7de9df5f6) Importer(2089858483,b0f066a214c2f5e87bad3c948f4d605d) (ScriptedImporter) -> (artifact id: 'c5422f35f11f4ae7c9652e200b4bbbf5') in 0.0244487 seconds
Number of updated asset objects reloaded before import = 0Number of asset objects unloaded after import = 3

========================================================================
Received Import Request.
  Time since last request: 0.000054 seconds.
  path: Assets/Prefabs/Customers/Mr. Smith/DefineSprite_387/103.png
  artifactKey: Guid(14ac4309b6081f14caeba2ff7c8ffd02) Importer(2089858483,b0f066a214c2f5e87bad3c948f4d605d)
Start importing Assets/Prefabs/Customers/Mr. Smith/DefineSprite_387/103.png using Guid(14ac4309b6081f14caeba2ff7c8ffd02) Importer(2089858483,b0f066a214c2f5e87bad3c948f4d605d) (ScriptedImporter) -> (artifact id: '3cfc7936a91c45e82fbbfb024f7b5d88') in 0.0226718 seconds
Number of updated asset objects reloaded before import = 0Number of asset objects unloaded after import = 3

========================================================================
Received Import Request.
  Time since last request: 0.000038 seconds.
  path: Assets/Prefabs/Customers/Mr. Smith/DefineSprite_387/83.png
  artifactKey: Guid(86fa7cf806fee664d9c7ff1399df8eef) Importer(2089858483,b0f066a214c2f5e87bad3c948f4d605d)
Start importing Assets/Prefabs/Customers/Mr. Smith/DefineSprite_387/83.png using Guid(86fa7cf806fee664d9c7ff1399df8eef) Importer(2089858483,b0f066a214c2f5e87bad3c948f4d605d) (ScriptedImporter) -> (artifact id: '2e3ad2b4a1f7dd22261d05a1fcc31434') in 0.0224369 seconds
Number of updated asset objects reloaded before import = 0Number of asset objects unloaded after import = 3

========================================================================
Received Import Request.
  Time since last request: 0.000041 seconds.
  path: Assets/Prefabs/Customers/Mr. Smith/DefineSprite_387/102.png
  artifactKey: Guid(ae9561b8096c64e4a8f2f5a748247557) Importer(2089858483,b0f066a214c2f5e87bad3c948f4d605d)
Start importing Assets/Prefabs/Customers/Mr. Smith/DefineSprite_387/102.png using Guid(ae9561b8096c64e4a8f2f5a748247557) Importer(2089858483,b0f066a214c2f5e87bad3c948f4d605d) (ScriptedImporter) -> (artifact id: 'c3d59499b9bc193b0b8139f4a3235f50') in 0.0226433 seconds
Number of updated asset objects reloaded before import = 0Number of asset objects unloaded after import = 3

========================================================================
Received Import Request.
  Time since last request: 0.000036 seconds.
  path: Assets/Prefabs/Customers/Mr. Smith/DefineSprite_387/115.png
  artifactKey: Guid(a899b2f8e8b34c643b20a4dcee6a0a97) Importer(2089858483,b0f066a214c2f5e87bad3c948f4d605d)
Start importing Assets/Prefabs/Customers/Mr. Smith/DefineSprite_387/115.png using Guid(a899b2f8e8b34c643b20a4dcee6a0a97) Importer(2089858483,b0f066a214c2f5e87bad3c948f4d605d) (ScriptedImporter) -> (artifact id: '46e2971e1ba2ea530ce613084772d30b') in 0.0206834 seconds
Number of updated asset objects reloaded before import = 0Number of asset objects unloaded after import = 3

========================================================================
Received Import Request.
  Time since last request: 0.000063 seconds.
  path: Assets/Prefabs/Customers/Mr. Smith/DefineSprite_387/160.png
  artifactKey: Guid(62bb51e3f60474f4a816ef5ccb78c828) Importer(2089858483,b0f066a214c2f5e87bad3c948f4d605d)
Start importing Assets/Prefabs/Customers/Mr. Smith/DefineSprite_387/160.png using Guid(62bb51e3f60474f4a816ef5ccb78c828) Importer(2089858483,b0f066a214c2f5e87bad3c948f4d605d) (ScriptedImporter) -> (artifact id: 'ee971a383111c1eeef2f2de66c42a785') in 0.0208503 seconds
Number of updated asset objects reloaded before import = 0Number of asset objects unloaded after import = 3

========================================================================
Received Import Request.
  Time since last request: 0.000036 seconds.
  path: Assets/Prefabs/Customers/Mr. Smith/DefineSprite_387/141.png
  artifactKey: Guid(509be3e05d6775b4daa7439aeb041723) Importer(2089858483,b0f066a214c2f5e87bad3c948f4d605d)
Start importing Assets/Prefabs/Customers/Mr. Smith/DefineSprite_387/141.png using Guid(509be3e05d6775b4daa7439aeb041723) Importer(2089858483,b0f066a214c2f5e87bad3c948f4d605d) (ScriptedImporter) -> (artifact id: '43d54bfac4fb54f2e563474e71a764ba') in 0.0195297 seconds
Number of updated asset objects reloaded before import = 0Number of asset objects unloaded after import = 3

========================================================================
Received Import Request.
  Time since last request: 0.000030 seconds.
  path: Assets/Prefabs/Customers/Mr. Smith/DefineSprite_387/48.png
  artifactKey: Guid(40814f27160db9e4eb7edb5adcf4d609) Importer(2089858483,b0f066a214c2f5e87bad3c948f4d605d)
Start importing Assets/Prefabs/Customers/Mr. Smith/DefineSprite_387/48.png using Guid(40814f27160db9e4eb7edb5adcf4d609) Importer(2089858483,b0f066a214c2f5e87bad3c948f4d605d) (ScriptedImporter) -> (artifact id: 'b44ff54434477fb28b13bc87a54257f7') in 0.0194495 seconds
Number of updated asset objects reloaded before import = 0Number of asset objects unloaded after import = 3

========================================================================
Received Import Request.
  Time since last request: 0.000029 seconds.
  path: Assets/Prefabs/Customers/Mr. Smith/DefineSprite_387/132.png
  artifactKey: Guid(e58e9d898d094e246a3a5c2ae0528137) Importer(2089858483,b0f066a214c2f5e87bad3c948f4d605d)
Start importing Assets/Prefabs/Customers/Mr. Smith/DefineSprite_387/132.png using Guid(e58e9d898d094e246a3a5c2ae0528137) Importer(2089858483,b0f066a214c2f5e87bad3c948f4d605d) (ScriptedImporter) -> (artifact id: 'f052cbb5e1a630a917d87133bc8810a0') in 0.0195273 seconds
Number of updated asset objects reloaded before import = 0Number of asset objects unloaded after import = 3

========================================================================
Received Import Request.
  Time since last request: 0.000060 seconds.
  path: Assets/Prefabs/Customers/Mr. Smith/DefineSprite_387/107.png
  artifactKey: Guid(d97c77e93eea4cc4fa122c489b91cb7c) Importer(2089858483,b0f066a214c2f5e87bad3c948f4d605d)
Start importing Assets/Prefabs/Customers/Mr. Smith/DefineSprite_387/107.png using Guid(d97c77e93eea4cc4fa122c489b91cb7c) Importer(2089858483,b0f066a214c2f5e87bad3c948f4d605d) (ScriptedImporter) -> (artifact id: 'abffdcbbfbe540f31f9dd15cca73adf2') in 0.0173659 seconds
Number of updated asset objects reloaded before import = 0Number of asset objects unloaded after import = 3

========================================================================
Received Import Request.
  Time since last request: 0.000047 seconds.
  path: Assets/Prefabs/Customers/Mr. Smith/DefineSprite_387/135.png
  artifactKey: Guid(e032a90a24c447f45a0554b122e8b714) Importer(2089858483,b0f066a214c2f5e87bad3c948f4d605d)
Start importing Assets/Prefabs/Customers/Mr. Smith/DefineSprite_387/135.png using Guid(e032a90a24c447f45a0554b122e8b714) Importer(2089858483,b0f066a214c2f5e87bad3c948f4d605d) (ScriptedImporter) -> (artifact id: 'eb87b09fff3678b4c53caaf8b6f4395d') in 0.0192771 seconds
Number of updated asset objects reloaded before import = 0Number of asset objects unloaded after import = 3

========================================================================
Received Import Request.
  Time since last request: 0.000025 seconds.
  path: Assets/sprites/Caroline
  artifactKey: Guid(34f02c21077c9524db7f9dee08e56bae) Importer(2089858483,b0f066a214c2f5e87bad3c948f4d605d)
Start importing Assets/sprites/Caroline using Guid(34f02c21077c9524db7f9dee08e56bae) Importer(2089858483,b0f066a214c2f5e87bad3c948f4d605d) (ScriptedImporter) -> (artifact id: '75f0df237b8b6a424ad15382375ce47c') in 0.0128188 seconds
Number of updated asset objects reloaded before import = 0Number of asset objects unloaded after import = 1

========================================================================
Received Import Request.
  Time since last request: 0.000029 seconds.
  path: Assets/Prefabs/Customers/Mr. Smith/DefineSprite_387/172.png
  artifactKey: Guid(0c7162026b613f1478b455c125c9af82) Importer(2089858483,b0f066a214c2f5e87bad3c948f4d605d)
Start importing Assets/Prefabs/Customers/Mr. Smith/DefineSprite_387/172.png using Guid(0c7162026b613f1478b455c125c9af82) Importer(2089858483,b0f066a214c2f5e87bad3c948f4d605d) (ScriptedImporter) -> (artifact id: 'c36fa8be644a3322d774aec0e4dcfda6') in 0.0233797 seconds
Number of updated asset objects reloaded before import = 0Number of asset objects unloaded after import = 3

========================================================================
Received Import Request.
  Time since last request: 0.000030 seconds.
  path: Assets/Prefabs/Customers/Mr. Smith/DefineSprite_387/54.png
  artifactKey: Guid(1ca9c7865f9dc9741b2bee10d404799e) Importer(2089858483,b0f066a214c2f5e87bad3c948f4d605d)
Start importing Assets/Prefabs/Customers/Mr. Smith/DefineSprite_387/54.png using Guid(1ca9c7865f9dc9741b2bee10d404799e) Importer(2089858483,b0f066a214c2f5e87bad3c948f4d605d) (ScriptedImporter) -> (artifact id: 'd9179a88d8964ae957b91e6a4531e53d') in 0.019412 seconds
Number of updated asset objects reloaded before import = 0Number of asset objects unloaded after import = 3

========================================================================
Received Import Request.
  Time since last request: 0.000036 seconds.
  path: Assets/sprites/Derek/DefineSprite_143/9.png
  artifactKey: Guid(bb4a8088bd5d42847ad6dd6c7452fdd0) Importer(2089858483,b0f066a214c2f5e87bad3c948f4d605d)
Start importing Assets/sprites/Derek/DefineSprite_143/9.png using Guid(bb4a8088bd5d42847ad6dd6c7452fdd0) Importer(2089858483,b0f066a214c2f5e87bad3c948f4d605d) (ScriptedImporter) -> (artifact id: '60d079f8fce39b57bf309af575e7b9cc') in 0.0177054 seconds
Number of updated asset objects reloaded before import = 0Number of asset objects unloaded after import = 3

========================================================================
Received Import Request.
  Time since last request: 0.000045 seconds.
  path: Assets/sprites/Derek/2.png
  artifactKey: Guid(8c8698560ebcfe443b9ca9d06e761a0b) Importer(2089858483,b0f066a214c2f5e87bad3c948f4d605d)
Start importing Assets/sprites/Derek/2.png using Guid(8c8698560ebcfe443b9ca9d06e761a0b) Importer(2089858483,b0f066a214c2f5e87bad3c948f4d605d) (ScriptedImporter) -> (artifact id: '25f47c313b9d4f8b14e72fe579165031') in 0.0183082 seconds
Number of updated asset objects reloaded before import = 0Number of asset objects unloaded after import = 3

========================================================================
Received Import Request.
  Time since last request: 0.000029 seconds.
  path: Assets/Prefabs/Customers/Mr. Smith/DefineSprite_387/131.png
  artifactKey: Guid(33f114ea3f89a5e4eb25c1d6e8732b60) Importer(2089858483,b0f066a214c2f5e87bad3c948f4d605d)
Start importing Assets/Prefabs/Customers/Mr. Smith/DefineSprite_387/131.png using Guid(33f114ea3f89a5e4eb25c1d6e8732b60) Importer(2089858483,b0f066a214c2f5e87bad3c948f4d605d) (ScriptedImporter) -> (artifact id: 'e65e36ecb4cfde7bb1e272e5461e204b') in 0.018997 seconds
Number of updated asset objects reloaded before import = 0Number of asset objects unloaded after import = 3

========================================================================
Received Import Request.
  Time since last request: 0.000026 seconds.
  path: Assets/Prefabs/Customers/Mr. Smith/DefineSprite_387/136.png
  artifactKey: Guid(784859da1caacb54d86246b211f86e8d) Importer(2089858483,b0f066a214c2f5e87bad3c948f4d605d)
Start importing Assets/Prefabs/Customers/Mr. Smith/DefineSprite_387/136.png using Guid(784859da1caacb54d86246b211f86e8d) Importer(2089858483,b0f066a214c2f5e87bad3c948f4d605d) (ScriptedImporter) -> (artifact id: '9058c20dfef97dcba012769ba0083c9c') in 0.018353 seconds
Number of updated asset objects reloaded before import = 0Number of asset objects unloaded after import = 3

========================================================================
Received Import Request.
  Time since last request: 0.000025 seconds.
  path: Assets/Prefabs/Customers/Mr. Smith/DefineSprite_387/152.png
  artifactKey: Guid(c72c84fadf8edf642a7822ccb3d80075) Importer(2089858483,b0f066a214c2f5e87bad3c948f4d605d)
Start importing Assets/Prefabs/Customers/Mr. Smith/DefineSprite_387/152.png using Guid(c72c84fadf8edf642a7822ccb3d80075) Importer(2089858483,b0f066a214c2f5e87bad3c948f4d605d) (ScriptedImporter) -> (artifact id: '171473f69630885958008f445be34dde') in 0.0192784 seconds
Number of updated asset objects reloaded before import = 0Number of asset objects unloaded after import = 3

========================================================================
Received Import Request.
  Time since last request: 0.000041 seconds.
  path: Assets/sprites/Mary/DefineSprite_133/16.png
  artifactKey: Guid(77190ece025f77b44893c65ee73cb3de) Importer(2089858483,b0f066a214c2f5e87bad3c948f4d605d)
Start importing Assets/sprites/Mary/DefineSprite_133/16.png using Guid(77190ece025f77b44893c65ee73cb3de) Importer(2089858483,b0f066a214c2f5e87bad3c948f4d605d) (ScriptedImporter) -> (artifact id: '3808f385db0c71e3201a1c40de073a43') in 0.019788 seconds
Number of updated asset objects reloaded before import = 0Number of asset objects unloaded after import = 3

========================================================================
Received Import Request.
  Time since last request: 0.000044 seconds.
  path: Assets/Prefabs/Customers/Mr. Smith/DefineSprite_387/77.png
  artifactKey: Guid(a5c814ea0f81cac439622a39a5f0f4d2) Importer(2089858483,b0f066a214c2f5e87bad3c948f4d605d)
Start importing Assets/Prefabs/Customers/Mr. Smith/DefineSprite_387/77.png using Guid(a5c814ea0f81cac439622a39a5f0f4d2) Importer(2089858483,b0f066a214c2f5e87bad3c948f4d605d) (ScriptedImporter) -> (artifact id: '8eec0f29ad4790d1d037b91a3d05870f') in 0.0174258 seconds
Number of updated asset objects reloaded before import = 0Number of asset objects unloaded after import = 3

========================================================================
Received Import Request.
  Time since last request: 0.000041 seconds.
  path: Assets/sprites/Mary/DefineSprite_148/11.png
  artifactKey: Guid(819fd4460f708384fa5cb694f6a4e2e5) Importer(2089858483,b0f066a214c2f5e87bad3c948f4d605d)
Start importing Assets/sprites/Mary/DefineSprite_148/11.png using Guid(819fd4460f708384fa5cb694f6a4e2e5) Importer(2089858483,b0f066a214c2f5e87bad3c948f4d605d) (ScriptedImporter) -> (artifact id: 'c529e1e0e6362f9dac75ea63a426cc36') in 0.0191374 seconds
Number of updated asset objects reloaded before import = 0Number of asset objects unloaded after import = 3

========================================================================
Received Import Request.
  Time since last request: 0.000031 seconds.
  path: Assets/Prefabs/Customers/Mr. Smith/DefineSprite_387/85.png
  artifactKey: Guid(6ee414d2ddbe89647882d6d355568153) Importer(2089858483,b0f066a214c2f5e87bad3c948f4d605d)
Start importing Assets/Prefabs/Customers/Mr. Smith/DefineSprite_387/85.png using Guid(6ee414d2ddbe89647882d6d355568153) Importer(2089858483,b0f066a214c2f5e87bad3c948f4d605d) (ScriptedImporter) -> (artifact id: '9dfe3999a80c9b9a007d9fd2c0dc36c6') in 0.0221326 seconds
Number of updated asset objects reloaded before import = 0Number of asset objects unloaded after import = 3

========================================================================
Received Import Request.
  Time since last request: 0.000032 seconds.
  path: Assets/sprites/Mary/DefineSprite_133/13.png
  artifactKey: Guid(11784b0cf22183043a2ec6a45c1c6b7d) Importer(2089858483,b0f066a214c2f5e87bad3c948f4d605d)
Start importing Assets/sprites/Mary/DefineSprite_133/13.png using Guid(11784b0cf22183043a2ec6a45c1c6b7d) Importer(2089858483,b0f066a214c2f5e87bad3c948f4d605d) (ScriptedImporter) -> (artifact id: '2bb626959caeb116a764d8e64d01403e') in 0.0228229 seconds
Number of updated asset objects reloaded before import = 0Number of asset objects unloaded after import = 3

========================================================================
Received Import Request.
  Time since last request: 0.000046 seconds.
  path: Assets/Prefabs/Customers/Mr. Smith/DefineSprite_387/93.png
  artifactKey: Guid(e2b6392cb62a4c3419c09d8ea483904b) Importer(2089858483,b0f066a214c2f5e87bad3c948f4d605d)
Start importing Assets/Prefabs/Customers/Mr. Smith/DefineSprite_387/93.png using Guid(e2b6392cb62a4c3419c09d8ea483904b) Importer(2089858483,b0f066a214c2f5e87bad3c948f4d605d) (ScriptedImporter) -> (artifact id: '4c4287060185c85be878d44e2cb1bedd') in 0.0209146 seconds
Number of updated asset objects reloaded before import = 0Number of asset objects unloaded after import = 3

========================================================================
Received Import Request.
  Time since last request: 0.000035 seconds.
  path: Assets/Prefabs/Customers/Mr. Smith/DefineSprite_387/142.png
  artifactKey: Guid(3439edeb7137581438ac4f83e00de680) Importer(2089858483,b0f066a214c2f5e87bad3c948f4d605d)
Start importing Assets/Prefabs/Customers/Mr. Smith/DefineSprite_387/142.png using Guid(3439edeb7137581438ac4f83e00de680) Importer(2089858483,b0f066a214c2f5e87bad3c948f4d605d) (ScriptedImporter) -> (artifact id: '4ca4ffe7765d1b89c168d7fc49a448a8') in 0.0225183 seconds
Number of updated asset objects reloaded before import = 0Number of asset objects unloaded after import = 3

========================================================================
Received Import Request.
  Time since last request: 0.000054 seconds.
  path: Assets/Prefabs/Customers/Mr. Smith/DefineSprite_387/138.png
  artifactKey: Guid(314f0f2c9786b124f9df2af44a8d1932) Importer(2089858483,b0f066a214c2f5e87bad3c948f4d605d)
Start importing Assets/Prefabs/Customers/Mr. Smith/DefineSprite_387/138.png using Guid(314f0f2c9786b124f9df2af44a8d1932) Importer(2089858483,b0f066a214c2f5e87bad3c948f4d605d) (ScriptedImporter) -> (artifact id: '333305ef570ee918409df80f40ec7ec2') in 0.0190156 seconds
Number of updated asset objects reloaded before import = 0Number of asset objects unloaded after import = 3

========================================================================
Received Import Request.
  Time since last request: 0.000041 seconds.
  path: Assets/Prefabs/Customers/Mr. Smith/DefineSprite_387/176.png
  artifactKey: Guid(8e2e129c3327dd048a989cdbcaea26d6) Importer(2089858483,b0f066a214c2f5e87bad3c948f4d605d)
Start importing Assets/Prefabs/Customers/Mr. Smith/DefineSprite_387/176.png using Guid(8e2e129c3327dd048a989cdbcaea26d6) Importer(2089858483,b0f066a214c2f5e87bad3c948f4d605d) (ScriptedImporter) -> (artifact id: '2a0a3c313954e94f5b911499cedec4e1') in 0.0192189 seconds
Number of updated asset objects reloaded before import = 0Number of asset objects unloaded after import = 3

========================================================================
Received Import Request.
  Time since last request: 0.000043 seconds.
  path: Assets/Prefabs/Customers/Mr. Smith/DefineSprite_387/171.png
  artifactKey: Guid(8d6c8943243add4479413201172a7d0f) Importer(2089858483,b0f066a214c2f5e87bad3c948f4d605d)
Start importing Assets/Prefabs/Customers/Mr. Smith/DefineSprite_387/171.png using Guid(8d6c8943243add4479413201172a7d0f) Importer(2089858483,b0f066a214c2f5e87bad3c948f4d605d) (ScriptedImporter) -> (artifact id: 'cf124f236c762c3f3150be737a82466e') in 0.0187955 seconds
Number of updated asset objects reloaded before import = 0Number of asset objects unloaded after import = 3

========================================================================
Received Import Request.
  Time since last request: 0.000035 seconds.
  path: Assets/Prefabs/Customers/Mr. Smith/DefineSprite_387/147.png
  artifactKey: Guid(a077d0a3974efe94d927fb8ac2c30917) Importer(2089858483,b0f066a214c2f5e87bad3c948f4d605d)
Start importing Assets/Prefabs/Customers/Mr. Smith/DefineSprite_387/147.png using Guid(a077d0a3974efe94d927fb8ac2c30917) Importer(2089858483,b0f066a214c2f5e87bad3c948f4d605d) (ScriptedImporter) -> (artifact id: '4b5e2b97ca33800ec311666804af1af4') in 0.0168287 seconds
Number of updated asset objects reloaded before import = 0Number of asset objects unloaded after import = 3

========================================================================
Received Import Request.
  Time since last request: 0.000031 seconds.
  path: Assets/Prefabs/Customers/Mr. Smith/DefineSprite_387/7.png
  artifactKey: Guid(286ffdcb64b3a35449dbeed34858c6c3) Importer(2089858483,b0f066a214c2f5e87bad3c948f4d605d)
Start importing Assets/Prefabs/Customers/Mr. Smith/DefineSprite_387/7.png using Guid(286ffdcb64b3a35449dbeed34858c6c3) Importer(2089858483,b0f066a214c2f5e87bad3c948f4d605d) (ScriptedImporter) -> (artifact id: '1437a7dc85ce91c6c68c57104a4739b1') in 0.0170261 seconds
Number of updated asset objects reloaded before import = 0Number of asset objects unloaded after import = 3

========================================================================
Received Import Request.
  Time since last request: 0.000030 seconds.
  path: Assets/Prefabs/Customers/Mr. Smith/DefineSprite_387/124.png
  artifactKey: Guid(0b05555d18f60624cbcb524fe1cc3bbb) Importer(2089858483,b0f066a214c2f5e87bad3c948f4d605d)
Start importing Assets/Prefabs/Customers/Mr. Smith/DefineSprite_387/124.png using Guid(0b05555d18f60624cbcb524fe1cc3bbb) Importer(2089858483,b0f066a214c2f5e87bad3c948f4d605d) (ScriptedImporter) -> (artifact id: 'be965209d06fb5d5a291540925534026') in 0.018746 seconds
Number of updated asset objects reloaded before import = 0Number of asset objects unloaded after import = 3

========================================================================
Received Import Request.
  Time since last request: 0.000042 seconds.
  path: Assets/Prefabs/Customers/Mr. Smith/DefineSprite_387/22.png
  artifactKey: Guid(d16d2f8dab094d54190c5e79a3bf06ac) Importer(2089858483,b0f066a214c2f5e87bad3c948f4d605d)
Start importing Assets/Prefabs/Customers/Mr. Smith/DefineSprite_387/22.png using Guid(d16d2f8dab094d54190c5e79a3bf06ac) Importer(2089858483,b0f066a214c2f5e87bad3c948f4d605d) (ScriptedImporter) -> (artifact id: 'c3f8effcc30c8a8382a8d70bf6f145b7') in 0.0204199 seconds
Number of updated asset objects reloaded before import = 0Number of asset objects unloaded after import = 3

========================================================================
Received Import Request.
  Time since last request: 0.000042 seconds.
  path: Assets/Prefabs/Customers/Mr. Smith/DefineSprite_387/33.png
  artifactKey: Guid(bedafb1dca76d9b4596dabbb4fcf086a) Importer(2089858483,b0f066a214c2f5e87bad3c948f4d605d)
Start importing Assets/Prefabs/Customers/Mr. Smith/DefineSprite_387/33.png using Guid(bedafb1dca76d9b4596dabbb4fcf086a) Importer(2089858483,b0f066a214c2f5e87bad3c948f4d605d) (ScriptedImporter) -> (artifact id: '0e90b7518773d4c02ff8d97a04879bea') in 0.0212073 seconds
Number of updated asset objects reloaded before import = 0Number of asset objects unloaded after import = 3

========================================================================
Received Import Request.
  Time since last request: 0.000031 seconds.
  path: Assets/Prefabs/Customers/Mr. Smith/DefineSprite_387/109.png
  artifactKey: Guid(faeb784dc8cfa184e9a9e8546a1ea3c3) Importer(2089858483,b0f066a214c2f5e87bad3c948f4d605d)
Start importing Assets/Prefabs/Customers/Mr. Smith/DefineSprite_387/109.png using Guid(faeb784dc8cfa184e9a9e8546a1ea3c3) Importer(2089858483,b0f066a214c2f5e87bad3c948f4d605d) (ScriptedImporter) -> (artifact id: 'be176d95cfb34cdf1ffd0f85eb0054f5') in 0.0197983 seconds
Number of updated asset objects reloaded before import = 0Number of asset objects unloaded after import = 3

========================================================================
Received Import Request.
  Time since last request: 0.000035 seconds.
  path: Assets/Prefabs/Customers/Mr. Smith/DefineSprite_387/120.png
  artifactKey: Guid(5314cf7d7cf08444aa14398bb74b33ac) Importer(2089858483,b0f066a214c2f5e87bad3c948f4d605d)
Start importing Assets/Prefabs/Customers/Mr. Smith/DefineSprite_387/120.png using Guid(5314cf7d7cf08444aa14398bb74b33ac) Importer(2089858483,b0f066a214c2f5e87bad3c948f4d605d) (ScriptedImporter) -> (artifact id: '96afb720ee87c1d583656507e3ceebb5') in 0.0229576 seconds
Number of updated asset objects reloaded before import = 0Number of asset objects unloaded after import = 3

========================================================================
Received Import Request.
  Time since last request: 0.000034 seconds.
  path: Assets/Prefabs/Customers/Mr. Smith/DefineSprite_387/159.png
  artifactKey: Guid(c0439890e8403694c8ca8ff073c2b83b) Importer(2089858483,b0f066a214c2f5e87bad3c948f4d605d)
Start importing Assets/Prefabs/Customers/Mr. Smith/DefineSprite_387/159.png using Guid(c0439890e8403694c8ca8ff073c2b83b) Importer(2089858483,b0f066a214c2f5e87bad3c948f4d605d) (ScriptedImporter) -> (artifact id: 'b761b0b11fa3b77c8bed385dbce882ab') in 0.0194247 seconds
Number of updated asset objects reloaded before import = 0Number of asset objects unloaded after import = 3

========================================================================
Received Import Request.
  Time since last request: 0.000042 seconds.
  path: Assets/Prefabs/Customers/Mr. Smith/DefineSprite_387/34.png
  artifactKey: Guid(70fccfcd4a880ec41bf44a722254cac7) Importer(2089858483,b0f066a214c2f5e87bad3c948f4d605d)
Start importing Assets/Prefabs/Customers/Mr. Smith/DefineSprite_387/34.png using Guid(70fccfcd4a880ec41bf44a722254cac7) Importer(2089858483,b0f066a214c2f5e87bad3c948f4d605d) (ScriptedImporter) -> (artifact id: 'f214e2b04235a4ee1a817e2e6aa3d02f') in 0.0218735 seconds
Number of updated asset objects reloaded before import = 0Number of asset objects unloaded after import = 3

========================================================================
Received Import Request.
  Time since last request: 0.000041 seconds.
  path: Assets/Prefabs/Customers/Mr. Smith/DefineSprite_387/167.png
  artifactKey: Guid(c0452c4f0e2966346a063092e361d76c) Importer(2089858483,b0f066a214c2f5e87bad3c948f4d605d)
Start importing Assets/Prefabs/Customers/Mr. Smith/DefineSprite_387/167.png using Guid(c0452c4f0e2966346a063092e361d76c) Importer(2089858483,b0f066a214c2f5e87bad3c948f4d605d) (ScriptedImporter) -> (artifact id: '7e38f4e51f39abc22200fe3fd2d97bca') in 0.0194148 seconds
Number of updated asset objects reloaded before import = 0Number of asset objects unloaded after import = 3

========================================================================
Received Import Request.
  Time since last request: 0.000032 seconds.
  path: Assets/Prefabs/Customers/Mr. Smith/DefineSprite_387/11.png
  artifactKey: Guid(1ddfee9ef1b994b4eae6fb1da8e6aca4) Importer(2089858483,b0f066a214c2f5e87bad3c948f4d605d)
Start importing Assets/Prefabs/Customers/Mr. Smith/DefineSprite_387/11.png using Guid(1ddfee9ef1b994b4eae6fb1da8e6aca4) Importer(2089858483,b0f066a214c2f5e87bad3c948f4d605d) (ScriptedImporter) -> (artifact id: 'ab9770b3d5319209dc4f4896582bb8ef') in 0.0255802 seconds
Number of updated asset objects reloaded before import = 0Number of asset objects unloaded after import = 3

========================================================================
Received Import Request.
  Time since last request: 0.000035 seconds.
  path: Assets/Prefabs/Customers/Mr. Smith/DefineSprite_387/130.png
  artifactKey: Guid(8b21bd1f609cc3a41b8e649e72de74b7) Importer(2089858483,b0f066a214c2f5e87bad3c948f4d605d)
Start importing Assets/Prefabs/Customers/Mr. Smith/DefineSprite_387/130.png using Guid(8b21bd1f609cc3a41b8e649e72de74b7) Importer(2089858483,b0f066a214c2f5e87bad3c948f4d605d) (ScriptedImporter) -> (artifact id: '0a6080224a08214d72aa35d8a8905325') in 0.0185045 seconds
Number of updated asset objects reloaded before import = 0Number of asset objects unloaded after import = 3

========================================================================
Received Import Request.
  Time since last request: 0.000049 seconds.
  path: Assets/Prefabs/Customers/Mr. Smith/DefineSprite_387/137.png
  artifactKey: Guid(b02025befc054a14c9cf4810f851c92e) Importer(2089858483,b0f066a214c2f5e87bad3c948f4d605d)
Start importing Assets/Prefabs/Customers/Mr. Smith/DefineSprite_387/137.png using Guid(b02025befc054a14c9cf4810f851c92e) Importer(2089858483,b0f066a214c2f5e87bad3c948f4d605d) (ScriptedImporter) -> (artifact id: '2457593824e30f1121224b02da0ff5b0') in 0.0204356 seconds
Number of updated asset objects reloaded before import = 0Number of asset objects unloaded after import = 3

========================================================================
Received Import Request.
  Time since last request: 0.000038 seconds.
  path: Assets/Prefabs/Customers/Mr. Smith/DefineSprite_387/121.png
  artifactKey: Guid(673ad03fd2168eb4a87e41da80091919) Importer(2089858483,b0f066a214c2f5e87bad3c948f4d605d)
Start importing Assets/Prefabs/Customers/Mr. Smith/DefineSprite_387/121.png using Guid(673ad03fd2168eb4a87e41da80091919) Importer(2089858483,b0f066a214c2f5e87bad3c948f4d605d) (ScriptedImporter) -> (artifact id: '79c72c69dcab6112bd9b6137a902d3e9') in 0.0201478 seconds
Number of updated asset objects reloaded before import = 0Number of asset objects unloaded after import = 3

========================================================================
Received Import Request.
  Time since last request: 0.000031 seconds.
  path: Assets/Prefabs/Customers/Mr. Smith/DefineSprite_387/128.png
  artifactKey: Guid(8fa3521bb373eb248a100244a9877eef) Importer(2089858483,b0f066a214c2f5e87bad3c948f4d605d)
Start importing Assets/Prefabs/Customers/Mr. Smith/DefineSprite_387/128.png using Guid(8fa3521bb373eb248a100244a9877eef) Importer(2089858483,b0f066a214c2f5e87bad3c948f4d605d) (ScriptedImporter) -> (artifact id: '400f39dd50138f33b14a85fd1bb51da8') in 0.0235739 seconds
Number of updated asset objects reloaded before import = 0Number of asset objects unloaded after import = 3

========================================================================
Received Import Request.
  Time since last request: 0.000047 seconds.
  path: Assets/Prefabs/Customers/Mr. Smith/DefineSprite_387/25.png
  artifactKey: Guid(9963a54e4a914ec43851816839530a7a) Importer(2089858483,b0f066a214c2f5e87bad3c948f4d605d)
Start importing Assets/Prefabs/Customers/Mr. Smith/DefineSprite_387/25.png using Guid(9963a54e4a914ec43851816839530a7a) Importer(2089858483,b0f066a214c2f5e87bad3c948f4d605d) (ScriptedImporter) -> (artifact id: 'd703a6a8002bbb2f4f4d6683c31071fc') in 0.0194371 seconds
Number of updated asset objects reloaded before import = 0Number of asset objects unloaded after import = 3

========================================================================
Received Import Request.
  Time since last request: 0.000056 seconds.
  path: Assets/Prefabs/Customers/Mr. Smith/DefineSprite_386/16.png
  artifactKey: Guid(9966bd44511bead48b50ef393a35f834) Importer(2089858483,b0f066a214c2f5e87bad3c948f4d605d)
Start importing Assets/Prefabs/Customers/Mr. Smith/DefineSprite_386/16.png using Guid(9966bd44511bead48b50ef393a35f834) Importer(2089858483,b0f066a214c2f5e87bad3c948f4d605d) (ScriptedImporter) -> (artifact id: '8fce7b1e3e36e231a30be738c10d1696') in 0.0234339 seconds
Number of updated asset objects reloaded before import = 0Number of asset objects unloaded after import = 3

========================================================================
Received Import Request.
  Time since last request: 0.000030 seconds.
  path: Assets/Prefabs/Customers/Mr. Smith/DefineSprite_386/12.png
  artifactKey: Guid(d8c6b891318aa6f488dc08259b83218a) Importer(2089858483,b0f066a214c2f5e87bad3c948f4d605d)
Start importing Assets/Prefabs/Customers/Mr. Smith/DefineSprite_386/12.png using Guid(d8c6b891318aa6f488dc08259b83218a) Importer(2089858483,b0f066a214c2f5e87bad3c948f4d605d) (ScriptedImporter) -> (artifact id: '79fb049c25f3dcfa18f84eb309d63006') in 0.0219801 seconds
Number of updated asset objects reloaded before import = 0Number of asset objects unloaded after import = 3

========================================================================
Received Import Request.
  Time since last request: 0.000032 seconds.
  path: Assets/Prefabs/Customers/Mr. Smith/DefineSprite_386/10.png
  artifactKey: Guid(a47ba9c7e5101154085c51e270a16046) Importer(2089858483,b0f066a214c2f5e87bad3c948f4d605d)
Start importing Assets/Prefabs/Customers/Mr. Smith/DefineSprite_386/10.png using Guid(a47ba9c7e5101154085c51e270a16046) Importer(2089858483,b0f066a214c2f5e87bad3c948f4d605d) (ScriptedImporter) -> (artifact id: '29a981c734c8244d93e1d15e3e0aecb3') in 0.0220402 seconds
Number of updated asset objects reloaded before import = 0Number of asset objects unloaded after import = 3

========================================================================
Received Import Request.
  Time since last request: 0.000033 seconds.
  path: Assets/Prefabs/Customers/Mr. Smith/DefineSprite_387/179.png
  artifactKey: Guid(c9980eeff408b1148b0aeaead3c87e78) Importer(2089858483,b0f066a214c2f5e87bad3c948f4d605d)
Start importing Assets/Prefabs/Customers/Mr. Smith/DefineSprite_387/179.png using Guid(c9980eeff408b1148b0aeaead3c87e78) Importer(2089858483,b0f066a214c2f5e87bad3c948f4d605d) (ScriptedImporter) -> (artifact id: 'c7d448ff271430cc8c8598e54cbe8670') in 0.0187871 seconds
Number of updated asset objects reloaded before import = 0Number of asset objects unloaded after import = 3

========================================================================
Received Import Request.
  Time since last request: 0.000038 seconds.
  path: Assets/Prefabs/Customers/Mr. Smith/DefineSprite_386/5.png
  artifactKey: Guid(4f54fe9320eefe442bc02d4bac4f8b69) Importer(2089858483,b0f066a214c2f5e87bad3c948f4d605d)
Start importing Assets/Prefabs/Customers/Mr. Smith/DefineSprite_386/5.png using Guid(4f54fe9320eefe442bc02d4bac4f8b69) Importer(2089858483,b0f066a214c2f5e87bad3c948f4d605d) (ScriptedImporter) -> (artifact id: '44d868643c8a2f1decccc2b5c378a465') in 0.023914 seconds
Number of updated asset objects reloaded before import = 0Number of asset objects unloaded after import = 3

========================================================================
Received Import Request.
  Time since last request: 0.000033 seconds.
  path: Assets/sprites/Caroline/DefineSprite_128/2.png
  artifactKey: Guid(86a9ca5e96f05f74aae9925eedc62dc4) Importer(2089858483,b0f066a214c2f5e87bad3c948f4d605d)
Start importing Assets/sprites/Caroline/DefineSprite_128/2.png using Guid(86a9ca5e96f05f74aae9925eedc62dc4) Importer(2089858483,b0f066a214c2f5e87bad3c948f4d605d) (ScriptedImporter) -> (artifact id: '7d8a71a9d4e36e2b2980402206242412') in 0.0206042 seconds
Number of updated asset objects reloaded before import = 0Number of asset objects unloaded after import = 3

========================================================================
Received Import Request.
  Time since last request: 0.000030 seconds.
  path: Assets/sprites/Mary/DefineSprite_148/15.png
  artifactKey: Guid(dcd7cfd6f227be3428dbf31b7d2a9572) Importer(2089858483,b0f066a214c2f5e87bad3c948f4d605d)
Start importing Assets/sprites/Mary/DefineSprite_148/15.png using Guid(dcd7cfd6f227be3428dbf31b7d2a9572) Importer(2089858483,b0f066a214c2f5e87bad3c948f4d605d) (ScriptedImporter) -> (artifact id: '72336f24f6fb5f08d77dca6d5c73d3ad') in 0.0205225 seconds
Number of updated asset objects reloaded before import = 0Number of asset objects unloaded after import = 3

========================================================================
Received Import Request.
  Time since last request: 0.000032 seconds.
  path: Assets/sprites/Mary/4.png
  artifactKey: Guid(f3016d9d1abae0142bc20de833889445) Importer(2089858483,b0f066a214c2f5e87bad3c948f4d605d)
Start importing Assets/sprites/Mary/4.png using Guid(f3016d9d1abae0142bc20de833889445) Importer(2089858483,b0f066a214c2f5e87bad3c948f4d605d) (ScriptedImporter) -> (artifact id: '388199969c6630022341f21976a9aaaa') in 0.0177901 seconds
Number of updated asset objects reloaded before import = 0Number of asset objects unloaded after import = 3

========================================================================
Received Import Request.
  Time since last request: 0.000040 seconds.
  path: Assets/Prefabs/Customers/Mr. Smith/DefineSprite_380/8.png
  artifactKey: Guid(fc6e2006c865e364b9ac087babfa206c) Importer(2089858483,b0f066a214c2f5e87bad3c948f4d605d)
Start importing Assets/Prefabs/Customers/Mr. Smith/DefineSprite_380/8.png using Guid(fc6e2006c865e364b9ac087babfa206c) Importer(2089858483,b0f066a214c2f5e87bad3c948f4d605d) (ScriptedImporter) -> (artifact id: '292a72d1daa799d4acd05c51ac7c639d') in 0.0173447 seconds
Number of updated asset objects reloaded before import = 0Number of asset objects unloaded after import = 3

========================================================================
Received Import Request.
  Time since last request: 0.000029 seconds.
  path: Assets/Prefabs/Customers/Mr. Smith/DefineSprite_380/4.png
  artifactKey: Guid(3677a3562e11446459cf6dc786326703) Importer(2089858483,b0f066a214c2f5e87bad3c948f4d605d)
Start importing Assets/Prefabs/Customers/Mr. Smith/DefineSprite_380/4.png using Guid(3677a3562e11446459cf6dc786326703) Importer(2089858483,b0f066a214c2f5e87bad3c948f4d605d) (ScriptedImporter) -> (artifact id: 'fcbd2074fbc8d4359e4a79b3f95f4206') in 0.0182876 seconds
Number of updated asset objects reloaded before import = 0Number of asset objects unloaded after import = 3

========================================================================
Received Import Request.
  Time since last request: 0.000026 seconds.
  path: Assets/Prefabs/Customers/Mr. Smith/DefineSprite_380/10.png
  artifactKey: Guid(f6c2bedc4a4f3244899cddc69ac95ab0) Importer(2089858483,b0f066a214c2f5e87bad3c948f4d605d)
Start importing Assets/Prefabs/Customers/Mr. Smith/DefineSprite_380/10.png using Guid(f6c2bedc4a4f3244899cddc69ac95ab0) Importer(2089858483,b0f066a214c2f5e87bad3c948f4d605d) (ScriptedImporter) -> (artifact id: 'f33dde1eb2e29be22091aa6f8bc356a8') in 0.0170794 seconds
Number of updated asset objects reloaded before import = 0Number of asset objects unloaded after import = 3

========================================================================
Received Import Request.
  Time since last request: 0.000028 seconds.
  path: Assets/Prefabs/Customers/Mr. Smith/DefineSprite_380/6.png
  artifactKey: Guid(aea9312aed695074e904b00f3c1517d8) Importer(2089858483,b0f066a214c2f5e87bad3c948f4d605d)
Start importing Assets/Prefabs/Customers/Mr. Smith/DefineSprite_380/6.png using Guid(aea9312aed695074e904b00f3c1517d8) Importer(2089858483,b0f066a214c2f5e87bad3c948f4d605d) (ScriptedImporter) -> (artifact id: '4f14b282178b905f3f763d78ba23af45') in 0.0202557 seconds
Number of updated asset objects reloaded before import = 0Number of asset objects unloaded after import = 3

========================================================================
Received Import Request.
  Time since last request: 0.000039 seconds.
  path: Assets/Prefabs/Customers/Mr. Smith/DefineSprite_380/2.png
  artifactKey: Guid(3fbc52535861eec40806a70d8d989dbb) Importer(2089858483,b0f066a214c2f5e87bad3c948f4d605d)
Start importing Assets/Prefabs/Customers/Mr. Smith/DefineSprite_380/2.png using Guid(3fbc52535861eec40806a70d8d989dbb) Importer(2089858483,b0f066a214c2f5e87bad3c948f4d605d) (ScriptedImporter) -> (artifact id: '7bf246c334c61af7ac01a215684e1e3f') in 0.0222534 seconds
Number of updated asset objects reloaded before import = 0Number of asset objects unloaded after import = 3

========================================================================
Received Import Request.
  Time since last request: 0.000039 seconds.
  path: Assets/Prefabs/Customers/Mr. Smith/DefineSprite_386/8.png
  artifactKey: Guid(cb83586d4a1393241b4b68a085a99135) Importer(2089858483,b0f066a214c2f5e87bad3c948f4d605d)
Start importing Assets/Prefabs/Customers/Mr. Smith/DefineSprite_386/8.png using Guid(cb83586d4a1393241b4b68a085a99135) Importer(2089858483,b0f066a214c2f5e87bad3c948f4d605d) (ScriptedImporter) -> (artifact id: '2fecc84f2de008fe4311b9292d047574') in 0.0226004 seconds
Number of updated asset objects reloaded before import = 0Number of asset objects unloaded after import = 3

========================================================================
Received Import Request.
  Time since last request: 0.000039 seconds.
  path: Assets/Prefabs/Customers/Mr. Smith/DefineSprite_380/7.png
  artifactKey: Guid(64502b40e9eecea4a9870ff4b8a207cf) Importer(2089858483,b0f066a214c2f5e87bad3c948f4d605d)
Start importing Assets/Prefabs/Customers/Mr. Smith/DefineSprite_380/7.png using Guid(64502b40e9eecea4a9870ff4b8a207cf) Importer(2089858483,b0f066a214c2f5e87bad3c948f4d605d) (ScriptedImporter) -> (artifact id: '5bbfc097ffac36d0b05760933980391c') in 0.0248119 seconds
Number of updated asset objects reloaded before import = 0Number of asset objects unloaded after import = 3

========================================================================
Received Import Request.
  Time since last request: 0.000033 seconds.
  path: Assets/Prefabs/Customers/Mr. Smith/DefineSprite_380/1.png
  artifactKey: Guid(fede277fc25381b4394de6f0a0f1cace) Importer(2089858483,b0f066a214c2f5e87bad3c948f4d605d)
Start importing Assets/Prefabs/Customers/Mr. Smith/DefineSprite_380/1.png using Guid(fede277fc25381b4394de6f0a0f1cace) Importer(2089858483,b0f066a214c2f5e87bad3c948f4d605d) (ScriptedImporter) -> (artifact id: '9ffe09ca3a2bdd9fed5f59cad80a208c') in 0.0227663 seconds
Number of updated asset objects reloaded before import = 0Number of asset objects unloaded after import = 3

========================================================================
Received Import Request.
  Time since last request: 0.000044 seconds.
  path: Assets/Prefabs/Customers/Mr. Smith/DefineSprite_380/11.png
  artifactKey: Guid(23b17d2ee8381c54484a80f339921653) Importer(2089858483,b0f066a214c2f5e87bad3c948f4d605d)
Start importing Assets/Prefabs/Customers/Mr. Smith/DefineSprite_380/11.png using Guid(23b17d2ee8381c54484a80f339921653) Importer(2089858483,b0f066a214c2f5e87bad3c948f4d605d) (ScriptedImporter) -> (artifact id: 'f213dec99d71bed88a2e7018813d7a6c') in 0.0260034 seconds
Number of updated asset objects reloaded before import = 0Number of asset objects unloaded after import = 3

========================================================================
Received Import Request.
  Time since last request: 0.000048 seconds.
  path: Assets/Prefabs/Customers/Mr. Smith/DefineSprite_387/125.png
  artifactKey: Guid(0c3d07a8a864e7147a9d87550e7a3d3e) Importer(2089858483,b0f066a214c2f5e87bad3c948f4d605d)
Start importing Assets/Prefabs/Customers/Mr. Smith/DefineSprite_387/125.png using Guid(0c3d07a8a864e7147a9d87550e7a3d3e) Importer(2089858483,b0f066a214c2f5e87bad3c948f4d605d) (ScriptedImporter) -> (artifact id: '2b1844c689046ffbb3369c380562d841') in 0.0228995 seconds
Number of updated asset objects reloaded before import = 0Number of asset objects unloaded after import = 3

========================================================================
Received Import Request.
  Time since last request: 0.000053 seconds.
  path: Assets/Prefabs/Customers/Mr. Smith/DefineSprite_387/38.png
  artifactKey: Guid(22730ae55b0214045bf34dc34627f217) Importer(2089858483,b0f066a214c2f5e87bad3c948f4d605d)
Start importing Assets/Prefabs/Customers/Mr. Smith/DefineSprite_387/38.png using Guid(22730ae55b0214045bf34dc34627f217) Importer(2089858483,b0f066a214c2f5e87bad3c948f4d605d) (ScriptedImporter) -> (artifact id: '355ad1706affc4a5bef53e885d420fb6') in 0.0232609 seconds
Number of updated asset objects reloaded before import = 0Number of asset objects unloaded after import = 3

========================================================================
Received Import Request.
  Time since last request: 0.000029 seconds.
  path: Assets/sprites/Derek/7.png
  artifactKey: Guid(054e29c2f2878784a87538ba32d38891) Importer(2089858483,b0f066a214c2f5e87bad3c948f4d605d)
Start importing Assets/sprites/Derek/7.png using Guid(054e29c2f2878784a87538ba32d38891) Importer(2089858483,b0f066a214c2f5e87bad3c948f4d605d) (ScriptedImporter) -> (artifact id: 'eb28d35f5f949936d4a381e023e09b0d') in 0.0193135 seconds
Number of updated asset objects reloaded before import = 0Number of asset objects unloaded after import = 3

========================================================================
Received Import Request.
  Time since last request: 0.000037 seconds.
  path: Assets/sprites/Mary/14.png
  artifactKey: Guid(b5b30281f5ca0f5478f52a02d9f50129) Importer(2089858483,b0f066a214c2f5e87bad3c948f4d605d)
Start importing Assets/sprites/Mary/14.png using Guid(b5b30281f5ca0f5478f52a02d9f50129) Importer(2089858483,b0f066a214c2f5e87bad3c948f4d605d) (ScriptedImporter) -> (artifact id: 'c47fcb87edecb09e75c7dfcf344b9554') in 0.0186855 seconds
Number of updated asset objects reloaded before import = 0Number of asset objects unloaded after import = 3

========================================================================
Received Import Request.
  Time since last request: 0.000058 seconds.
  path: Assets/Prefabs/Customers/Mr. Smith/DefineSprite_387/95.png
  artifactKey: Guid(aca3848b300bfaa4c8efad02a1647a23) Importer(2089858483,b0f066a214c2f5e87bad3c948f4d605d)
Start importing Assets/Prefabs/Customers/Mr. Smith/DefineSprite_387/95.png using Guid(aca3848b300bfaa4c8efad02a1647a23) Importer(2089858483,b0f066a214c2f5e87bad3c948f4d605d) (ScriptedImporter) -> (artifact id: '53cdccb3f1c863a2144a42d52d68778f') in 0.0202832 seconds
Number of updated asset objects reloaded before import = 0Number of asset objects unloaded after import = 3

========================================================================
Received Import Request.
  Time since last request: 0.000033 seconds.
  path: Assets/Prefabs/Customers/Mr. Smith/DefineSprite_387/2.png
  artifactKey: Guid(f620909683f91e94aa258be294fa0726) Importer(2089858483,b0f066a214c2f5e87bad3c948f4d605d)
Start importing Assets/Prefabs/Customers/Mr. Smith/DefineSprite_387/2.png using Guid(f620909683f91e94aa258be294fa0726) Importer(2089858483,b0f066a214c2f5e87bad3c948f4d605d) (ScriptedImporter) -> (artifact id: '3181873817650436dc162461fb003b96') in 0.0200476 seconds
Number of updated asset objects reloaded before import = 0Number of asset objects unloaded after import = 3

========================================================================
Received Import Request.
  Time since last request: 0.000040 seconds.
  path: Assets/Prefabs/Customers/Mr. Smith/DefineSprite_386/14.png
  artifactKey: Guid(a9960c58491ae8042843d9ab6fb299ce) Importer(2089858483,b0f066a214c2f5e87bad3c948f4d605d)
Start importing Assets/Prefabs/Customers/Mr. Smith/DefineSprite_386/14.png using Guid(a9960c58491ae8042843d9ab6fb299ce) Importer(2089858483,b0f066a214c2f5e87bad3c948f4d605d) (ScriptedImporter) -> (artifact id: '5e0ee7f9b793d5aea8633f13def64d6a') in 0.0192563 seconds
Number of updated asset objects reloaded before import = 0Number of asset objects unloaded after import = 3

========================================================================
Received Import Request.
  Time since last request: 0.000034 seconds.
  path: Assets/Prefabs/Customers/Mr. Smith/DefineSprite_387/35.png
  artifactKey: Guid(ba6c196ee603bf146b923ea5bd13cb4b) Importer(2089858483,b0f066a214c2f5e87bad3c948f4d605d)
Start importing Assets/Prefabs/Customers/Mr. Smith/DefineSprite_387/35.png using Guid(ba6c196ee603bf146b923ea5bd13cb4b) Importer(2089858483,b0f066a214c2f5e87bad3c948f4d605d) (ScriptedImporter) -> (artifact id: '10a16aa5f72771e67df6eba63c4e05cc') in 0.0205102 seconds
Number of updated asset objects reloaded before import = 0Number of asset objects unloaded after import = 3

========================================================================
Received Import Request.
  Time since last request: 0.000033 seconds.
  path: Assets/Prefabs/Customers/Mr. Smith/DefineSprite_387/73.png
  artifactKey: Guid(aba2ae3bc7d43de4f9e7d090c423432a) Importer(2089858483,b0f066a214c2f5e87bad3c948f4d605d)
Start importing Assets/Prefabs/Customers/Mr. Smith/DefineSprite_387/73.png using Guid(aba2ae3bc7d43de4f9e7d090c423432a) Importer(2089858483,b0f066a214c2f5e87bad3c948f4d605d) (ScriptedImporter) -> (artifact id: '932130eecdfd91711b4b53a58003bc98') in 0.0216868 seconds
Number of updated asset objects reloaded before import = 0Number of asset objects unloaded after import = 3

========================================================================
Received Import Request.
  Time since last request: 0.000063 seconds.
  path: Assets/Prefabs/Customers/Mr. Smith/DefineSprite_386/7.png
  artifactKey: Guid(21e6572bbc0598443bdff9b565e9038e) Importer(2089858483,b0f066a214c2f5e87bad3c948f4d605d)
Start importing Assets/Prefabs/Customers/Mr. Smith/DefineSprite_386/7.png using Guid(21e6572bbc0598443bdff9b565e9038e) Importer(2089858483,b0f066a214c2f5e87bad3c948f4d605d) (ScriptedImporter) -> (artifact id: '99071e70b670cf8ff2010c3aea9d0675') in 0.0223737 seconds
Number of updated asset objects reloaded before import = 0Number of asset objects unloaded after import = 3

========================================================================
Received Import Request.
  Time since last request: 0.000046 seconds.
  path: Assets/Prefabs/Customers/Mr. Smith/DefineSprite_387/150.png
  artifactKey: Guid(f66f3f76bfe8cae46bc8fba1fbcc0f43) Importer(2089858483,b0f066a214c2f5e87bad3c948f4d605d)
Start importing Assets/Prefabs/Customers/Mr. Smith/DefineSprite_387/150.png using Guid(f66f3f76bfe8cae46bc8fba1fbcc0f43) Importer(2089858483,b0f066a214c2f5e87bad3c948f4d605d) (ScriptedImporter) -> (artifact id: '37238aaee76899c8de7b175d0b637885') in 0.0183519 seconds
Number of updated asset objects reloaded before import = 0Number of asset objects unloaded after import = 3

========================================================================
Received Import Request.
  Time since last request: 0.000033 seconds.
  path: Assets/Prefabs/Customers/Mr. Smith/DefineSprite_386/2.png
  artifactKey: Guid(8e62ae9230880404181990bdeccd7f8b) Importer(2089858483,b0f066a214c2f5e87bad3c948f4d605d)
Start importing Assets/Prefabs/Customers/Mr. Smith/DefineSprite_386/2.png using Guid(8e62ae9230880404181990bdeccd7f8b) Importer(2089858483,b0f066a214c2f5e87bad3c948f4d605d) (ScriptedImporter) -> (artifact id: 'f1da25caa600f3b5842d5c71114a4e9d') in 0.0221303 seconds
Number of updated asset objects reloaded before import = 0Number of asset objects unloaded after import = 3

========================================================================
Received Import Request.
  Time since last request: 0.000043 seconds.
  path: Assets/Prefabs/Customers/Mr. Smith/DefineSprite_387/129.png
  artifactKey: Guid(5f1b999075d950f448f3de7aae9e9a05) Importer(2089858483,b0f066a214c2f5e87bad3c948f4d605d)
Start importing Assets/Prefabs/Customers/Mr. Smith/DefineSprite_387/129.png using Guid(5f1b999075d950f448f3de7aae9e9a05) Importer(2089858483,b0f066a214c2f5e87bad3c948f4d605d) (ScriptedImporter) -> (artifact id: 'dffa43d3e6674d3be95ee7d14299a7ef') in 0.0196982 seconds
Number of updated asset objects reloaded before import = 0Number of asset objects unloaded after import = 3

========================================================================
Received Import Request.
  Time since last request: 0.000048 seconds.
  path: Assets/sprites/Caroline/4.png
  artifactKey: Guid(f0c9c155114d1564483cb2f5e0d40f98) Importer(2089858483,b0f066a214c2f5e87bad3c948f4d605d)
Start importing Assets/sprites/Caroline/4.png using Guid(f0c9c155114d1564483cb2f5e0d40f98) Importer(2089858483,b0f066a214c2f5e87bad3c948f4d605d) (ScriptedImporter) -> (artifact id: '1b42385a9cb77a44c9d11ba2ea1af3b9') in 0.0202832 seconds
Number of updated asset objects reloaded before import = 0Number of asset objects unloaded after import = 3

========================================================================
Received Import Request.
  Time since last request: 0.000038 seconds.
  path: Assets/sprites/Mary/DefineSprite_133/14.png
  artifactKey: Guid(e545195ef11b5bc4c90d4cecdb2acf9a) Importer(2089858483,b0f066a214c2f5e87bad3c948f4d605d)
Start importing Assets/sprites/Mary/DefineSprite_133/14.png using Guid(e545195ef11b5bc4c90d4cecdb2acf9a) Importer(2089858483,b0f066a214c2f5e87bad3c948f4d605d) (ScriptedImporter) -> (artifact id: '55f9571b8cb55d0d034d252da288c6eb') in 0.0220733 seconds
Number of updated asset objects reloaded before import = 0Number of asset objects unloaded after import = 3

========================================================================
Received Import Request.
  Time since last request: 0.000055 seconds.
  path: Assets/Prefabs/Customers/Mr. Smith/DefineSprite_387/145.png
  artifactKey: Guid(9b1dac7adef7f7b4288574201050454a) Importer(2089858483,b0f066a214c2f5e87bad3c948f4d605d)
Start importing Assets/Prefabs/Customers/Mr. Smith/DefineSprite_387/145.png using Guid(9b1dac7adef7f7b4288574201050454a) Importer(2089858483,b0f066a214c2f5e87bad3c948f4d605d) (ScriptedImporter) -> (artifact id: 'ac1b265c0ee9eab21a5c99d6e8453c83') in 0.0204736 seconds
Number of updated asset objects reloaded before import = 0Number of asset objects unloaded after import = 3

========================================================================
Received Import Request.
  Time since last request: 0.000038 seconds.
  path: Assets/Prefabs/Customers/Mr. Smith/DefineSprite_387/23.png
  artifactKey: Guid(36ec2e40a9ee1034c908035f25f60e9f) Importer(2089858483,b0f066a214c2f5e87bad3c948f4d605d)
Start importing Assets/Prefabs/Customers/Mr. Smith/DefineSprite_387/23.png using Guid(36ec2e40a9ee1034c908035f25f60e9f) Importer(2089858483,b0f066a214c2f5e87bad3c948f4d605d) (ScriptedImporter) -> (artifact id: '2b88a99fcaac385d2ac85cfd9236452b') in 0.0199491 seconds
Number of updated asset objects reloaded before import = 0Number of asset objects unloaded after import = 3

========================================================================
Received Import Request.
  Time since last request: 0.000045 seconds.
  path: Assets/sprites/Derek/3.png
  artifactKey: Guid(cf8836dbd4d21544ea3203f99840718f) Importer(2089858483,b0f066a214c2f5e87bad3c948f4d605d)
Start importing Assets/sprites/Derek/3.png using Guid(cf8836dbd4d21544ea3203f99840718f) Importer(2089858483,b0f066a214c2f5e87bad3c948f4d605d) (ScriptedImporter) -> (artifact id: 'd3001108d40e3646972f8baca056e047') in 0.0203398 seconds
Number of updated asset objects reloaded before import = 0Number of asset objects unloaded after import = 3

========================================================================
Received Import Request.
  Time since last request: 0.000041 seconds.
  path: Assets/Prefabs/Customers/Mr. Smith/DefineSprite_387/123.png
  artifactKey: Guid(b022d99e53c6f8a44b351c1d422c6886) Importer(2089858483,b0f066a214c2f5e87bad3c948f4d605d)
Start importing Assets/Prefabs/Customers/Mr. Smith/DefineSprite_387/123.png using Guid(b022d99e53c6f8a44b351c1d422c6886) Importer(2089858483,b0f066a214c2f5e87bad3c948f4d605d) (ScriptedImporter) -> (artifact id: 'c18b03f55aed6920f8cb740668c3c269') in 0.0214645 seconds
Number of updated asset objects reloaded before import = 0Number of asset objects unloaded after import = 3

========================================================================
Received Import Request.
  Time since last request: 0.000029 seconds.
  path: Assets/Prefabs/Customers/Mr. Smith/DefineSprite_387/39.png
  artifactKey: Guid(932dc742de39f9b40a480059cb6cdc16) Importer(2089858483,b0f066a214c2f5e87bad3c948f4d605d)
Start importing Assets/Prefabs/Customers/Mr. Smith/DefineSprite_387/39.png using Guid(932dc742de39f9b40a480059cb6cdc16) Importer(2089858483,b0f066a214c2f5e87bad3c948f4d605d) (ScriptedImporter) -> (artifact id: 'a1bacb9a6f1ffdb60f980087579ba3a5') in 0.0227781 seconds
Number of updated asset objects reloaded before import = 0Number of asset objects unloaded after import = 3

========================================================================
Received Import Request.
  Time since last request: 0.000036 seconds.
  path: Assets/Prefabs/Customers/Mr. Smith/DefineSprite_387/168.png
  artifactKey: Guid(ba73b84b0581a9d4b91ed260df7014a0) Importer(2089858483,b0f066a214c2f5e87bad3c948f4d605d)
Start importing Assets/Prefabs/Customers/Mr. Smith/DefineSprite_387/168.png using Guid(ba73b84b0581a9d4b91ed260df7014a0) Importer(2089858483,b0f066a214c2f5e87bad3c948f4d605d) (ScriptedImporter) -> (artifact id: '602174a5ed7e12e041c0faeda7f60cce') in 0.0201248 seconds
Number of updated asset objects reloaded before import = 0Number of asset objects unloaded after import = 3

========================================================================
Received Import Request.
  Time since last request: 0.000045 seconds.
  path: Assets/Prefabs/Customers/Mr. Smith/DefineSprite_387/143.png
  artifactKey: Guid(26dfb969ec4975941a55546fbe70d784) Importer(2089858483,b0f066a214c2f5e87bad3c948f4d605d)
Start importing Assets/Prefabs/Customers/Mr. Smith/DefineSprite_387/143.png using Guid(26dfb969ec4975941a55546fbe70d784) Importer(2089858483,b0f066a214c2f5e87bad3c948f4d605d) (ScriptedImporter) -> (artifact id: '24f51e214faad0be9fdf514c50aecf21') in 0.0221482 seconds
Number of updated asset objects reloaded before import = 0Number of asset objects unloaded after import = 3

========================================================================
Received Import Request.
  Time since last request: 0.000040 seconds.
  path: Assets/Prefabs/Customers/Mr. Smith/DefineSprite_387/134.png
  artifactKey: Guid(464696788753fde4bb380dcf5eb869e9) Importer(2089858483,b0f066a214c2f5e87bad3c948f4d605d)
Start importing Assets/Prefabs/Customers/Mr. Smith/DefineSprite_387/134.png using Guid(464696788753fde4bb380dcf5eb869e9) Importer(2089858483,b0f066a214c2f5e87bad3c948f4d605d) (ScriptedImporter) -> (artifact id: '8fcf6f0d14c6736075c0f2d11e798686') in 0.0225146 seconds
Number of updated asset objects reloaded before import = 0Number of asset objects unloaded after import = 3

========================================================================
Received Import Request.
  Time since last request: 0.000030 seconds.
  path: Assets/sprites/Derek/DefineSprite_143/12.png
  artifactKey: Guid(a2666ff5071272e4d8a09f1803021800) Importer(2089858483,b0f066a214c2f5e87bad3c948f4d605d)
Start importing Assets/sprites/Derek/DefineSprite_143/12.png using Guid(a2666ff5071272e4d8a09f1803021800) Importer(2089858483,b0f066a214c2f5e87bad3c948f4d605d) (ScriptedImporter) -> (artifact id: 'f4871de340f53800885ac29e5c841650') in 0.0264025 seconds
Number of updated asset objects reloaded before import = 0Number of asset objects unloaded after import = 3

========================================================================
Received Import Request.
  Time since last request: 0.000043 seconds.
  path: Assets/Prefabs/Customers/Mr. Smith/DefineSprite_386/1.png
  artifactKey: Guid(3d2b680f57ecb0844940f6c6bd067324) Importer(2089858483,b0f066a214c2f5e87bad3c948f4d605d)
Start importing Assets/Prefabs/Customers/Mr. Smith/DefineSprite_386/1.png using Guid(3d2b680f57ecb0844940f6c6bd067324) Importer(2089858483,b0f066a214c2f5e87bad3c948f4d605d) (ScriptedImporter) -> (artifact id: 'b71d4e8043b08f0b1cd0a5bffe900e6d') in 0.0199637 seconds
Number of updated asset objects reloaded before import = 0Number of asset objects unloaded after import = 3

========================================================================
Received Import Request.
  Time since last request: 0.000062 seconds.
  path: Assets/sprites/Derek/DefineSprite_143
  artifactKey: Guid(d5c593f95c05d874db50f3d4b3fbd43c) Importer(2089858483,b0f066a214c2f5e87bad3c948f4d605d)
Start importing Assets/sprites/Derek/DefineSprite_143 using Guid(d5c593f95c05d874db50f3d4b3fbd43c) Importer(2089858483,b0f066a214c2f5e87bad3c948f4d605d) (ScriptedImporter) -> (artifact id: 'efd9cc15471f2473a48613a893be92f2') in 0.0143859 seconds
Number of updated asset objects reloaded before import = 0Number of asset objects unloaded after import = 1

========================================================================
Received Import Request.
  Time since last request: 0.000028 seconds.
  path: Assets/Prefabs/Customers/Mr. Smith/DefineSprite_387/24.png
  artifactKey: Guid(d5ec0eb3d8b50694facc05864a81c257) Importer(2089858483,b0f066a214c2f5e87bad3c948f4d605d)
Start importing Assets/Prefabs/Customers/Mr. Smith/DefineSprite_387/24.png using Guid(d5ec0eb3d8b50694facc05864a81c257) Importer(2089858483,b0f066a214c2f5e87bad3c948f4d605d) (ScriptedImporter) -> (artifact id: '1ab4d9f4614f6969182fb1bc78304645') in 0.0199023 seconds
Number of updated asset objects reloaded before import = 0Number of asset objects unloaded after import = 3

========================================================================
Received Import Request.
  Time since last request: 0.000031 seconds.
  path: Assets/Prefabs/Customers/Mr. Smith/DefineSprite_387/67.png
  artifactKey: Guid(562890e969777d545afa4f31aabbd351) Importer(2089858483,b0f066a214c2f5e87bad3c948f4d605d)
Start importing Assets/Prefabs/Customers/Mr. Smith/DefineSprite_387/67.png using Guid(562890e969777d545afa4f31aabbd351) Importer(2089858483,b0f066a214c2f5e87bad3c948f4d605d) (ScriptedImporter) -> (artifact id: '0ea612fdd87a668061ba5bdf1f9d4aef') in 0.0198975 seconds
Number of updated asset objects reloaded before import = 0Number of asset objects unloaded after import = 3

========================================================================
Received Import Request.
  Time since last request: 0.000032 seconds.
  path: Assets/Prefabs/Customers/Mr. Smith/DefineSprite_387/63.png
  artifactKey: Guid(b5fb82e98abc66248bb3c609fc75ef6e) Importer(2089858483,b0f066a214c2f5e87bad3c948f4d605d)
Start importing Assets/Prefabs/Customers/Mr. Smith/DefineSprite_387/63.png using Guid(b5fb82e98abc66248bb3c609fc75ef6e) Importer(2089858483,b0f066a214c2f5e87bad3c948f4d605d) (ScriptedImporter) -> (artifact id: 'f443f844b2efc4db4efcb11208928ab6') in 0.0209988 seconds
Number of updated asset objects reloaded before import = 0Number of asset objects unloaded after import = 3

========================================================================
Received Import Request.
  Time since last request: 0.000036 seconds.
  path: Assets/Prefabs/Customers/Mr. Smith/DefineSprite_387/181.png
  artifactKey: Guid(9d6a4a24a99159648948ab8874faa9b6) Importer(2089858483,b0f066a214c2f5e87bad3c948f4d605d)
Start importing Assets/Prefabs/Customers/Mr. Smith/DefineSprite_387/181.png using Guid(9d6a4a24a99159648948ab8874faa9b6) Importer(2089858483,b0f066a214c2f5e87bad3c948f4d605d) (ScriptedImporter) -> (artifact id: 'da69d5d52a2033e5fb52179a146c6893') in 0.0214789 seconds
Number of updated asset objects reloaded before import = 0Number of asset objects unloaded after import = 3

========================================================================
Received Import Request.
  Time since last request: 0.000049 seconds.
  path: Assets/Prefabs/Customers/Mr. Smith/DefineSprite_387/1.png
  artifactKey: Guid(f6c0602be17183d4aa1214182c0fc7bf) Importer(2089858483,b0f066a214c2f5e87bad3c948f4d605d)
Start importing Assets/Prefabs/Customers/Mr. Smith/DefineSprite_387/1.png using Guid(f6c0602be17183d4aa1214182c0fc7bf) Importer(2089858483,b0f066a214c2f5e87bad3c948f4d605d) (ScriptedImporter) -> (artifact id: 'c2d67bcc612a7eee23fef81b08d60608') in 0.0215494 seconds
Number of updated asset objects reloaded before import = 0Number of asset objects unloaded after import = 3

========================================================================
Received Import Request.
  Time since last request: 0.000030 seconds.
  path: Assets/Prefabs/Customers/Mr. Smith/DefineSprite_387
  artifactKey: Guid(62fc59636d344514aa12467f1c44578a) Importer(2089858483,b0f066a214c2f5e87bad3c948f4d605d)
Start importing Assets/Prefabs/Customers/Mr. Smith/DefineSprite_387 using Guid(62fc59636d344514aa12467f1c44578a) Importer(2089858483,b0f066a214c2f5e87bad3c948f4d605d) (ScriptedImporter) -> (artifact id: '9fa0f5ac8aaf4cb38847e4f22526cc60') in 0.0174832 seconds
Number of updated asset objects reloaded before import = 0Number of asset objects unloaded after import = 1

========================================================================
Received Import Request.
  Time since last request: 0.000028 seconds.
  path: Assets/sprites/Caroline/1.png
  artifactKey: Guid(73e54ce521694274b874b99be095e36c) Importer(2089858483,b0f066a214c2f5e87bad3c948f4d605d)
Start importing Assets/sprites/Caroline/1.png using Guid(73e54ce521694274b874b99be095e36c) Importer(2089858483,b0f066a214c2f5e87bad3c948f4d605d) (ScriptedImporter) -> (artifact id: 'a4a583b5f7997dc55966a6f06dd38a54') in 0.0211378 seconds
Number of updated asset objects reloaded before import = 0Number of asset objects unloaded after import = 3

========================================================================
Received Import Request.
  Time since last request: 0.000034 seconds.
  path: Assets/Prefabs/Customers/Mr. Smith/DefineSprite_387/58.png
  artifactKey: Guid(62649392c91a1474a98fb99175ade7e0) Importer(2089858483,b0f066a214c2f5e87bad3c948f4d605d)
Start importing Assets/Prefabs/Customers/Mr. Smith/DefineSprite_387/58.png using Guid(62649392c91a1474a98fb99175ade7e0) Importer(2089858483,b0f066a214c2f5e87bad3c948f4d605d) (ScriptedImporter) -> (artifact id: '066d4e240be32f40723948ddc88e6a3d') in 0.0206001 seconds
Number of updated asset objects reloaded before import = 0Number of asset objects unloaded after import = 3

========================================================================
Received Import Request.
  Time since last request: 0.000051 seconds.
  path: Assets/sprites/Derek/8.png
  artifactKey: Guid(8fbf0e7f6038c1b459d0c82d099e2b9d) Importer(2089858483,b0f066a214c2f5e87bad3c948f4d605d)
Start importing Assets/sprites/Derek/8.png using Guid(8fbf0e7f6038c1b459d0c82d099e2b9d) Importer(2089858483,b0f066a214c2f5e87bad3c948f4d605d) (ScriptedImporter) -> (artifact id: 'ad3511149a79daeb32c1440480a08987') in 0.0223046 seconds
Number of updated asset objects reloaded before import = 0Number of asset objects unloaded after import = 3

========================================================================
Received Import Request.
  Time since last request: 0.000031 seconds.
  path: Assets/sprites/Mary/9.png
  artifactKey: Guid(a54873316e6210340bf98c9c2dca1d5c) Importer(2089858483,b0f066a214c2f5e87bad3c948f4d605d)
Start importing Assets/sprites/Mary/9.png using Guid(a54873316e6210340bf98c9c2dca1d5c) Importer(2089858483,b0f066a214c2f5e87bad3c948f4d605d) (ScriptedImporter) -> (artifact id: '36df3f97e5d2f0e102e8546333a0c1c3') in 0.0263762 seconds
Number of updated asset objects reloaded before import = 0Number of asset objects unloaded after import = 3

========================================================================
Received Import Request.
  Time since last request: 0.000042 seconds.
  path: Assets/sprites/Mary/DefineSprite_148/12.png
  artifactKey: Guid(fcdb459ab91d9884486c2e6c352ffd57) Importer(2089858483,b0f066a214c2f5e87bad3c948f4d605d)
Start importing Assets/sprites/Mary/DefineSprite_148/12.png using Guid(fcdb459ab91d9884486c2e6c352ffd57) Importer(2089858483,b0f066a214c2f5e87bad3c948f4d605d) (ScriptedImporter) -> (artifact id: '7b11416637c4b33b981872324f2d031f') in 0.0188829 seconds
Number of updated asset objects reloaded before import = 0Number of asset objects unloaded after import = 3

========================================================================
Received Import Request.
  Time since last request: 0.000067 seconds.
  path: Assets/Prefabs/Customers/Mr. Smith/DefineSprite_386/11.png
  artifactKey: Guid(b8a888d01f6c34b42a748f6eb18e0d17) Importer(2089858483,b0f066a214c2f5e87bad3c948f4d605d)
Start importing Assets/Prefabs/Customers/Mr. Smith/DefineSprite_386/11.png using Guid(b8a888d01f6c34b42a748f6eb18e0d17) Importer(2089858483,b0f066a214c2f5e87bad3c948f4d605d) (ScriptedImporter) -> (artifact id: '6111ac125a712dd63ef00c2e34e85e99') in 0.0191917 seconds
Number of updated asset objects reloaded before import = 0Number of asset objects unloaded after import = 3

========================================================================
Received Import Request.
  Time since last request: 0.000039 seconds.
  path: Assets/Prefabs/Customers/Mr. Smith/DefineSprite_387/75.png
  artifactKey: Guid(5efe141b9bb7edf4aaff10587998663b) Importer(2089858483,b0f066a214c2f5e87bad3c948f4d605d)
Start importing Assets/Prefabs/Customers/Mr. Smith/DefineSprite_387/75.png using Guid(5efe141b9bb7edf4aaff10587998663b) Importer(2089858483,b0f066a214c2f5e87bad3c948f4d605d) (ScriptedImporter) -> (artifact id: 'a8821d239bb57d2116c5220c4bdd3bc9') in 0.0220057 seconds
Number of updated asset objects reloaded before import = 0Number of asset objects unloaded after import = 3

========================================================================
Received Import Request.
  Time since last request: 0.000027 seconds.
  path: Assets/sprites/Mary/DefineSprite_148/1.png
  artifactKey: Guid(773ea7dfdbb58f840a1797c573f04c0a) Importer(2089858483,b0f066a214c2f5e87bad3c948f4d605d)
Start importing Assets/sprites/Mary/DefineSprite_148/1.png using Guid(773ea7dfdbb58f840a1797c573f04c0a) Importer(2089858483,b0f066a214c2f5e87bad3c948f4d605d) (ScriptedImporter) -> (artifact id: 'f30ed54b5e17190d8dbbcc6902444adb') in 0.0189438 seconds
Number of updated asset objects reloaded before import = 0Number of asset objects unloaded after import = 3

========================================================================
Received Import Request.
  Time since last request: 0.000029 seconds.
  path: Assets/Prefabs/Customers/Mr. Smith/DefineSprite_387/110.png
  artifactKey: Guid(0e54391280131434084aee8d20c1754c) Importer(2089858483,b0f066a214c2f5e87bad3c948f4d605d)
Start importing Assets/Prefabs/Customers/Mr. Smith/DefineSprite_387/110.png using Guid(0e54391280131434084aee8d20c1754c) Importer(2089858483,b0f066a214c2f5e87bad3c948f4d605d) (ScriptedImporter) -> (artifact id: 'e14d1c0d75b6006aa59c1ea4bbabc2ee') in 0.022644 seconds
Number of updated asset objects reloaded before import = 0Number of asset objects unloaded after import = 3

========================================================================
Received Import Request.
  Time since last request: 5.229719 seconds.
  path: Assets/Prefabs/Customers/Mr. Smith/WalkingBackward
  artifactKey: Guid(5e789234bfddd554db917c7412a84e2a) Importer(2089858483,b0f066a214c2f5e87bad3c948f4d605d)
Start importing Assets/Prefabs/Customers/Mr. Smith/WalkingBackward using Guid(5e789234bfddd554db917c7412a84e2a) Importer(2089858483,b0f066a214c2f5e87bad3c948f4d605d) (ScriptedImporter) -> (artifact id: 'c0d610ba347e16d3e2eecba0e2637f4c') in 0.0153471 seconds
Number of updated asset objects reloaded before import = 0Number of asset objects unloaded after import = 1

========================================================================
Received Import Request.
  Time since last request: 0.000041 seconds.
  path: Assets/Prefabs/Customers/Mr. Smith/WalkingBackward/8.png
  artifactKey: Guid(fc6e2006c865e364b9ac087babfa206c) Importer(2089858483,b0f066a214c2f5e87bad3c948f4d605d)
Start importing Assets/Prefabs/Customers/Mr. Smith/WalkingBackward/8.png using Guid(fc6e2006c865e364b9ac087babfa206c) Importer(2089858483,b0f066a214c2f5e87bad3c948f4d605d) (ScriptedImporter) -> (artifact id: '177a4763988125650f4ea44e5d9baf22') in 0.0210113 seconds
Number of updated asset objects reloaded before import = 0Number of asset objects unloaded after import = 3

========================================================================
Received Import Request.
  Time since last request: 0.000065 seconds.
  path: Assets/Prefabs/Customers/Mr. Smith/WalkingBackward/4.png
  artifactKey: Guid(3677a3562e11446459cf6dc786326703) Importer(2089858483,b0f066a214c2f5e87bad3c948f4d605d)
Start importing Assets/Prefabs/Customers/Mr. Smith/WalkingBackward/4.png using Guid(3677a3562e11446459cf6dc786326703) Importer(2089858483,b0f066a214c2f5e87bad3c948f4d605d) (ScriptedImporter) -> (artifact id: '8c1e37cd49d64777fb5f833dab83eab6') in 0.0221839 seconds
Number of updated asset objects reloaded before import = 0Number of asset objects unloaded after import = 3

========================================================================
Received Import Request.
  Time since last request: 0.000048 seconds.
  path: Assets/Prefabs/Customers/Mr. Smith/WalkingBackward/6.png
  artifactKey: Guid(aea9312aed695074e904b00f3c1517d8) Importer(2089858483,b0f066a214c2f5e87bad3c948f4d605d)
Start importing Assets/Prefabs/Customers/Mr. Smith/WalkingBackward/6.png using Guid(aea9312aed695074e904b00f3c1517d8) Importer(2089858483,b0f066a214c2f5e87bad3c948f4d605d) (ScriptedImporter) -> (artifact id: '1f883e58a78d7d9b0e7f4899f542e63c') in 0.0226826 seconds
Number of updated asset objects reloaded before import = 0Number of asset objects unloaded after import = 3

========================================================================
Received Import Request.
  Time since last request: 0.000044 seconds.
  path: Assets/Prefabs/Customers/Mr. Smith/WalkingBackward/2.png
  artifactKey: Guid(3fbc52535861eec40806a70d8d989dbb) Importer(2089858483,b0f066a214c2f5e87bad3c948f4d605d)
Start importing Assets/Prefabs/Customers/Mr. Smith/WalkingBackward/2.png using Guid(3fbc52535861eec40806a70d8d989dbb) Importer(2089858483,b0f066a214c2f5e87bad3c948f4d605d) (ScriptedImporter) -> (artifact id: '267eb96a1f19f27e59b7caf0da36b8b7') in 0.0226419 seconds
Number of updated asset objects reloaded before import = 0Number of asset objects unloaded after import = 3

========================================================================
Received Import Request.
  Time since last request: 0.000050 seconds.
  path: Assets/Prefabs/Customers/Mr. Smith/WalkingBackward/9.png
  artifactKey: Guid(d0e50145d2e6f124fbc0cf923f4719fa) Importer(2089858483,b0f066a214c2f5e87bad3c948f4d605d)
Start importing Assets/Prefabs/Customers/Mr. Smith/WalkingBackward/9.png using Guid(d0e50145d2e6f124fbc0cf923f4719fa) Importer(2089858483,b0f066a214c2f5e87bad3c948f4d605d) (ScriptedImporter) -> (artifact id: 'd1ae33d732e3e1637f2d91eeb7d99239') in 0.0222447 seconds
Number of updated asset objects reloaded before import = 0Number of asset objects unloaded after import = 3

========================================================================
Received Import Request.
  Time since last request: 25.583058 seconds.
  path: Assets/Prefabs/Customers/Mr. Smith/Animations/Walking.anim
  artifactKey: Guid(1a4cd4bb39142df42a1a3e0c40455d16) Importer(815301076,1909f56bfc062723c751e8b465ee728b)
Start importing Assets/Prefabs/Customers/Mr. Smith/Animations/Walking.anim using Guid(1a4cd4bb39142df42a1a3e0c40455d16) Importer(815301076,1909f56bfc062723c751e8b465ee728b) (PreviewImporter) -> (artifact id: '1029d55b632366e561dff00371ed7982') in 0.001373 seconds
Number of updated asset objects reloaded before import = 0Number of asset objects unloaded after import = 1

========================================================================
Received Import Request.
  Time since last request: 11.552967 seconds.
  path: Assets/Prefabs/Customers/Mr. Smith/Animations/WalkingForward.anim
  artifactKey: Guid(1a4cd4bb39142df42a1a3e0c40455d16) Importer(815301076,1909f56bfc062723c751e8b465ee728b)
Start importing Assets/Prefabs/Customers/Mr. Smith/Animations/WalkingForward.anim using Guid(1a4cd4bb39142df42a1a3e0c40455d16) Importer(815301076,1909f56bfc062723c751e8b465ee728b) (PreviewImporter) -> (artifact id: '970c1246fefb2b74ee82318a88c4986a') in 0.0019403 seconds
Number of updated asset objects reloaded before import = 0Number of asset objects unloaded after import = 1

========================================================================
Received Import Request.
  Time since last request: 0.874484 seconds.
  path: Assets/Prefabs/Customers/Mr. Smith/Animations/WalkingForward.anim
  artifactKey: Guid(1a4cd4bb39142df42a1a3e0c40455d16) Importer(2089858483,b0f066a214c2f5e87bad3c948f4d605d)
Start importing Assets/Prefabs/Customers/Mr. Smith/Animations/WalkingForward.anim using Guid(1a4cd4bb39142df42a1a3e0c40455d16) Importer(2089858483,b0f066a214c2f5e87bad3c948f4d605d) (ScriptedImporter) -> (artifact id: 'bc747d4a7b88385ed5cb7f941f428f88') in 0.0250111 seconds
Number of updated asset objects reloaded before import = 0Number of asset objects unloaded after import = 1

========================================================================
Received Import Request.
  Time since last request: 14.116699 seconds.
  path: Assets/Prefabs/Customers/Mr. Smith/Animations/WalkingBackward.anim
  artifactKey: Guid(01ba77363ad93ab439d19912be9ba16a) Importer(2089858483,b0f066a214c2f5e87bad3c948f4d605d)
Start importing Assets/Prefabs/Customers/Mr. Smith/Animations/WalkingBackward.anim using Guid(01ba77363ad93ab439d19912be9ba16a) Importer(2089858483,b0f066a214c2f5e87bad3c948f4d605d) (ScriptedImporter) -> (artifact id: '53c06606fb6f407aa90f1a1bb0966877') in 0.0150149 seconds
Number of updated asset objects reloaded before import = 0Number of asset objects unloaded after import = 1

========================================================================
Received Import Request.
  Time since last request: 234.909516 seconds.
  path: Assets/Prefabs/Customers/Mr. Smith/Animations/Mr Smith.controller
  artifactKey: Guid(2c232b69a7c23004a90010789bf2dfff) Importer(815301076,1909f56bfc062723c751e8b465ee728b)
Start importing Assets/Prefabs/Customers/Mr. Smith/Animations/Mr Smith.controller using Guid(2c232b69a7c23004a90010789bf2dfff) Importer(815301076,1909f56bfc062723c751e8b465ee728b) (PreviewImporter) -> (artifact id: '9f20380c1a1e7f3a46621dc57c43bfa1') in 0.002072 seconds
Number of updated asset objects reloaded before import = 0Number of asset objects unloaded after import = 8

========================================================================
Received Prepare
Assembly reference Packages/com.unity.cinemachine/Editor/Samples/ExposeHDRPInternals/HDRP-Editor-ref.asmref has no target assembly definition
Assembly reference Packages/com.unity.cinemachine/Editor/Samples/ExposeHDRPInternals/HDRP-Editor-ref.asmref has no target assembly definition
Begin MonoManager ReloadAssembly
[Licensing::Client] Successfully resolved entitlement details
Symbol file LoadedFromMemory is not a mono symbol file
Symbol file LoadedFromMemory is not a mono symbol file
- Loaded All Assemblies, in  3.236 seconds
Assembly reference Packages/com.unity.cinemachine/Editor/Samples/ExposeHDRPInternals/HDRP-Editor-ref.asmref has no target assembly definition
'Packages/com.unity.cinemachine/Editor/Obsolete/CinemachineVirtualCameraBaseEditor.cs' contains partial class of Unity.Object, exactly 1 of the partial classes needs to be in a file with the same filename. This is to know the one that can be referenced from ie. GameObjects
'Packages/com.unity.cinemachine/Editor/Editors/CinemachineVirtualCameraBaseEditor.cs' contains partial class of Unity.Object, exactly 1 of the partial classes needs to be in a file with the same filename. This is to know the one that can be referenced from ie. GameObjects
Refreshing native plugins compatible for Editor in 6.93 ms, found 5 plugins.
Native extension for LinuxStandalone target not found
Native extension for AppleTV target not found
Native extension for iOS target not found
Native extension for Android target not found
Native extension for UWP target not found
Native extension for WindowsStandalone target not found
Failed to load: C:/Program Files/Unity/Hub/Editor/6000.3.6f1/Editor/Data/PlaybackEngines/VisionOSPlayer\x64\UnityEditor.VisionOS.Native.dll
Native extension for VisionOS target not found
Native extension for WebGL target not found
Assembly reference Packages/com.unity.cinemachine/Editor/Samples/ExposeHDRPInternals/HDRP-Editor-ref.asmref has no target assembly definition
Refreshing native plugins compatible for Editor in 7.98 ms, found 5 plugins.
[Package Manager] Failed to launch server process. Reason: Unity was launched with the -noUpm command-line argument
[Package Manager] Unable to send message (not connected to server process).
[Package Manager] Cannot connect to Unity Package Manager local server
[Package Manager] Failed to launch server process. Reason: Unity was launched with the -noUpm command-line argument
[Package Manager] Unable to send message (not connected to server process).
[Package Manager] Cannot connect to Unity Package Manager local server
[Licensing::Client] Error: Code 404 while processing request (status: Found 0 entitlement groups and 0 free entitlements matching requested entitlement ids)
[Licensing::Client] Error: Code 404 while processing request (status: Found 0 entitlement groups and 0 free entitlements matching requested entitlement ids)
[Licensing::Client] Error: Code 404 while processing request (status: Found 0 entitlement groups and 0 free entitlements matching requested entitlement ids)
ScheduleIndexationOnStartup MainProcess:False IndexOnStartup:True
Mono: successfully reloaded assembly
- Finished resetting the current domain, in  6.589 seconds
Domain Reload Profiling: 10448ms
	BeginReloadAssembly (731ms)
		ExecutionOrderSort (0ms)
		DisableScriptedObjects (95ms)
		BackupInstance (0ms)
		ReleaseScriptingObjects (1ms)
		CreateAndSetChildDomain (198ms)
	RebuildCommonClasses (101ms)
	RebuildNativeTypeToScriptingClass (40ms)
	initialDomainReloadingComplete (155ms)
	LoadAllAssembliesAndSetupDomain (2831ms)
		LoadAssemblies (1392ms)
		RebuildTransferFunctionScriptingTraits (0ms)
		AnalyzeDomain (1102ms)
			TypeCache.Refresh (49ms)
				TypeCache.ScanAssembly (6ms)
			BuildScriptInfoCaches (1011ms)
			ResolveRequiredComponents (32ms)
	FinalizeReload (6590ms)
		ReleaseScriptCaches (0ms)
		RebuildScriptCaches (0ms)
		SetupLoadedEditorAssemblies (6057ms)
			LogAssemblyErrors (0ms)
			InitializePlatformSupportModulesInManaged (277ms)
			SetLoadedEditorAssemblies (21ms)
			BeforeProcessingInitializeOnLoad (681ms)
			ProcessInitializeOnLoadAttributes (2750ms)
			ProcessInitializeOnLoadMethodAttributes (2291ms)
			AfterProcessingInitializeOnLoad (36ms)
			EditorAssembliesLoaded (1ms)
		ExecutionOrderSort2 (0ms)
		AwakeInstancesAfterBackupRestoration (56ms)
Refreshing native plugins compatible for Editor in 7.38 ms, found 5 plugins.
Preloading 1 native plugins for Editor in 0.17 ms.
Unloading 60 Unused Serialized files (Serialized files now loaded: 0)
Unloading 11011 unused Assets / (20.1 MB). Loaded Objects now: 12263.
Memory consumption went from 246.3 MB to 226.2 MB.
Total: 63.226300 ms (FindLiveObjects: 3.257300 ms CreateObjectMapping: 3.570300 ms MarkObjects: 44.307900 ms  DeleteObjects: 12.088300 ms)

Prepare: number of updated asset objects reloaded= 0
========================================================================
Received Prepare
Assembly reference Packages/com.unity.cinemachine/Editor/Samples/ExposeHDRPInternals/HDRP-Editor-ref.asmref has no target assembly definition
Assembly reference Packages/com.unity.cinemachine/Editor/Samples/ExposeHDRPInternals/HDRP-Editor-ref.asmref has no target assembly definition
Begin MonoManager ReloadAssembly
Symbol file LoadedFromMemory is not a mono symbol file
Symbol file LoadedFromMemory is not a mono symbol file
- Loaded All Assemblies, in  2.986 seconds
Assembly reference Packages/com.unity.cinemachine/Editor/Samples/ExposeHDRPInternals/HDRP-Editor-ref.asmref has no target assembly definition
'Packages/com.unity.cinemachine/Editor/Obsolete/CinemachineVirtualCameraBaseEditor.cs' contains partial class of Unity.Object, exactly 1 of the partial classes needs to be in a file with the same filename. This is to know the one that can be referenced from ie. GameObjects
'Packages/com.unity.cinemachine/Editor/Editors/CinemachineVirtualCameraBaseEditor.cs' contains partial class of Unity.Object, exactly 1 of the partial classes needs to be in a file with the same filename. This is to know the one that can be referenced from ie. GameObjects
Refreshing native plugins compatible for Editor in 8.84 ms, found 5 plugins.
Native extension for LinuxStandalone target not found
Native extension for AppleTV target not found
Native extension for iOS target not found
Native extension for Android target not found
Native extension for UWP target not found
Native extension for WindowsStandalone target not found
Failed to load: C:/Program Files/Unity/Hub/Editor/6000.3.6f1/Editor/Data/PlaybackEngines/VisionOSPlayer\x64\UnityEditor.VisionOS.Native.dll
Native extension for VisionOS target not found
Native extension for WebGL target not found
Assembly reference Packages/com.unity.cinemachine/Editor/Samples/ExposeHDRPInternals/HDRP-Editor-ref.asmref has no target assembly definition
Refreshing native plugins compatible for Editor in 8.11 ms, found 5 plugins.
[Package Manager] Failed to launch server process. Reason: Unity was launched with the -noUpm command-line argument
[Package Manager] Unable to send message (not connected to server process).
[Package Manager] Cannot connect to Unity Package Manager local server
[Package Manager] Failed to launch server process. Reason: Unity was launched with the -noUpm command-line argument
[Package Manager] Unable to send message (not connected to server process).
[Package Manager] Cannot connect to Unity Package Manager local server
[Licensing::Client] Error: Code 404 while processing request (status: Found 0 entitlement groups and 0 free entitlements matching requested entitlement ids)
[Licensing::Client] Error: Code 404 while processing request (status: Found 0 entitlement groups and 0 free entitlements matching requested entitlement ids)
[Licensing::Client] Error: Code 404 while processing request (status: Found 0 entitlement groups and 0 free entitlements matching requested entitlement ids)
ScheduleIndexationOnStartup MainProcess:False IndexOnStartup:True
Mono: successfully reloaded assembly
- Finished resetting the current domain, in  6.840 seconds
Domain Reload Profiling: 9824ms
	BeginReloadAssembly (742ms)
		ExecutionOrderSort (0ms)
		DisableScriptedObjects (58ms)
		BackupInstance (0ms)
		ReleaseScriptingObjects (1ms)
		CreateAndSetChildDomain (229ms)
	RebuildCommonClasses (92ms)
	RebuildNativeTypeToScriptingClass (30ms)
	initialDomainReloadingComplete (151ms)
	LoadAllAssembliesAndSetupDomain (1967ms)
		LoadAssemblies (1297ms)
		RebuildTransferFunctionScriptingTraits (0ms)
		AnalyzeDomain (960ms)
			TypeCache.Refresh (25ms)
				TypeCache.ScanAssembly (0ms)
			BuildScriptInfoCaches (891ms)
			ResolveRequiredComponents (33ms)
	FinalizeReload (6841ms)
		ReleaseScriptCaches (0ms)
		RebuildScriptCaches (0ms)
		SetupLoadedEditorAssemblies (6367ms)
			LogAssemblyErrors (0ms)
			InitializePlatformSupportModulesInManaged (887ms)
			SetLoadedEditorAssemblies (22ms)
			BeforeProcessingInitializeOnLoad (1244ms)
			ProcessInitializeOnLoadAttributes (2739ms)
			ProcessInitializeOnLoadMethodAttributes (1439ms)
			AfterProcessingInitializeOnLoad (35ms)
			EditorAssembliesLoaded (2ms)
		ExecutionOrderSort2 (0ms)
		AwakeInstancesAfterBackupRestoration (43ms)
Refreshing native plugins compatible for Editor in 7.16 ms, found 5 plugins.
Preloading 1 native plugins for Editor in 0.16 ms.
Unloading 60 Unused Serialized files (Serialized files now loaded: 0)
Unloading 11011 unused Assets / (20.1 MB). Loaded Objects now: 12266.
Memory consumption went from 246.2 MB to 226.0 MB.
Total: 60.716400 ms (FindLiveObjects: 2.079800 ms CreateObjectMapping: 3.645600 ms MarkObjects: 42.107700 ms  DeleteObjects: 12.880900 ms)

Prepare: number of updated asset objects reloaded= 0
========================================================================
Received Import Request.
  Time since last request: 1118.654467 seconds.
  path: Assets/sprites/DefineSprite_38/50.png
  artifactKey: Guid(7466e806f70de124a9f789d010e6dfd7) Importer(815301076,1909f56bfc062723c751e8b465ee728b)
Start importing Assets/sprites/DefineSprite_38/50.png using Guid(7466e806f70de124a9f789d010e6dfd7) Importer(815301076,1909f56bfc062723c751e8b465ee728b) (PreviewImporter) -> (artifact id: '3dd1e2223a17b08c234308119d0e4f0c') in 1.1990296 seconds
Number of updated asset objects reloaded before import = 0Number of asset objects unloaded after import = 3

========================================================================
Received Import Request.
  Time since last request: 0.000048 seconds.
  path: Assets/sprites/DefineSprite_38/54.png
  artifactKey: Guid(5bf5f9508289e1b459030a526a619cc2) Importer(815301076,1909f56bfc062723c751e8b465ee728b)
Start importing Assets/sprites/DefineSprite_38/54.png using Guid(5bf5f9508289e1b459030a526a619cc2) Importer(815301076,1909f56bfc062723c751e8b465ee728b) (PreviewImporter) -> (artifact id: 'f3e1b0b6fbcad6da93d97ff6fdf3225e') in 0.0409455 seconds
Number of updated asset objects reloaded before import = 0Number of asset objects unloaded after import = 3

========================================================================
Received Import Request.
  Time since last request: 0.000060 seconds.
  path: Assets/sprites/DefineSprite_38/53.png
  artifactKey: Guid(379d8edd0b24c5742963878e26b0fda5) Importer(815301076,1909f56bfc062723c751e8b465ee728b)
Start importing Assets/sprites/DefineSprite_38/53.png using Guid(379d8edd0b24c5742963878e26b0fda5) Importer(815301076,1909f56bfc062723c751e8b465ee728b) (PreviewImporter) -> (artifact id: '3d2437dd903d62f0e8e9568bd74ce571') in 0.0348716 seconds
Number of updated asset objects reloaded before import = 0Number of asset objects unloaded after import = 3

========================================================================
Received Import Request.
  Time since last request: 49.082921 seconds.
  path: Assets/sprites/DefineSprite_366/50.png
  artifactKey: Guid(7dc3ce8aa8a6e8943b09a40fda0debae) Importer(815301076,1909f56bfc062723c751e8b465ee728b)
Start importing Assets/sprites/DefineSprite_366/50.png using Guid(7dc3ce8aa8a6e8943b09a40fda0debae) Importer(815301076,1909f56bfc062723c751e8b465ee728b) (PreviewImporter) -> (artifact id: 'fb0786d9540c06f01717042653f1d630') in 0.0358821 seconds
Number of updated asset objects reloaded before import = 0Number of asset objects unloaded after import = 3

========================================================================
Received Import Request.
  Time since last request: 0.000037 seconds.
  path: Assets/sprites/DefineSprite_366/53.png
  artifactKey: Guid(f918a8267ee8d5443a032d1ca7407088) Importer(815301076,1909f56bfc062723c751e8b465ee728b)
Start importing Assets/sprites/DefineSprite_366/53.png using Guid(f918a8267ee8d5443a032d1ca7407088) Importer(815301076,1909f56bfc062723c751e8b465ee728b) (PreviewImporter) -> (artifact id: 'be550cfd11762fe08474c28ca7e59a08') in 0.0347698 seconds
Number of updated asset objects reloaded before import = 0Number of asset objects unloaded after import = 3

========================================================================
Received Import Request.
  Time since last request: 0.000058 seconds.
  path: Assets/sprites/DefineSprite_366/54.png
  artifactKey: Guid(0963ca91101c00c42a89c333b1478bf5) Importer(815301076,1909f56bfc062723c751e8b465ee728b)
Start importing Assets/sprites/DefineSprite_366/54.png using Guid(0963ca91101c00c42a89c333b1478bf5) Importer(815301076,1909f56bfc062723c751e8b465ee728b) (PreviewImporter) -> (artifact id: '4b3bc691041b663ef74539f74a0a4933') in 1.0766166 seconds
Number of updated asset objects reloaded before import = 0Number of asset objects unloaded after import = 3

========================================================================
Received Import Request.
  Time since last request: 2.072959 seconds.
  path: Assets/sprites/DefineSprite_401/50.png
  artifactKey: Guid(4747369048beea54e890ecd38426521e) Importer(815301076,1909f56bfc062723c751e8b465ee728b)
Start importing Assets/sprites/DefineSprite_401/50.png using Guid(4747369048beea54e890ecd38426521e) Importer(815301076,1909f56bfc062723c751e8b465ee728b) (PreviewImporter) -> (artifact id: '903e963fcc73b98b73e6d3fca2c15567') in 0.032069 seconds
Number of updated asset objects reloaded before import = 0Number of asset objects unloaded after import = 3

========================================================================
Received Import Request.
  Time since last request: 0.000031 seconds.
  path: Assets/sprites/DefineSprite_401/53.png
  artifactKey: Guid(1e5265db12b26dc48b359e4c0c6f84d2) Importer(815301076,1909f56bfc062723c751e8b465ee728b)
Start importing Assets/sprites/DefineSprite_401/53.png using Guid(1e5265db12b26dc48b359e4c0c6f84d2) Importer(815301076,1909f56bfc062723c751e8b465ee728b) (PreviewImporter) -> (artifact id: '6bd66a4ecb05e7ffa5c89b51c4023539') in 0.0336418 seconds
Number of updated asset objects reloaded before import = 0Number of asset objects unloaded after import = 3

========================================================================
Received Import Request.
  Time since last request: 31.695058 seconds.
  path: Assets/sprites/DefineSprite_422/50.png
  artifactKey: Guid(81e045029ee7e8a41a5ee7b9dc6d8d84) Importer(815301076,1909f56bfc062723c751e8b465ee728b)
Start importing Assets/sprites/DefineSprite_422/50.png using Guid(81e045029ee7e8a41a5ee7b9dc6d8d84) Importer(815301076,1909f56bfc062723c751e8b465ee728b) (PreviewImporter) -> (artifact id: '80091b8e73031eedf98d7e47b9b4197a') in 0.0338069 seconds
Number of updated asset objects reloaded before import = 0Number of asset objects unloaded after import = 3

========================================================================
Received Import Request.
  Time since last request: 0.000032 seconds.
  path: Assets/sprites/DefineSprite_422/54.png
  artifactKey: Guid(c0e910a200ede5f42932343311b8922a) Importer(815301076,1909f56bfc062723c751e8b465ee728b)
Start importing Assets/sprites/DefineSprite_422/54.png using Guid(c0e910a200ede5f42932343311b8922a) Importer(815301076,1909f56bfc062723c751e8b465ee728b) (PreviewImporter) -> (artifact id: '2b39ac8ebd02fbbb4b0518305d2ed447') in 0.0290062 seconds
Number of updated asset objects reloaded before import = 0Number of asset objects unloaded after import = 3

========================================================================
Received Import Request.
  Time since last request: 11.502496 seconds.
  path: Assets/sprites/DefineSprite_450/50.png
  artifactKey: Guid(57b29d684dd80634abed509146b659cb) Importer(815301076,1909f56bfc062723c751e8b465ee728b)
Start importing Assets/sprites/DefineSprite_450/50.png using Guid(57b29d684dd80634abed509146b659cb) Importer(815301076,1909f56bfc062723c751e8b465ee728b) (PreviewImporter) -> (artifact id: 'beafdf9d9630b22b07c3c3e2f7dc3239') in 0.0330692 seconds
Number of updated asset objects reloaded before import = 0Number of asset objects unloaded after import = 3

========================================================================
Received Import Request.
  Time since last request: 0.000043 seconds.
  path: Assets/sprites/DefineSprite_450/53.png
  artifactKey: Guid(5a956ec89e314914f81e9da0f1ff65de) Importer(815301076,1909f56bfc062723c751e8b465ee728b)
Start importing Assets/sprites/DefineSprite_450/53.png using Guid(5a956ec89e314914f81e9da0f1ff65de) Importer(815301076,1909f56bfc062723c751e8b465ee728b) (PreviewImporter) -> (artifact id: '34b6175484203549ea4071f5bfefaf54') in 0.0342009 seconds
Number of updated asset objects reloaded before import = 0Number of asset objects unloaded after import = 3

========================================================================
Received Import Request.
  Time since last request: 6.429452 seconds.
  path: Assets/sprites/DefineSprite_478/50.png
  artifactKey: Guid(515ac19c58c3cd540b8c03ebdb62dc38) Importer(815301076,1909f56bfc062723c751e8b465ee728b)
Start importing Assets/sprites/DefineSprite_478/50.png using Guid(515ac19c58c3cd540b8c03ebdb62dc38) Importer(815301076,1909f56bfc062723c751e8b465ee728b) (PreviewImporter) -> (artifact id: 'b48af9a578cb128ed7fd419b6284f846') in 0.0363723 seconds
Number of updated asset objects reloaded before import = 0Number of asset objects unloaded after import = 3

========================================================================
Received Import Request.
  Time since last request: 0.000045 seconds.
  path: Assets/sprites/DefineSprite_478/53.png
  artifactKey: Guid(0c294f787d1be6548b23e545cf5f56f6) Importer(815301076,1909f56bfc062723c751e8b465ee728b)
Start importing Assets/sprites/DefineSprite_478/53.png using Guid(0c294f787d1be6548b23e545cf5f56f6) Importer(815301076,1909f56bfc062723c751e8b465ee728b) (PreviewImporter) -> (artifact id: '4b6d16df45611787b45bbd4128c403ce') in 0.0376558 seconds
Number of updated asset objects reloaded before import = 0Number of asset objects unloaded after import = 3

========================================================================
Received Import Request.
  Time since last request: 14.233051 seconds.
  path: Assets/sprites/DefineSprite_506/50.png
  artifactKey: Guid(2ae31e70d5a501b4eb1b3873a113a715) Importer(815301076,1909f56bfc062723c751e8b465ee728b)
Start importing Assets/sprites/DefineSprite_506/50.png using Guid(2ae31e70d5a501b4eb1b3873a113a715) Importer(815301076,1909f56bfc062723c751e8b465ee728b) (PreviewImporter) -> (artifact id: 'aaf2746ff4b79b83adc52c043e9604b0') in 0.0361702 seconds
Number of updated asset objects reloaded before import = 0Number of asset objects unloaded after import = 3

========================================================================
Received Import Request.
  Time since last request: 0.000038 seconds.
  path: Assets/sprites/DefineSprite_506/53.png
  artifactKey: Guid(a79f616c0d3c3864b8d135eb8245fc96) Importer(815301076,1909f56bfc062723c751e8b465ee728b)
Start importing Assets/sprites/DefineSprite_506/53.png using Guid(a79f616c0d3c3864b8d135eb8245fc96) Importer(815301076,1909f56bfc062723c751e8b465ee728b) (PreviewImporter) -> (artifact id: 'd6c614cfee515230a873dd326b468cf1') in 0.0297228 seconds
Number of updated asset objects reloaded before import = 0Number of asset objects unloaded after import = 3

Editor requested this worker to shutdown with reason: Scaling down because of idle timeout
AssetImportWorker is now disconnected from the server
Process exiting
Exiting without the bug reporter. Application will terminate with return code 0