[Licensing::Module] Trying to connect to existing licensing client channel...
Built from '6000.3/respin/6000.3.6f1-732c1ec89f18' branch; Version is '6000.3.6f1 (bbb010bdb8a3) revision 12300304'; Using compiler version '194234433'; Build Type 'Release'
OS: 'Windows 11  (10.0.26200) Professional' Language: 'en' Physical Memory: 64863 MB
BatchMode: 1, IsHumanControllingUs: 0, StartBugReporterOnCrash: 0, Is64bit: 1
System  architecture: x64
Process architecture: x64
Date: 2026-10-07T12:43:13Z
[Licensing::IpcConnector] Successfully connected to: "LicenseClient-humai" at "2026-10-07T12:43:13.7638371Z"

COMMAND LINE ARGUMENTS:
C:\Program Files\Unity\Hub\Editor\6000.3.6f1\Editor\Unity.exe
-adb2
-batchMode
-noUpm
-name
AssetImportWorker2
-projectPath
D:/Game Dev/Resort Empire
-logFile
Logs/AssetImportWorker2.log
-srvPort
50682
-licensingIpc
LicenseClient-humai
-job-worker-count
7
-background-job-worker-count
8
-gc-helper-count
1
-name
AssetImport
Successfully changed project path to: D:/Game Dev/Resort Empire
D:/Game Dev/Resort Empire
[UnityMemory] Configuration Parameters - Can be set up in boot.config
    "memorysetup-temp-allocator-size-nav-mesh-worker=65536"
    "memorysetup-temp-allocator-size-audio-worker=65536"
    "memorysetup-temp-allocator-size-gfx=262144"
    "memorysetup-allocator-temp-initial-block-size-main=262144"
    "memorysetup-allocator-temp-initial-block-size-worker=262144"
    "memorysetup-temp-allocator-size-background-worker=32768"
    "memorysetup-temp-allocator-size-job-worker=262144"
    "memorysetup-temp-allocator-size-preload-manager=33554432"
    "memorysetup-temp-allocator-size-gi-baking-worker=262144"
    "memorysetup-temp-allocator-size-gi-baking-worker=262144"
    "memorysetup-temp-allocator-size-gi-baking-worker=262144"
    "memorysetup-temp-allocator-size-gi-baking-worker=262144"
    "memorysetup-temp-allocator-size-gi-baking-worker=262144"
    "memorysetup-bucket-allocator-granularity=16"
    "memorysetup-bucket-allocator-bucket-count=8"
    "memorysetup-bucket-allocator-block-size=33554432"
    "memorysetup-bucket-allocator-block-count=8"
    "memorysetup-main-allocator-block-size=16777216"
    "memorysetup-thread-allocator-block-size=16777216"
    "memorysetup-gfx-main-allocator-block-size=16777216"
    "memorysetup-gfx-thread-allocator-block-size=16777216"
    "memorysetup-cache-allocator-block-size=4194304"
    "memorysetup-typetree-allocator-block-size=2097152"
    "memorysetup-profiler-bucket-allocator-granularity=16"
    "memorysetup-profiler-bucket-allocator-bucket-count=8"
    "memorysetup-profiler-bucket-allocator-block-size=33554432"
    "memorysetup-profiler-bucket-allocator-block-count=8"
    "memorysetup-profiler-allocator-block-size=16777216"
    "memorysetup-profiler-editor-allocator-block-size=1048576"
    "memorysetup-temp-allocator-size-main=16777216"
    "memorysetup-job-temp-allocator-block-size=2097152"
    "memorysetup-job-temp-allocator-block-size-background=1048576"
    "memorysetup-job-temp-allocator-reduction-small-platforms=262144"
    "memorysetup-temp-allocator-size-cloud-worker=32768"
Player connection [36368]  Target information:

Player connection [36368]  * "[IP] 192.168.83.1 [Port] 0 [Flags] 2 [Guid] 377459817 [EditorId] 377459817 [Version] 1048832 [Id] WindowsEditor(7,Humair_Ali) [Debug] 1 [PackageName] WindowsEditor [ProjectName] Editor" 

Player connection [36368]  * "[IP] 192.168.19.1 [Port] 0 [Flags] 2 [Guid] 377459817 [EditorId] 377459817 [Version] 1048832 [Id] WindowsEditor(7,Humair_Ali) [Debug] 1 [PackageName] WindowsEditor [ProjectName] Editor" 

Player connection [36368]  * "[IP] 192.168.1.139 [Port] 0 [Flags] 2 [Guid] 377459817 [EditorId] 377459817 [Version] 1048832 [Id] WindowsEditor(7,Humair_Ali) [Debug] 1 [PackageName] WindowsEditor [ProjectName] Editor" 

Player connection [36368] Host joined multi-casting on [225.0.0.222:54997]...
Player connection [36368] Host joined alternative multi-casting on [225.0.0.222:34997]...
JobSystem: Creating JobQueue using job-worker-count value 7
Input System module state changed to: Initialized.
[Physics::Module] Initialized fallback backend.
[Physics::Module] Id: 0xdecafbad
Library Redirect Path: Library/
[Physics::Module] Selected backend.
[Physics::Module] Name: PhysX
[Physics::Module] Id: 0xf2b8ea05
[Physics::Module] SDK Version: 4.1.2
[Physics::Module] Integration Version: 1.0.0
[Physics::Module] Threading Mode: Multi-Threaded
Refreshing native plugins compatible for Editor in 450.78 ms, found 5 plugins.
Preloading 1 native plugins for Editor in 4.31 ms.
Initialize engine version: 6000.3.6f1 (bbb010bdb8a3)
[Subsystems] Discovering subsystems at path C:/Program Files/Unity/Hub/Editor/6000.3.6f1/Editor/Data/Resources/UnitySubsystems
[Subsystems] Discovering subsystems at path D:/Game Dev/Resort Empire/Assets
GfxDevice: creating device client; kGfxThreadingModeNonThreaded
Direct3D:
    Version:  Direct3D 11.0 [level 11.1]
    Renderer: AMD Radeon (TM) Graphics (ID=0x15e7)
    Vendor:   ATI
    VRAM:     48479 MB
    Driver:   31.0.21914.18001
Initialize mono
Mono path[0] = 'C:/Program Files/Unity/Hub/Editor/6000.3.6f1/Editor/Data/Managed'
Mono path[1] = 'C:/Program Files/Unity/Hub/Editor/6000.3.6f1/Editor/Data/MonoBleedingEdge/lib/mono/unityjit-win32'
Mono config path = 'C:/Program Files/Unity/Hub/Editor/6000.3.6f1/Editor/Data/MonoBleedingEdge/etc'
Using monoOptions --debugger-agent=transport=dt_socket,embedding=1,server=y,suspend=n,address=127.0.0.1:56372
Begin MonoManager ReloadAssembly
[Licensing::Client] Handshaking with LicensingClient:
  Version:                 1.17.4+4293ba1
  Session Id:              ec2041bb60614f859041a9e422b6c6ef
  Correlation Id:          8be8d5780d5ca8ca6a35962fc934bb24
  External correlation Id: 610786022593503915
  Machine Id:              Du9is2DkLR7bDe9JONnBjenM6dY=
[Licensing::Module] Successfully connected to LicensingClient on channel: "LicenseClient-humai" (connect: 0.00s, validation: 0.00s, handshake: 5.69s)
[Licensing::IpcConnector] Successfully connected to: "LicenseClient-humai-notifications" at "2026-10-07T12:43:19.456741Z"
[Licensing::Module] Licensing Background thread has ended after 5.69s
Registering precompiled unity dll's ...
Register platform support module: C:/Program Files/Unity/Hub/Editor/6000.3.6f1/Editor/Data/PlaybackEngines/WebGLSupport/UnityEditor.WebGL.Extensions.dll
[Licensing::Client] Successfully resolved entitlement details
[Licensing::Module] License group:
  Id: 18968372494550-UnityPersXXXX
  Product: Unity Personal
  Type: Assigned
  Expiration: Unlimited
Register platform support module: C:/Program Files/Unity/Hub/Editor/6000.3.6f1/Editor/Data/PlaybackEngines/VisionOSPlayer/UnityEditor.VisionOS.Extensions.dll
Register platform support module: C:/Program Files/Unity/Hub/Editor/6000.3.6f1/Editor/Data/PlaybackEngines/WindowsStandaloneSupport/UnityEditor.WindowsStandalone.Extensions.dll
[Licensing::Client] Successfully resolved entitlement details
Register platform support module: C:/Program Files/Unity/Hub/Editor/6000.3.6f1/Editor/Data/PlaybackEngines/MetroSupport/UnityEditor.UWP.Extensions.dll
[Licensing::Client] Successfully resolved entitlement details
Register platform support module: C:/Program Files/Unity/Hub/Editor/6000.3.6f1/Editor/Data/PlaybackEngines/AndroidPlayer/UnityEditor.Android.Extensions.dll
Register platform support module: C:/Program Files/Unity/Hub/Editor/6000.3.6f1/Editor/Data/PlaybackEngines/iOSSupport/UnityEditor.iOS.Extensions.dll
Register platform support module: C:/Program Files/Unity/Hub/Editor/6000.3.6f1/Editor/Data/PlaybackEngines/AppleTVSupport/UnityEditor.AppleTV.Extensions.dll
Register platform support module: C:/Program Files/Unity/Hub/Editor/6000.3.6f1/Editor/Data/PlaybackEngines/LinuxStandaloneSupport/UnityEditor.LinuxStandalone.Extensions.dll
Registered in 2.695996 seconds.
- Loaded All Assemblies, in 29.722 seconds
Native extension for LinuxStandalone target not found
[usbmuxd] Start listen thread
[usbmuxd] Listen thread started
Native extension for AppleTV target not found
[usbmuxd] Start listen thread
[usbmuxd] Listen thread started
Native extension for iOS target not found
Native extension for Android target not found
Android Extension - Scanning For ADB Devices 914 ms
Native extension for UWP target not found
Native extension for WindowsStandalone target not found
Failed to load: C:/Program Files/Unity/Hub/Editor/6000.3.6f1/Editor/Data/PlaybackEngines/VisionOSPlayer\x64\UnityEditor.VisionOS.Native.dll
Native extension for VisionOS target not found
Native extension for WebGL target not found
Package Manager log level set to [2]
[Package Manager] Failed to launch server process. Reason: Unity was launched with the -noUpm command-line argument
[Package Manager] Unable to send message (not connected to server process).
[Package Manager] Cannot connect to Unity Package Manager local server
ScheduleIndexationOnStartup MainProcess:False IndexOnStartup:True
Mono: successfully reloaded assembly
- Finished resetting the current domain, in  4.606 seconds
Domain Reload Profiling: 34312ms
	BeginReloadAssembly (20244ms)
		ExecutionOrderSort (0ms)
		DisableScriptedObjects (0ms)
		BackupInstance (0ms)
		ReleaseScriptingObjects (0ms)
		CreateAndSetChildDomain (2ms)
	RebuildCommonClasses (1058ms)
	RebuildNativeTypeToScriptingClass (38ms)
	initialDomainReloadingComplete (2863ms)
	LoadAllAssembliesAndSetupDomain (5501ms)
		LoadAssemblies (20360ms)
		RebuildTransferFunctionScriptingTraits (0ms)
		AnalyzeDomain (5362ms)
			TypeCache.Refresh (5358ms)
				TypeCache.ScanAssembly (4662ms)
			BuildScriptInfoCaches (0ms)
			ResolveRequiredComponents (1ms)
	FinalizeReload (4607ms)
		ReleaseScriptCaches (0ms)
		RebuildScriptCaches (0ms)
		SetupLoadedEditorAssemblies (4437ms)
			LogAssemblyErrors (0ms)
			InitializePlatformSupportModulesInManaged (3463ms)
			SetLoadedEditorAssemblies (9ms)
			BeforeProcessingInitializeOnLoad (288ms)
			ProcessInitializeOnLoadAttributes (506ms)
			ProcessInitializeOnLoadMethodAttributes (172ms)
			AfterProcessingInitializeOnLoad (0ms)
			EditorAssembliesLoaded (0ms)
		ExecutionOrderSort2 (0ms)
		AwakeInstancesAfterBackupRestoration (0ms)
Assembly reference Packages/com.unity.cinemachine/Editor/Samples/ExposeHDRPInternals/HDRP-Editor-ref.asmref has no target assembly definition
========================================================================
Worker process is ready to serve import requests
Import Worker Mode flag is 0x00
Assembly reference Packages/com.unity.cinemachine/Editor/Samples/ExposeHDRPInternals/HDRP-Editor-ref.asmref has no target assembly definition
Assembly reference Packages/com.unity.cinemachine/Editor/Samples/ExposeHDRPInternals/HDRP-Editor-ref.asmref has no target assembly definition
Begin MonoManager ReloadAssembly
[Licensing::Client] Successfully resolved entitlement details
Symbol file LoadedFromMemory is not a mono symbol file
Symbol file LoadedFromMemory is not a mono symbol file
- Loaded All Assemblies, in 36.198 seconds
Assembly reference Packages/com.unity.cinemachine/Editor/Samples/ExposeHDRPInternals/HDRP-Editor-ref.asmref has no target assembly definition
'Packages/com.unity.cinemachine/Editor/Obsolete/CinemachineVirtualCameraBaseEditor.cs' contains partial class of Unity.Object, exactly 1 of the partial classes needs to be in a file with the same filename. This is to know the one that can be referenced from ie. GameObjects
'Packages/com.unity.cinemachine/Editor/Editors/CinemachineVirtualCameraBaseEditor.cs' contains partial class of Unity.Object, exactly 1 of the partial classes needs to be in a file with the same filename. This is to know the one that can be referenced from ie. GameObjects
Refreshing native plugins compatible for Editor in 8.06 ms, found 5 plugins.
Native extension for LinuxStandalone target not found
Native extension for AppleTV target not found
Native extension for iOS target not found
Native extension for Android target not found
Native extension for UWP target not found
Native extension for WindowsStandalone target not found
Failed to load: C:/Program Files/Unity/Hub/Editor/6000.3.6f1/Editor/Data/PlaybackEngines/VisionOSPlayer\x64\UnityEditor.VisionOS.Native.dll
Native extension for VisionOS target not found
Native extension for WebGL target not found
Assembly reference Packages/com.unity.cinemachine/Editor/Samples/ExposeHDRPInternals/HDRP-Editor-ref.asmref has no target assembly definition
Refreshing native plugins compatible for Editor in 9.11 ms, found 5 plugins.
[Package Manager] Failed to launch server process. Reason: Unity was launched with the -noUpm command-line argument
[Package Manager] Unable to send message (not connected to server process).
[Package Manager] Cannot connect to Unity Package Manager local server
[Package Manager] Failed to launch server process. Reason: Unity was launched with the -noUpm command-line argument
[Package Manager] Unable to send message (not connected to server process).
[Package Manager] Cannot connect to Unity Package Manager local server
[Licensing::Client] Error: Code 404 while processing request (status: Found 0 entitlement groups and 0 free entitlements matching requested entitlement ids)
[Licensing::Client] Error: Code 404 while processing request (status: Found 0 entitlement groups and 0 free entitlements matching requested entitlement ids)
[Licensing::Client] Error: Code 404 while processing request (status: Found 0 entitlement groups and 0 free entitlements matching requested entitlement ids)
ScheduleIndexationOnStartup MainProcess:False IndexOnStartup:True
Mono: successfully reloaded assembly
- Finished resetting the current domain, in  7.378 seconds
Domain Reload Profiling: 43554ms
	BeginReloadAssembly (590ms)
		ExecutionOrderSort (0ms)
		DisableScriptedObjects (17ms)
		BackupInstance (0ms)
		ReleaseScriptingObjects (0ms)
		CreateAndSetChildDomain (85ms)
	RebuildCommonClasses (111ms)
	RebuildNativeTypeToScriptingClass (33ms)
	initialDomainReloadingComplete (229ms)
	LoadAllAssembliesAndSetupDomain (35212ms)
		LoadAssemblies (33384ms)
		RebuildTransferFunctionScriptingTraits (0ms)
		AnalyzeDomain (2166ms)
			TypeCache.Refresh (1827ms)
				TypeCache.ScanAssembly (1767ms)
			BuildScriptInfoCaches (288ms)
			ResolveRequiredComponents (40ms)
	FinalizeReload (7379ms)
		ReleaseScriptCaches (0ms)
		RebuildScriptCaches (0ms)
		SetupLoadedEditorAssemblies (6390ms)
			LogAssemblyErrors (0ms)
			InitializePlatformSupportModulesInManaged (262ms)
			SetLoadedEditorAssemblies (20ms)
			BeforeProcessingInitializeOnLoad (737ms)
			ProcessInitializeOnLoadAttributes (3659ms)
			ProcessInitializeOnLoadMethodAttributes (1675ms)
			AfterProcessingInitializeOnLoad (37ms)
			EditorAssembliesLoaded (1ms)
		ExecutionOrderSort2 (0ms)
		AwakeInstancesAfterBackupRestoration (17ms)
Launched and connected shader compiler UnityShaderCompiler.exe after 0.03 seconds
Refreshing native plugins compatible for Editor in 8.39 ms, found 5 plugins.
Preloading 1 native plugins for Editor in 0.11 ms.
Unloading 60 Unused Serialized files (Serialized files now loaded: 0)
Unloading 10940 unused Assets / (19.9 MB). Loaded Objects now: 11814.
Memory consumption went from 238.0 MB to 218.1 MB.
Total: 61.044500 ms (FindLiveObjects: 3.433100 ms CreateObjectMapping: 2.171300 ms MarkObjects: 43.737100 ms  DeleteObjects: 11.700800 ms)

========================================================================
Received Prepare
'Packages/com.unity.cinemachine/Editor/Obsolete/CinemachineVirtualCameraBaseEditor.cs' contains partial class of Unity.Object, exactly 1 of the partial classes needs to be in a file with the same filename. This is to know the one that can be referenced from ie. GameObjects
'Packages/com.unity.cinemachine/Editor/Editors/CinemachineVirtualCameraBaseEditor.cs' contains partial class of Unity.Object, exactly 1 of the partial classes needs to be in a file with the same filename. This is to know the one that can be referenced from ie. GameObjects
Refreshing native plugins compatible for Editor in 7.19 ms, found 5 plugins.
Preloading 1 native plugins for Editor in 0.14 ms.
Unloading 60 Unused Serialized files (Serialized files now loaded: 0)
Unloading 10920 unused Assets / (23.8 MB). Loaded Objects now: 11815.
Memory consumption went from 231.4 MB to 207.5 MB.
Total: 65.938100 ms (FindLiveObjects: 2.990500 ms CreateObjectMapping: 2.438900 ms MarkObjects: 45.521600 ms  DeleteObjects: 14.984500 ms)

Prepare: number of updated asset objects reloaded= 0
========================================================================
Received Import Request.
  Time since last request: 2196.491079 seconds.
  path: Assets/Scripts/CarMovement.cs
  artifactKey: Guid(e0479ce91e909994ea8f0fe85ee4291c) Importer(2089858483,b0f066a214c2f5e87bad3c948f4d605d)
Start importing Assets/Scripts/CarMovement.cs using Guid(e0479ce91e909994ea8f0fe85ee4291c) Importer(2089858483,b0f066a214c2f5e87bad3c948f4d605d) (ScriptedImporter) -> (artifact id: '7c653e72a6620a12fbb01a5f77a28ee0') in 0.2302462 seconds
Number of updated asset objects reloaded before import = 0Number of asset objects unloaded after import = 0

========================================================================
Received Prepare
Assembly reference Packages/com.unity.cinemachine/Editor/Samples/ExposeHDRPInternals/HDRP-Editor-ref.asmref has no target assembly definition
Assembly reference Packages/com.unity.cinemachine/Editor/Samples/ExposeHDRPInternals/HDRP-Editor-ref.asmref has no target assembly definition
Begin MonoManager ReloadAssembly
[Licensing::Client] Successfully resolved entitlement details
Symbol file LoadedFromMemory is not a mono symbol file
Symbol file LoadedFromMemory is not a mono symbol file
- Loaded All Assemblies, in  5.264 seconds
Assembly reference Packages/com.unity.cinemachine/Editor/Samples/ExposeHDRPInternals/HDRP-Editor-ref.asmref has no target assembly definition
'Packages/com.unity.cinemachine/Editor/Obsolete/CinemachineVirtualCameraBaseEditor.cs' contains partial class of Unity.Object, exactly 1 of the partial classes needs to be in a file with the same filename. This is to know the one that can be referenced from ie. GameObjects
'Packages/com.unity.cinemachine/Editor/Editors/CinemachineVirtualCameraBaseEditor.cs' contains partial class of Unity.Object, exactly 1 of the partial classes needs to be in a file with the same filename. This is to know the one that can be referenced from ie. GameObjects
Refreshing native plugins compatible for Editor in 7.22 ms, found 5 plugins.
Native extension for LinuxStandalone target not found
Native extension for AppleTV target not found
Native extension for iOS target not found
Native extension for Android target not found
Native extension for UWP target not found
Native extension for WindowsStandalone target not found
Failed to load: C:/Program Files/Unity/Hub/Editor/6000.3.6f1/Editor/Data/PlaybackEngines/VisionOSPlayer\x64\UnityEditor.VisionOS.Native.dll
Native extension for VisionOS target not found
Native extension for WebGL target not found
Assembly reference Packages/com.unity.cinemachine/Editor/Samples/ExposeHDRPInternals/HDRP-Editor-ref.asmref has no target assembly definition
Refreshing native plugins compatible for Editor in 7.89 ms, found 5 plugins.
[Package Manager] Failed to launch server process. Reason: Unity was launched with the -noUpm command-line argument
[Package Manager] Unable to send message (not connected to server process).
[Package Manager] Cannot connect to Unity Package Manager local server
[Package Manager] Failed to launch server process. Reason: Unity was launched with the -noUpm command-line argument
[Package Manager] Unable to send message (not connected to server process).
[Package Manager] Cannot connect to Unity Package Manager local server
[Licensing::Client] Error: Code 404 while processing request (status: Found 0 entitlement groups and 0 free entitlements matching requested entitlement ids)
[Licensing::Client] Error: Code 404 while processing request (status: Found 0 entitlement groups and 0 free entitlements matching requested entitlement ids)
[Licensing::Client] Error: Code 404 while processing request (status: Found 0 entitlement groups and 0 free entitlements matching requested entitlement ids)
ScheduleIndexationOnStartup MainProcess:False IndexOnStartup:True
Mono: successfully reloaded assembly
- Finished resetting the current domain, in  7.245 seconds
Domain Reload Profiling: 12484ms
	BeginReloadAssembly (1228ms)
		ExecutionOrderSort (0ms)
		DisableScriptedObjects (55ms)
		BackupInstance (0ms)
		ReleaseScriptingObjects (1ms)
		CreateAndSetChildDomain (267ms)
	RebuildCommonClasses (161ms)
	RebuildNativeTypeToScriptingClass (138ms)
	initialDomainReloadingComplete (326ms)
	LoadAllAssembliesAndSetupDomain (3386ms)
		LoadAssemblies (2533ms)
		RebuildTransferFunctionScriptingTraits (0ms)
		AnalyzeDomain (1560ms)
			TypeCache.Refresh (46ms)
				TypeCache.ScanAssembly (7ms)
			BuildScriptInfoCaches (1450ms)
			ResolveRequiredComponents (47ms)
	FinalizeReload (7246ms)
		ReleaseScriptCaches (0ms)
		RebuildScriptCaches (0ms)
		SetupLoadedEditorAssemblies (6531ms)
			LogAssemblyErrors (0ms)
			InitializePlatformSupportModulesInManaged (85ms)
			SetLoadedEditorAssemblies (15ms)
			BeforeProcessingInitializeOnLoad (1084ms)
			ProcessInitializeOnLoadAttributes (4073ms)
			ProcessInitializeOnLoadMethodAttributes (1236ms)
			AfterProcessingInitializeOnLoad (36ms)
			EditorAssembliesLoaded (1ms)
		ExecutionOrderSort2 (0ms)
		AwakeInstancesAfterBackupRestoration (52ms)
Refreshing native plugins compatible for Editor in 6.69 ms, found 5 plugins.
Preloading 1 native plugins for Editor in 0.17 ms.
Unloading 60 Unused Serialized files (Serialized files now loaded: 0)
Unloading 10939 unused Assets / (21.9 MB). Loaded Objects now: 11821.
Memory consumption went from 237.0 MB to 215.1 MB.
Total: 79.529700 ms (FindLiveObjects: 2.353000 ms CreateObjectMapping: 3.061500 ms MarkObjects: 58.411500 ms  DeleteObjects: 15.700500 ms)

Prepare: number of updated asset objects reloaded= 0
========================================================================
Received Prepare
Assembly reference Packages/com.unity.cinemachine/Editor/Samples/ExposeHDRPInternals/HDRP-Editor-ref.asmref has no target assembly definition
Assembly reference Packages/com.unity.cinemachine/Editor/Samples/ExposeHDRPInternals/HDRP-Editor-ref.asmref has no target assembly definition
Begin MonoManager ReloadAssembly
Symbol file LoadedFromMemory is not a mono symbol file
Symbol file LoadedFromMemory is not a mono symbol file
- Loaded All Assemblies, in  3.446 seconds
Assembly reference Packages/com.unity.cinemachine/Editor/Samples/ExposeHDRPInternals/HDRP-Editor-ref.asmref has no target assembly definition
'Packages/com.unity.cinemachine/Editor/Obsolete/CinemachineVirtualCameraBaseEditor.cs' contains partial class of Unity.Object, exactly 1 of the partial classes needs to be in a file with the same filename. This is to know the one that can be referenced from ie. GameObjects
'Packages/com.unity.cinemachine/Editor/Editors/CinemachineVirtualCameraBaseEditor.cs' contains partial class of Unity.Object, exactly 1 of the partial classes needs to be in a file with the same filename. This is to know the one that can be referenced from ie. GameObjects
Refreshing native plugins compatible for Editor in 12.21 ms, found 5 plugins.
Native extension for LinuxStandalone target not found
Native extension for AppleTV target not found
Native extension for iOS target not found
Native extension for Android target not found
Native extension for UWP target not found
Native extension for WindowsStandalone target not found
Failed to load: C:/Program Files/Unity/Hub/Editor/6000.3.6f1/Editor/Data/PlaybackEngines/VisionOSPlayer\x64\UnityEditor.VisionOS.Native.dll
Native extension for VisionOS target not found
Native extension for WebGL target not found
Assembly reference Packages/com.unity.cinemachine/Editor/Samples/ExposeHDRPInternals/HDRP-Editor-ref.asmref has no target assembly definition
Refreshing native plugins compatible for Editor in 6.29 ms, found 5 plugins.
[Package Manager] Failed to launch server process. Reason: Unity was launched with the -noUpm command-line argument
[Package Manager] Unable to send message (not connected to server process).
[Package Manager] Cannot connect to Unity Package Manager local server
[Package Manager] Failed to launch server process. Reason: Unity was launched with the -noUpm command-line argument
[Package Manager] Unable to send message (not connected to server process).
[Package Manager] Cannot connect to Unity Package Manager local server
[Licensing::Client] Error: Code 404 while processing request (status: Found 0 entitlement groups and 0 free entitlements matching requested entitlement ids)
[Licensing::Client] Error: Code 404 while processing request (status: Found 0 entitlement groups and 0 free entitlements matching requested entitlement ids)
[Licensing::Client] Error: Code 404 while processing request (status: Found 0 entitlement groups and 0 free entitlements matching requested entitlement ids)
ScheduleIndexationOnStartup MainProcess:False IndexOnStartup:True
Mono: successfully reloaded assembly
- Finished resetting the current domain, in  7.057 seconds
Domain Reload Profiling: 10492ms
	BeginReloadAssembly (824ms)
		ExecutionOrderSort (0ms)
		DisableScriptedObjects (50ms)
		BackupInstance (0ms)
		ReleaseScriptingObjects (0ms)
		CreateAndSetChildDomain (237ms)
	RebuildCommonClasses (117ms)
	RebuildNativeTypeToScriptingClass (33ms)
	initialDomainReloadingComplete (171ms)
	LoadAllAssembliesAndSetupDomain (2289ms)
		LoadAssemblies (1393ms)
		RebuildTransferFunctionScriptingTraits (0ms)
		AnalyzeDomain (1196ms)
			TypeCache.Refresh (29ms)
				TypeCache.ScanAssembly (2ms)
			BuildScriptInfoCaches (1123ms)
			ResolveRequiredComponents (29ms)
	FinalizeReload (7058ms)
		ReleaseScriptCaches (0ms)
		RebuildScriptCaches (0ms)
		SetupLoadedEditorAssemblies (6406ms)
			LogAssemblyErrors (0ms)
			InitializePlatformSupportModulesInManaged (89ms)
			SetLoadedEditorAssemblies (16ms)
			BeforeProcessingInitializeOnLoad (853ms)
			ProcessInitializeOnLoadAttributes (3128ms)
			ProcessInitializeOnLoadMethodAttributes (2270ms)
			AfterProcessingInitializeOnLoad (48ms)
			EditorAssembliesLoaded (1ms)
		ExecutionOrderSort2 (0ms)
		AwakeInstancesAfterBackupRestoration (52ms)
Refreshing native plugins compatible for Editor in 7.32 ms, found 5 plugins.
Preloading 1 native plugins for Editor in 0.19 ms.
Unloading 60 Unused Serialized files (Serialized files now loaded: 0)
Unloading 10939 unused Assets / (21.5 MB). Loaded Objects now: 11824.
Memory consumption went from 237.0 MB to 215.5 MB.
Total: 80.599900 ms (FindLiveObjects: 2.401600 ms CreateObjectMapping: 5.090500 ms MarkObjects: 56.377900 ms  DeleteObjects: 16.727100 ms)

Prepare: number of updated asset objects reloaded= 0
========================================================================
Received Prepare
Assembly reference Packages/com.unity.cinemachine/Editor/Samples/ExposeHDRPInternals/HDRP-Editor-ref.asmref has no target assembly definition
Assembly reference Packages/com.unity.cinemachine/Editor/Samples/ExposeHDRPInternals/HDRP-Editor-ref.asmref has no target assembly definition
Begin MonoManager ReloadAssembly
[Licensing::Client] Successfully resolved entitlement details
Symbol file LoadedFromMemory is not a mono symbol file
Symbol file LoadedFromMemory is not a mono symbol file
- Loaded All Assemblies, in  2.967 seconds
Assembly reference Packages/com.unity.cinemachine/Editor/Samples/ExposeHDRPInternals/HDRP-Editor-ref.asmref has no target assembly definition
'Packages/com.unity.cinemachine/Editor/Obsolete/CinemachineVirtualCameraBaseEditor.cs' contains partial class of Unity.Object, exactly 1 of the partial classes needs to be in a file with the same filename. This is to know the one that can be referenced from ie. GameObjects
'Packages/com.unity.cinemachine/Editor/Editors/CinemachineVirtualCameraBaseEditor.cs' contains partial class of Unity.Object, exactly 1 of the partial classes needs to be in a file with the same filename. This is to know the one that can be referenced from ie. GameObjects
Refreshing native plugins compatible for Editor in 6.38 ms, found 5 plugins.
Native extension for LinuxStandalone target not found
Native extension for AppleTV target not found
Native extension for iOS target not found
Native extension for Android target not found
Native extension for UWP target not found
Native extension for WindowsStandalone target not found
Failed to load: C:/Program Files/Unity/Hub/Editor/6000.3.6f1/Editor/Data/PlaybackEngines/VisionOSPlayer\x64\UnityEditor.VisionOS.Native.dll
Native extension for VisionOS target not found
Native extension for WebGL target not found
Assembly reference Packages/com.unity.cinemachine/Editor/Samples/ExposeHDRPInternals/HDRP-Editor-ref.asmref has no target assembly definition
Refreshing native plugins compatible for Editor in 7.35 ms, found 5 plugins.
[Package Manager] Failed to launch server process. Reason: Unity was launched with the -noUpm command-line argument
[Package Manager] Unable to send message (not connected to server process).
[Package Manager] Cannot connect to Unity Package Manager local server
[Package Manager] Failed to launch server process. Reason: Unity was launched with the -noUpm command-line argument
[Package Manager] Unable to send message (not connected to server process).
[Package Manager] Cannot connect to Unity Package Manager local server
[Licensing::Client] Error: Code 404 while processing request (status: Found 0 entitlement groups and 0 free entitlements matching requested entitlement ids)
[Licensing::Client] Error: Code 404 while processing request (status: Found 0 entitlement groups and 0 free entitlements matching requested entitlement ids)
[Licensing::Client] Error: Code 404 while processing request (status: Found 0 entitlement groups and 0 free entitlements matching requested entitlement ids)
ScheduleIndexationOnStartup MainProcess:False IndexOnStartup:True
Mono: successfully reloaded assembly
- Finished resetting the current domain, in  6.707 seconds
Domain Reload Profiling: 10166ms
	BeginReloadAssembly (667ms)
		ExecutionOrderSort (0ms)
		DisableScriptedObjects (47ms)
		BackupInstance (0ms)
		ReleaseScriptingObjects (0ms)
		CreateAndSetChildDomain (192ms)
	RebuildCommonClasses (98ms)
	RebuildNativeTypeToScriptingClass (34ms)
	initialDomainReloadingComplete (187ms)
	LoadAllAssembliesAndSetupDomain (2472ms)
		LoadAssemblies (1311ms)
		RebuildTransferFunctionScriptingTraits (0ms)
		AnalyzeDomain (947ms)
			TypeCache.Refresh (18ms)
				TypeCache.ScanAssembly (0ms)
			BuildScriptInfoCaches (884ms)
			ResolveRequiredComponents (33ms)
	FinalizeReload (6708ms)
		ReleaseScriptCaches (0ms)
		RebuildScriptCaches (0ms)
		SetupLoadedEditorAssemblies (5515ms)
			LogAssemblyErrors (0ms)
			InitializePlatformSupportModulesInManaged (80ms)
			SetLoadedEditorAssemblies (17ms)
			BeforeProcessingInitializeOnLoad (607ms)
			ProcessInitializeOnLoadAttributes (2434ms)
			ProcessInitializeOnLoadMethodAttributes (2338ms)
			AfterProcessingInitializeOnLoad (37ms)
			EditorAssembliesLoaded (2ms)
		ExecutionOrderSort2 (0ms)
		AwakeInstancesAfterBackupRestoration (47ms)
Refreshing native plugins compatible for Editor in 7.72 ms, found 5 plugins.
Preloading 1 native plugins for Editor in 0.17 ms.
Unloading 60 Unused Serialized files (Serialized files now loaded: 0)
Unloading 10939 unused Assets / (20.6 MB). Loaded Objects now: 11827.
Memory consumption went from 237.0 MB to 216.5 MB.
Total: 65.748000 ms (FindLiveObjects: 3.354400 ms CreateObjectMapping: 4.494400 ms MarkObjects: 40.462300 ms  DeleteObjects: 17.433900 ms)

Prepare: number of updated asset objects reloaded= 0
========================================================================
Received Prepare
Assembly reference Packages/com.unity.cinemachine/Editor/Samples/ExposeHDRPInternals/HDRP-Editor-ref.asmref has no target assembly definition
Assembly reference Packages/com.unity.cinemachine/Editor/Samples/ExposeHDRPInternals/HDRP-Editor-ref.asmref has no target assembly definition
Begin MonoManager ReloadAssembly
[Licensing::Client] Successfully resolved entitlement details
Symbol file LoadedFromMemory is not a mono symbol file
Symbol file LoadedFromMemory is not a mono symbol file
- Loaded All Assemblies, in  3.419 seconds
Assembly reference Packages/com.unity.cinemachine/Editor/Samples/ExposeHDRPInternals/HDRP-Editor-ref.asmref has no target assembly definition
'Packages/com.unity.cinemachine/Editor/Obsolete/CinemachineVirtualCameraBaseEditor.cs' contains partial class of Unity.Object, exactly 1 of the partial classes needs to be in a file with the same filename. This is to know the one that can be referenced from ie. GameObjects
'Packages/com.unity.cinemachine/Editor/Editors/CinemachineVirtualCameraBaseEditor.cs' contains partial class of Unity.Object, exactly 1 of the partial classes needs to be in a file with the same filename. This is to know the one that can be referenced from ie. GameObjects
Refreshing native plugins compatible for Editor in 7.72 ms, found 5 plugins.
Native extension for LinuxStandalone target not found
Native extension for AppleTV target not found
Native extension for iOS target not found
Native extension for Android target not found
Native extension for UWP target not found
Native extension for WindowsStandalone target not found
Failed to load: C:/Program Files/Unity/Hub/Editor/6000.3.6f1/Editor/Data/PlaybackEngines/VisionOSPlayer\x64\UnityEditor.VisionOS.Native.dll
Native extension for VisionOS target not found
Native extension for WebGL target not found
Assembly reference Packages/com.unity.cinemachine/Editor/Samples/ExposeHDRPInternals/HDRP-Editor-ref.asmref has no target assembly definition
Refreshing native plugins compatible for Editor in 8.58 ms, found 5 plugins.
[Package Manager] Failed to launch server process. Reason: Unity was launched with the -noUpm command-line argument
[Package Manager] Unable to send message (not connected to server process).
[Package Manager] Cannot connect to Unity Package Manager local server
[Package Manager] Failed to launch server process. Reason: Unity was launched with the -noUpm command-line argument
[Package Manager] Unable to send message (not connected to server process).
[Package Manager] Cannot connect to Unity Package Manager local server
[Licensing::Client] Error: Code 404 while processing request (status: Found 0 entitlement groups and 0 free entitlements matching requested entitlement ids)
[Licensing::Client] Error: Code 404 while processing request (status: Found 0 entitlement groups and 0 free entitlements matching requested entitlement ids)
[Licensing::Client] Error: Code 404 while processing request (status: Found 0 entitlement groups and 0 free entitlements matching requested entitlement ids)
ScheduleIndexationOnStartup MainProcess:False IndexOnStartup:True
Mono: successfully reloaded assembly
- Finished resetting the current domain, in  5.472 seconds
Domain Reload Profiling: 8893ms
	BeginReloadAssembly (1211ms)
		ExecutionOrderSort (0ms)
		DisableScriptedObjects (39ms)
		BackupInstance (0ms)
		ReleaseScriptingObjects (0ms)
		CreateAndSetChildDomain (222ms)
	RebuildCommonClasses (86ms)
	RebuildNativeTypeToScriptingClass (33ms)
	initialDomainReloadingComplete (168ms)
	LoadAllAssembliesAndSetupDomain (1923ms)
		LoadAssemblies (1803ms)
		RebuildTransferFunctionScriptingTraits (0ms)
		AnalyzeDomain (923ms)
			TypeCache.Refresh (18ms)
				TypeCache.ScanAssembly (0ms)
			BuildScriptInfoCaches (864ms)
			ResolveRequiredComponents (29ms)
	FinalizeReload (5473ms)
		ReleaseScriptCaches (0ms)
		RebuildScriptCaches (0ms)
		SetupLoadedEditorAssemblies (4837ms)
			LogAssemblyErrors (0ms)
			InitializePlatformSupportModulesInManaged (83ms)
			SetLoadedEditorAssemblies (17ms)
			BeforeProcessingInitializeOnLoad (728ms)
			ProcessInitializeOnLoadAttributes (2811ms)
			ProcessInitializeOnLoadMethodAttributes (1158ms)
			AfterProcessingInitializeOnLoad (39ms)
			EditorAssembliesLoaded (2ms)
		ExecutionOrderSort2 (0ms)
		AwakeInstancesAfterBackupRestoration (48ms)
Refreshing native plugins compatible for Editor in 5.83 ms, found 5 plugins.
Preloading 1 native plugins for Editor in 0.11 ms.
Unloading 60 Unused Serialized files (Serialized files now loaded: 0)
Unloading 10939 unused Assets / (20.6 MB). Loaded Objects now: 11830.
Memory consumption went from 237.1 MB to 216.4 MB.
Total: 61.255600 ms (FindLiveObjects: 1.973500 ms CreateObjectMapping: 2.355900 ms MarkObjects: 42.623400 ms  DeleteObjects: 14.299800 ms)

Prepare: number of updated asset objects reloaded= 0
========================================================================
Received Prepare
Assembly reference Packages/com.unity.cinemachine/Editor/Samples/ExposeHDRPInternals/HDRP-Editor-ref.asmref has no target assembly definition
Assembly reference Packages/com.unity.cinemachine/Editor/Samples/ExposeHDRPInternals/HDRP-Editor-ref.asmref has no target assembly definition
Begin MonoManager ReloadAssembly
[Licensing::Client] Successfully resolved entitlement details
Symbol file LoadedFromMemory is not a mono symbol file
Symbol file LoadedFromMemory is not a mono symbol file
- Loaded All Assemblies, in  3.021 seconds
Assembly reference Packages/com.unity.cinemachine/Editor/Samples/ExposeHDRPInternals/HDRP-Editor-ref.asmref has no target assembly definition
'Packages/com.unity.cinemachine/Editor/Obsolete/CinemachineVirtualCameraBaseEditor.cs' contains partial class of Unity.Object, exactly 1 of the partial classes needs to be in a file with the same filename. This is to know the one that can be referenced from ie. GameObjects
'Packages/com.unity.cinemachine/Editor/Editors/CinemachineVirtualCameraBaseEditor.cs' contains partial class of Unity.Object, exactly 1 of the partial classes needs to be in a file with the same filename. This is to know the one that can be referenced from ie. GameObjects
Refreshing native plugins compatible for Editor in 7.21 ms, found 5 plugins.
Native extension for LinuxStandalone target not found
Native extension for AppleTV target not found
Native extension for iOS target not found
Native extension for Android target not found
Native extension for UWP target not found
Native extension for WindowsStandalone target not found
Failed to load: C:/Program Files/Unity/Hub/Editor/6000.3.6f1/Editor/Data/PlaybackEngines/VisionOSPlayer\x64\UnityEditor.VisionOS.Native.dll
Native extension for VisionOS target not found
Native extension for WebGL target not found
Assembly reference Packages/com.unity.cinemachine/Editor/Samples/ExposeHDRPInternals/HDRP-Editor-ref.asmref has no target assembly definition
Refreshing native plugins compatible for Editor in 6.38 ms, found 5 plugins.
[Package Manager] Failed to launch server process. Reason: Unity was launched with the -noUpm command-line argument
[Package Manager] Unable to send message (not connected to server process).
[Package Manager] Cannot connect to Unity Package Manager local server
[Package Manager] Failed to launch server process. Reason: Unity was launched with the -noUpm command-line argument
[Package Manager] Unable to send message (not connected to server process).
[Package Manager] Cannot connect to Unity Package Manager local server
[Licensing::Client] Error: Code 404 while processing request (status: Found 0 entitlement groups and 0 free entitlements matching requested entitlement ids)
[Licensing::Client] Error: Code 404 while processing request (status: Found 0 entitlement groups and 0 free entitlements matching requested entitlement ids)
[Licensing::Client] Error: Code 404 while processing request (status: Found 0 entitlement groups and 0 free entitlements matching requested entitlement ids)
ScheduleIndexationOnStartup MainProcess:False IndexOnStartup:True
Mono: successfully reloaded assembly
- Finished resetting the current domain, in  6.334 seconds
Domain Reload Profiling: 10143ms
	BeginReloadAssembly (711ms)
		ExecutionOrderSort (0ms)
		DisableScriptedObjects (36ms)
		BackupInstance (0ms)
		ReleaseScriptingObjects (1ms)
		CreateAndSetChildDomain (214ms)
	RebuildCommonClasses (117ms)
	RebuildNativeTypeToScriptingClass (40ms)
	initialDomainReloadingComplete (178ms)
	LoadAllAssembliesAndSetupDomain (2762ms)
		LoadAssemblies (1304ms)
		RebuildTransferFunctionScriptingTraits (0ms)
		AnalyzeDomain (985ms)
			TypeCache.Refresh (31ms)
				TypeCache.ScanAssembly (2ms)
			BuildScriptInfoCaches (913ms)
			ResolveRequiredComponents (29ms)
	FinalizeReload (6335ms)
		ReleaseScriptCaches (0ms)
		RebuildScriptCaches (0ms)
		SetupLoadedEditorAssemblies (5056ms)
			LogAssemblyErrors (0ms)
			InitializePlatformSupportModulesInManaged (271ms)
			SetLoadedEditorAssemblies (18ms)
			BeforeProcessingInitializeOnLoad (629ms)
			ProcessInitializeOnLoadAttributes (2387ms)
			ProcessInitializeOnLoadMethodAttributes (1720ms)
			AfterProcessingInitializeOnLoad (29ms)
			EditorAssembliesLoaded (1ms)
		ExecutionOrderSort2 (0ms)
		AwakeInstancesAfterBackupRestoration (34ms)
Refreshing native plugins compatible for Editor in 9.22 ms, found 5 plugins.
Preloading 1 native plugins for Editor in 0.18 ms.
Unloading 60 Unused Serialized files (Serialized files now loaded: 0)
Unloading 10939 unused Assets / (20.5 MB). Loaded Objects now: 11833.
Memory consumption went from 237.1 MB to 216.6 MB.
Total: 54.843300 ms (FindLiveObjects: 2.149300 ms CreateObjectMapping: 4.447000 ms MarkObjects: 36.704900 ms  DeleteObjects: 11.538900 ms)

Prepare: number of updated asset objects reloaded= 0
========================================================================
Received Prepare
Assembly reference Packages/com.unity.cinemachine/Editor/Samples/ExposeHDRPInternals/HDRP-Editor-ref.asmref has no target assembly definition
Assembly reference Packages/com.unity.cinemachine/Editor/Samples/ExposeHDRPInternals/HDRP-Editor-ref.asmref has no target assembly definition
Begin MonoManager ReloadAssembly
[Licensing::Client] Successfully resolved entitlement details
Symbol file LoadedFromMemory is not a mono symbol file
Symbol file LoadedFromMemory is not a mono symbol file
- Loaded All Assemblies, in  9.963 seconds
Assembly reference Packages/com.unity.cinemachine/Editor/Samples/ExposeHDRPInternals/HDRP-Editor-ref.asmref has no target assembly definition
'Packages/com.unity.cinemachine/Editor/Obsolete/CinemachineVirtualCameraBaseEditor.cs' contains partial class of Unity.Object, exactly 1 of the partial classes needs to be in a file with the same filename. This is to know the one that can be referenced from ie. GameObjects
'Packages/com.unity.cinemachine/Editor/Editors/CinemachineVirtualCameraBaseEditor.cs' contains partial class of Unity.Object, exactly 1 of the partial classes needs to be in a file with the same filename. This is to know the one that can be referenced from ie. GameObjects
Refreshing native plugins compatible for Editor in 6.30 ms, found 5 plugins.
Native extension for LinuxStandalone target not found
Native extension for AppleTV target not found
Native extension for iOS target not found
Native extension for Android target not found
Native extension for UWP target not found
Native extension for WindowsStandalone target not found
Failed to load: C:/Program Files/Unity/Hub/Editor/6000.3.6f1/Editor/Data/PlaybackEngines/VisionOSPlayer\x64\UnityEditor.VisionOS.Native.dll
Native extension for VisionOS target not found
Native extension for WebGL target not found
Assembly reference Packages/com.unity.cinemachine/Editor/Samples/ExposeHDRPInternals/HDRP-Editor-ref.asmref has no target assembly definition
Refreshing native plugins compatible for Editor in 5.27 ms, found 5 plugins.
[Package Manager] Failed to launch server process. Reason: Unity was launched with the -noUpm command-line argument
[Package Manager] Unable to send message (not connected to server process).
[Package Manager] Cannot connect to Unity Package Manager local server
[Package Manager] Failed to launch server process. Reason: Unity was launched with the -noUpm command-line argument
[Package Manager] Unable to send message (not connected to server process).
[Package Manager] Cannot connect to Unity Package Manager local server
[Licensing::Client] Error: Code 404 while processing request (status: Found 0 entitlement groups and 0 free entitlements matching requested entitlement ids)
[Licensing::Client] Error: Code 404 while processing request (status: Found 0 entitlement groups and 0 free entitlements matching requested entitlement ids)
[Licensing::Client] Error: Code 404 while processing request (status: Found 0 entitlement groups and 0 free entitlements matching requested entitlement ids)
ScheduleIndexationOnStartup MainProcess:False IndexOnStartup:True
Mono: successfully reloaded assembly
- Finished resetting the current domain, in  4.179 seconds
Domain Reload Profiling: 14148ms
	BeginReloadAssembly (501ms)
		ExecutionOrderSort (0ms)
		DisableScriptedObjects (21ms)
		BackupInstance (0ms)
		ReleaseScriptingObjects (0ms)
		CreateAndSetChildDomain (104ms)
	RebuildCommonClasses (43ms)
	RebuildNativeTypeToScriptingClass (17ms)
	initialDomainReloadingComplete (75ms)
	LoadAllAssembliesAndSetupDomain (9332ms)
		LoadAssemblies (8347ms)
		RebuildTransferFunctionScriptingTraits (0ms)
		AnalyzeDomain (1271ms)
			TypeCache.Refresh (18ms)
				TypeCache.ScanAssembly (0ms)
			BuildScriptInfoCaches (1214ms)
			ResolveRequiredComponents (27ms)
	FinalizeReload (4180ms)
		ReleaseScriptCaches (0ms)
		RebuildScriptCaches (0ms)
		SetupLoadedEditorAssemblies (3710ms)
			LogAssemblyErrors (0ms)
			InitializePlatformSupportModulesInManaged (83ms)
			SetLoadedEditorAssemblies (19ms)
			BeforeProcessingInitializeOnLoad (659ms)
			ProcessInitializeOnLoadAttributes (2129ms)
			ProcessInitializeOnLoadMethodAttributes (797ms)
			AfterProcessingInitializeOnLoad (22ms)
			EditorAssembliesLoaded (1ms)
		ExecutionOrderSort2 (0ms)
		AwakeInstancesAfterBackupRestoration (32ms)
Refreshing native plugins compatible for Editor in 3.43 ms, found 5 plugins.
Preloading 1 native plugins for Editor in 0.05 ms.
Unloading 60 Unused Serialized files (Serialized files now loaded: 0)
Unloading 10939 unused Assets / (21.1 MB). Loaded Objects now: 11836.
Memory consumption went from 237.2 MB to 216.1 MB.
Total: 39.905500 ms (FindLiveObjects: 1.567300 ms CreateObjectMapping: 2.586500 ms MarkObjects: 24.181200 ms  DeleteObjects: 11.568300 ms)

Prepare: number of updated asset objects reloaded= 0
========================================================================
Received Prepare
Assembly reference Packages/com.unity.cinemachine/Editor/Samples/ExposeHDRPInternals/HDRP-Editor-ref.asmref has no target assembly definition
Assembly reference Packages/com.unity.cinemachine/Editor/Samples/ExposeHDRPInternals/HDRP-Editor-ref.asmref has no target assembly definition
Begin MonoManager ReloadAssembly
Symbol file LoadedFromMemory is not a mono symbol file
Symbol file LoadedFromMemory is not a mono symbol file
- Loaded All Assemblies, in  1.876 seconds
Assembly reference Packages/com.unity.cinemachine/Editor/Samples/ExposeHDRPInternals/HDRP-Editor-ref.asmref has no target assembly definition
'Packages/com.unity.cinemachine/Editor/Obsolete/CinemachineVirtualCameraBaseEditor.cs' contains partial class of Unity.Object, exactly 1 of the partial classes needs to be in a file with the same filename. This is to know the one that can be referenced from ie. GameObjects
'Packages/com.unity.cinemachine/Editor/Editors/CinemachineVirtualCameraBaseEditor.cs' contains partial class of Unity.Object, exactly 1 of the partial classes needs to be in a file with the same filename. This is to know the one that can be referenced from ie. GameObjects
Refreshing native plugins compatible for Editor in 3.09 ms, found 5 plugins.
Native extension for LinuxStandalone target not found
Native extension for AppleTV target not found
Native extension for iOS target not found
Native extension for Android target not found
Native extension for UWP target not found
Native extension for WindowsStandalone target not found
Failed to load: C:/Program Files/Unity/Hub/Editor/6000.3.6f1/Editor/Data/PlaybackEngines/VisionOSPlayer\x64\UnityEditor.VisionOS.Native.dll
Native extension for VisionOS target not found
Native extension for WebGL target not found
Assembly reference Packages/com.unity.cinemachine/Editor/Samples/ExposeHDRPInternals/HDRP-Editor-ref.asmref has no target assembly definition
[Licensing::Client] Successfully resolved entitlement details
Refreshing native plugins compatible for Editor in 5.03 ms, found 5 plugins.
[Package Manager] Failed to launch server process. Reason: Unity was launched with the -noUpm command-line argument
[Package Manager] Unable to send message (not connected to server process).
[Package Manager] Cannot connect to Unity Package Manager local server
[Package Manager] Failed to launch server process. Reason: Unity was launched with the -noUpm command-line argument
[Package Manager] Unable to send message (not connected to server process).
[Package Manager] Cannot connect to Unity Package Manager local server
[Licensing::Client] Error: Code 404 while processing request (status: Found 0 entitlement groups and 0 free entitlements matching requested entitlement ids)
[Licensing::Client] Error: Code 404 while processing request (status: Found 0 entitlement groups and 0 free entitlements matching requested entitlement ids)
[Licensing::Client] Error: Code 404 while processing request (status: Found 0 entitlement groups and 0 free entitlements matching requested entitlement ids)
ScheduleIndexationOnStartup MainProcess:False IndexOnStartup:True
Mono: successfully reloaded assembly
- Finished resetting the current domain, in  3.941 seconds
Domain Reload Profiling: 5810ms
	BeginReloadAssembly (464ms)
		ExecutionOrderSort (0ms)
		DisableScriptedObjects (34ms)
		BackupInstance (0ms)
		ReleaseScriptingObjects (0ms)
		CreateAndSetChildDomain (148ms)
	RebuildCommonClasses (58ms)
	RebuildNativeTypeToScriptingClass (21ms)
	initialDomainReloadingComplete (117ms)
	LoadAllAssembliesAndSetupDomain (1208ms)
		LoadAssemblies (802ms)
		RebuildTransferFunctionScriptingTraits (0ms)
		AnalyzeDomain (580ms)
			TypeCache.Refresh (13ms)
				TypeCache.ScanAssembly (0ms)
			BuildScriptInfoCaches (539ms)
			ResolveRequiredComponents (19ms)
	FinalizeReload (3942ms)
		ReleaseScriptCaches (0ms)
		RebuildScriptCaches (0ms)
		SetupLoadedEditorAssemblies (3632ms)
			LogAssemblyErrors (0ms)
			InitializePlatformSupportModulesInManaged (60ms)
			SetLoadedEditorAssemblies (14ms)
			BeforeProcessingInitializeOnLoad (640ms)
			ProcessInitializeOnLoadAttributes (2158ms)
			ProcessInitializeOnLoadMethodAttributes (738ms)
			AfterProcessingInitializeOnLoad (20ms)
			EditorAssembliesLoaded (1ms)
		ExecutionOrderSort2 (0ms)
		AwakeInstancesAfterBackupRestoration (32ms)
Refreshing native plugins compatible for Editor in 3.49 ms, found 5 plugins.
Preloading 1 native plugins for Editor in 0.07 ms.
Unloading 60 Unused Serialized files (Serialized files now loaded: 0)
Unloading 10939 unused Assets / (21.7 MB). Loaded Objects now: 11839.
Memory consumption went from 237.2 MB to 215.6 MB.
Total: 44.858700 ms (FindLiveObjects: 2.156100 ms CreateObjectMapping: 3.030200 ms MarkObjects: 26.472900 ms  DeleteObjects: 13.196100 ms)

Prepare: number of updated asset objects reloaded= 0
========================================================================
Received Prepare
Assembly reference Packages/com.unity.cinemachine/Editor/Samples/ExposeHDRPInternals/HDRP-Editor-ref.asmref has no target assembly definition
Assembly reference Packages/com.unity.cinemachine/Editor/Samples/ExposeHDRPInternals/HDRP-Editor-ref.asmref has no target assembly definition
Begin MonoManager ReloadAssembly
Symbol file LoadedFromMemory is not a mono symbol file
Symbol file LoadedFromMemory is not a mono symbol file
- Loaded All Assemblies, in  1.602 seconds
Assembly reference Packages/com.unity.cinemachine/Editor/Samples/ExposeHDRPInternals/HDRP-Editor-ref.asmref has no target assembly definition
'Packages/com.unity.cinemachine/Editor/Obsolete/CinemachineVirtualCameraBaseEditor.cs' contains partial class of Unity.Object, exactly 1 of the partial classes needs to be in a file with the same filename. This is to know the one that can be referenced from ie. GameObjects
'Packages/com.unity.cinemachine/Editor/Editors/CinemachineVirtualCameraBaseEditor.cs' contains partial class of Unity.Object, exactly 1 of the partial classes needs to be in a file with the same filename. This is to know the one that can be referenced from ie. GameObjects
Refreshing native plugins compatible for Editor in 3.64 ms, found 5 plugins.
Native extension for LinuxStandalone target not found
Native extension for AppleTV target not found
Native extension for iOS target not found
Native extension for Android target not found
Native extension for UWP target not found
Native extension for WindowsStandalone target not found
Failed to load: C:/Program Files/Unity/Hub/Editor/6000.3.6f1/Editor/Data/PlaybackEngines/VisionOSPlayer\x64\UnityEditor.VisionOS.Native.dll
Native extension for VisionOS target not found
Native extension for WebGL target not found
Assembly reference Packages/com.unity.cinemachine/Editor/Samples/ExposeHDRPInternals/HDRP-Editor-ref.asmref has no target assembly definition
Refreshing native plugins compatible for Editor in 4.84 ms, found 5 plugins.
[Package Manager] Failed to launch server process. Reason: Unity was launched with the -noUpm command-line argument
[Package Manager] Unable to send message (not connected to server process).
[Package Manager] Cannot connect to Unity Package Manager local server
[Package Manager] Failed to launch server process. Reason: Unity was launched with the -noUpm command-line argument
[Package Manager] Unable to send message (not connected to server process).
[Package Manager] Cannot connect to Unity Package Manager local server
[Licensing::Client] Error: Code 404 while processing request (status: Found 0 entitlement groups and 0 free entitlements matching requested entitlement ids)
[Licensing::Client] Error: Code 404 while processing request (status: Found 0 entitlement groups and 0 free entitlements matching requested entitlement ids)
[Licensing::Client] Error: Code 404 while processing request (status: Found 0 entitlement groups and 0 free entitlements matching requested entitlement ids)
ScheduleIndexationOnStartup MainProcess:False IndexOnStartup:True
Mono: successfully reloaded assembly
- Finished resetting the current domain, in  2.979 seconds
Domain Reload Profiling: 4579ms
	BeginReloadAssembly (363ms)
		ExecutionOrderSort (0ms)
		DisableScriptedObjects (19ms)
		BackupInstance (0ms)
		ReleaseScriptingObjects (0ms)
		CreateAndSetChildDomain (125ms)
	RebuildCommonClasses (58ms)
	RebuildNativeTypeToScriptingClass (22ms)
	initialDomainReloadingComplete (89ms)
	LoadAllAssembliesAndSetupDomain (1067ms)
		LoadAssemblies (689ms)
		RebuildTransferFunctionScriptingTraits (0ms)
		AnalyzeDomain (521ms)
			TypeCache.Refresh (12ms)
				TypeCache.ScanAssembly (0ms)
			BuildScriptInfoCaches (485ms)
			ResolveRequiredComponents (16ms)
	FinalizeReload (2980ms)
		ReleaseScriptCaches (0ms)
		RebuildScriptCaches (0ms)
		SetupLoadedEditorAssemblies (2708ms)
			LogAssemblyErrors (0ms)
			InitializePlatformSupportModulesInManaged (42ms)
			SetLoadedEditorAssemblies (10ms)
			BeforeProcessingInitializeOnLoad (380ms)
			ProcessInitializeOnLoadAttributes (1565ms)
			ProcessInitializeOnLoadMethodAttributes (689ms)
			AfterProcessingInitializeOnLoad (21ms)
			EditorAssembliesLoaded (1ms)
		ExecutionOrderSort2 (0ms)
		AwakeInstancesAfterBackupRestoration (31ms)
Refreshing native plugins compatible for Editor in 5.60 ms, found 5 plugins.
Preloading 1 native plugins for Editor in 0.13 ms.
Unloading 60 Unused Serialized files (Serialized files now loaded: 0)
Unloading 10939 unused Assets / (21.0 MB). Loaded Objects now: 11842.
Memory consumption went from 237.3 MB to 216.3 MB.
Total: 55.616900 ms (FindLiveObjects: 1.817700 ms CreateObjectMapping: 4.566300 ms MarkObjects: 35.308800 ms  DeleteObjects: 13.921200 ms)

Prepare: number of updated asset objects reloaded= 0
========================================================================
Received Prepare
'Packages/com.unity.cinemachine/Editor/Obsolete/CinemachineVirtualCameraBaseEditor.cs' contains partial class of Unity.Object, exactly 1 of the partial classes needs to be in a file with the same filename. This is to know the one that can be referenced from ie. GameObjects
'Packages/com.unity.cinemachine/Editor/Editors/CinemachineVirtualCameraBaseEditor.cs' contains partial class of Unity.Object, exactly 1 of the partial classes needs to be in a file with the same filename. This is to know the one that can be referenced from ie. GameObjects
Refreshing native plugins compatible for Editor in 3.91 ms, found 5 plugins.
Preloading 1 native plugins for Editor in 0.06 ms.
Unloading 60 Unused Serialized files (Serialized files now loaded: 0)
Unloading 10920 unused Assets / (21.0 MB). Loaded Objects now: 11842.
Memory consumption went from 236.9 MB to 215.9 MB.
Total: 30.339700 ms (FindLiveObjects: 1.466700 ms CreateObjectMapping: 2.355100 ms MarkObjects: 19.386500 ms  DeleteObjects: 7.130000 ms)

Prepare: number of updated asset objects reloaded= 0
========================================================================
Received Prepare
Assembly reference Packages/com.unity.cinemachine/Editor/Samples/ExposeHDRPInternals/HDRP-Editor-ref.asmref has no target assembly definition
Assembly reference Packages/com.unity.cinemachine/Editor/Samples/ExposeHDRPInternals/HDRP-Editor-ref.asmref has no target assembly definition
Begin MonoManager ReloadAssembly
[Licensing::Client] Successfully resolved entitlement details
Symbol file LoadedFromMemory is not a mono symbol file
Symbol file LoadedFromMemory is not a mono symbol file
- Loaded All Assemblies, in  1.525 seconds
Assembly reference Packages/com.unity.cinemachine/Editor/Samples/ExposeHDRPInternals/HDRP-Editor-ref.asmref has no target assembly definition
'Packages/com.unity.cinemachine/Editor/Obsolete/CinemachineVirtualCameraBaseEditor.cs' contains partial class of Unity.Object, exactly 1 of the partial classes needs to be in a file with the same filename. This is to know the one that can be referenced from ie. GameObjects
'Packages/com.unity.cinemachine/Editor/Editors/CinemachineVirtualCameraBaseEditor.cs' contains partial class of Unity.Object, exactly 1 of the partial classes needs to be in a file with the same filename. This is to know the one that can be referenced from ie. GameObjects
Refreshing native plugins compatible for Editor in 2.67 ms, found 5 plugins.
Native extension for LinuxStandalone target not found
Native extension for AppleTV target not found
Native extension for iOS target not found
Native extension for Android target not found
Native extension for UWP target not found
Native extension for WindowsStandalone target not found
Failed to load: C:/Program Files/Unity/Hub/Editor/6000.3.6f1/Editor/Data/PlaybackEngines/VisionOSPlayer\x64\UnityEditor.VisionOS.Native.dll
Native extension for VisionOS target not found
Native extension for WebGL target not found
Assembly reference Packages/com.unity.cinemachine/Editor/Samples/ExposeHDRPInternals/HDRP-Editor-ref.asmref has no target assembly definition
Refreshing native plugins compatible for Editor in 2.88 ms, found 5 plugins.
[Package Manager] Failed to launch server process. Reason: Unity was launched with the -noUpm command-line argument
[Package Manager] Unable to send message (not connected to server process).
[Package Manager] Cannot connect to Unity Package Manager local server
[Package Manager] Failed to launch server process. Reason: Unity was launched with the -noUpm command-line argument
[Package Manager] Unable to send message (not connected to server process).
[Package Manager] Cannot connect to Unity Package Manager local server
[Licensing::Client] Error: Code 404 while processing request (status: Found 0 entitlement groups and 0 free entitlements matching requested entitlement ids)
[Licensing::Client] Error: Code 404 while processing request (status: Found 0 entitlement groups and 0 free entitlements matching requested entitlement ids)
[Licensing::Client] Error: Code 404 while processing request (status: Found 0 entitlement groups and 0 free entitlements matching requested entitlement ids)
ScheduleIndexationOnStartup MainProcess:False IndexOnStartup:True
Mono: successfully reloaded assembly
- Finished resetting the current domain, in  2.121 seconds
Domain Reload Profiling: 3647ms
	BeginReloadAssembly (349ms)
		ExecutionOrderSort (0ms)
		DisableScriptedObjects (18ms)
		BackupInstance (0ms)
		ReleaseScriptingObjects (0ms)
		CreateAndSetChildDomain (115ms)
	RebuildCommonClasses (53ms)
	RebuildNativeTypeToScriptingClass (21ms)
	initialDomainReloadingComplete (79ms)
	LoadAllAssembliesAndSetupDomain (1024ms)
		LoadAssemblies (698ms)
		RebuildTransferFunctionScriptingTraits (0ms)
		AnalyzeDomain (465ms)
			TypeCache.Refresh (18ms)
				TypeCache.ScanAssembly (1ms)
			BuildScriptInfoCaches (425ms)
			ResolveRequiredComponents (15ms)
	FinalizeReload (2122ms)
		ReleaseScriptCaches (0ms)
		RebuildScriptCaches (0ms)
		SetupLoadedEditorAssemblies (1889ms)
			LogAssemblyErrors (0ms)
			InitializePlatformSupportModulesInManaged (38ms)
			SetLoadedEditorAssemblies (9ms)
			BeforeProcessingInitializeOnLoad (292ms)
			ProcessInitializeOnLoadAttributes (1123ms)
			ProcessInitializeOnLoadMethodAttributes (413ms)
			AfterProcessingInitializeOnLoad (13ms)
			EditorAssembliesLoaded (1ms)
		ExecutionOrderSort2 (0ms)
		AwakeInstancesAfterBackupRestoration (17ms)
Refreshing native plugins compatible for Editor in 2.83 ms, found 5 plugins.
Preloading 1 native plugins for Editor in 0.08 ms.
Unloading 60 Unused Serialized files (Serialized files now loaded: 0)
Unloading 10939 unused Assets / (21.3 MB). Loaded Objects now: 11845.
Memory consumption went from 237.3 MB to 216.0 MB.
Total: 33.659400 ms (FindLiveObjects: 1.422400 ms CreateObjectMapping: 1.761700 ms MarkObjects: 21.376300 ms  DeleteObjects: 9.096900 ms)

Prepare: number of updated asset objects reloaded= 0
========================================================================
Received Prepare
'Packages/com.unity.cinemachine/Editor/Obsolete/CinemachineVirtualCameraBaseEditor.cs' contains partial class of Unity.Object, exactly 1 of the partial classes needs to be in a file with the same filename. This is to know the one that can be referenced from ie. GameObjects
'Packages/com.unity.cinemachine/Editor/Editors/CinemachineVirtualCameraBaseEditor.cs' contains partial class of Unity.Object, exactly 1 of the partial classes needs to be in a file with the same filename. This is to know the one that can be referenced from ie. GameObjects
Refreshing native plugins compatible for Editor in 3.20 ms, found 5 plugins.
Preloading 1 native plugins for Editor in 0.07 ms.
Unloading 60 Unused Serialized files (Serialized files now loaded: 0)
Unloading 10920 unused Assets / (21.2 MB). Loaded Objects now: 11845.
Memory consumption went from 236.9 MB to 215.7 MB.
Total: 38.475900 ms (FindLiveObjects: 2.316900 ms CreateObjectMapping: 2.311500 ms MarkObjects: 23.057600 ms  DeleteObjects: 10.788100 ms)

Prepare: number of updated asset objects reloaded= 0
========================================================================
Received Prepare
'Packages/com.unity.cinemachine/Editor/Obsolete/CinemachineVirtualCameraBaseEditor.cs' contains partial class of Unity.Object, exactly 1 of the partial classes needs to be in a file with the same filename. This is to know the one that can be referenced from ie. GameObjects
'Packages/com.unity.cinemachine/Editor/Editors/CinemachineVirtualCameraBaseEditor.cs' contains partial class of Unity.Object, exactly 1 of the partial classes needs to be in a file with the same filename. This is to know the one that can be referenced from ie. GameObjects
Refreshing native plugins compatible for Editor in 3.64 ms, found 5 plugins.
Preloading 1 native plugins for Editor in 0.09 ms.
Unloading 60 Unused Serialized files (Serialized files now loaded: 0)
Unloading 10920 unused Assets / (21.0 MB). Loaded Objects now: 11845.
Memory consumption went from 231.8 MB to 210.8 MB.
Total: 36.373600 ms (FindLiveObjects: 1.452800 ms CreateObjectMapping: 2.107800 ms MarkObjects: 24.105900 ms  DeleteObjects: 8.705500 ms)

Prepare: number of updated asset objects reloaded= 0
========================================================================
Received Prepare
'Packages/com.unity.cinemachine/Editor/Obsolete/CinemachineVirtualCameraBaseEditor.cs' contains partial class of Unity.Object, exactly 1 of the partial classes needs to be in a file with the same filename. This is to know the one that can be referenced from ie. GameObjects
'Packages/com.unity.cinemachine/Editor/Editors/CinemachineVirtualCameraBaseEditor.cs' contains partial class of Unity.Object, exactly 1 of the partial classes needs to be in a file with the same filename. This is to know the one that can be referenced from ie. GameObjects
Refreshing native plugins compatible for Editor in 3.66 ms, found 5 plugins.
Preloading 1 native plugins for Editor in 0.06 ms.
Unloading 60 Unused Serialized files (Serialized files now loaded: 0)
Unloading 10920 unused Assets / (21.3 MB). Loaded Objects now: 11845.
Memory consumption went from 231.8 MB to 210.5 MB.
Total: 32.839800 ms (FindLiveObjects: 1.498400 ms CreateObjectMapping: 1.852800 ms MarkObjects: 21.031500 ms  DeleteObjects: 8.455600 ms)

Prepare: number of updated asset objects reloaded= 0
========================================================================
Received Prepare
Assembly reference Packages/com.unity.cinemachine/Editor/Samples/ExposeHDRPInternals/HDRP-Editor-ref.asmref has no target assembly definition
Assembly reference Packages/com.unity.cinemachine/Editor/Samples/ExposeHDRPInternals/HDRP-Editor-ref.asmref has no target assembly definition
Begin MonoManager ReloadAssembly
[Licensing::Client] Successfully resolved entitlement details
Symbol file LoadedFromMemory is not a mono symbol file
Symbol file LoadedFromMemory is not a mono symbol file
- Loaded All Assemblies, in  1.596 seconds
Assembly reference Packages/com.unity.cinemachine/Editor/Samples/ExposeHDRPInternals/HDRP-Editor-ref.asmref has no target assembly definition
'Packages/com.unity.cinemachine/Editor/Obsolete/CinemachineVirtualCameraBaseEditor.cs' contains partial class of Unity.Object, exactly 1 of the partial classes needs to be in a file with the same filename. This is to know the one that can be referenced from ie. GameObjects
'Packages/com.unity.cinemachine/Editor/Editors/CinemachineVirtualCameraBaseEditor.cs' contains partial class of Unity.Object, exactly 1 of the partial classes needs to be in a file with the same filename. This is to know the one that can be referenced from ie. GameObjects
Refreshing native plugins compatible for Editor in 3.16 ms, found 5 plugins.
Native extension for LinuxStandalone target not found
Native extension for AppleTV target not found
Native extension for iOS target not found
Native extension for Android target not found
Native extension for UWP target not found
Native extension for WindowsStandalone target not found
Failed to load: C:/Program Files/Unity/Hub/Editor/6000.3.6f1/Editor/Data/PlaybackEngines/VisionOSPlayer\x64\UnityEditor.VisionOS.Native.dll
Native extension for VisionOS target not found
Native extension for WebGL target not found
Assembly reference Packages/com.unity.cinemachine/Editor/Samples/ExposeHDRPInternals/HDRP-Editor-ref.asmref has no target assembly definition
Refreshing native plugins compatible for Editor in 2.86 ms, found 5 plugins.
[Package Manager] Failed to launch server process. Reason: Unity was launched with the -noUpm command-line argument
[Package Manager] Unable to send message (not connected to server process).
[Package Manager] Cannot connect to Unity Package Manager local server
[Package Manager] Failed to launch server process. Reason: Unity was launched with the -noUpm command-line argument
[Package Manager] Unable to send message (not connected to server process).
[Package Manager] Cannot connect to Unity Package Manager local server
[Licensing::Client] Error: Code 404 while processing request (status: Found 0 entitlement groups and 0 free entitlements matching requested entitlement ids)
[Licensing::Client] Error: Code 404 while processing request (status: Found 0 entitlement groups and 0 free entitlements matching requested entitlement ids)
[Licensing::Client] Error: Code 404 while processing request (status: Found 0 entitlement groups and 0 free entitlements matching requested entitlement ids)
ScheduleIndexationOnStartup MainProcess:False IndexOnStartup:True
Mono: successfully reloaded assembly
- Finished resetting the current domain, in  2.250 seconds
Domain Reload Profiling: 3847ms
	BeginReloadAssembly (367ms)
		ExecutionOrderSort (0ms)
		DisableScriptedObjects (21ms)
		BackupInstance (0ms)
		ReleaseScriptingObjects (0ms)
		CreateAndSetChildDomain (132ms)
	RebuildCommonClasses (49ms)
	RebuildNativeTypeToScriptingClass (16ms)
	initialDomainReloadingComplete (81ms)
	LoadAllAssembliesAndSetupDomain (1084ms)
		LoadAssemblies (656ms)
		RebuildTransferFunctionScriptingTraits (0ms)
		AnalyzeDomain (561ms)
			TypeCache.Refresh (19ms)
				TypeCache.ScanAssembly (1ms)
			BuildScriptInfoCaches (514ms)
			ResolveRequiredComponents (19ms)
	FinalizeReload (2251ms)
		ReleaseScriptCaches (0ms)
		RebuildScriptCaches (0ms)
		SetupLoadedEditorAssemblies (1993ms)
			LogAssemblyErrors (0ms)
			InitializePlatformSupportModulesInManaged (40ms)
			SetLoadedEditorAssemblies (9ms)
			BeforeProcessingInitializeOnLoad (309ms)
			ProcessInitializeOnLoadAttributes (1159ms)
			ProcessInitializeOnLoadMethodAttributes (460ms)
			AfterProcessingInitializeOnLoad (14ms)
			EditorAssembliesLoaded (1ms)
		ExecutionOrderSort2 (0ms)
		AwakeInstancesAfterBackupRestoration (21ms)
Refreshing native plugins compatible for Editor in 2.61 ms, found 5 plugins.
Preloading 1 native plugins for Editor in 0.06 ms.
Unloading 60 Unused Serialized files (Serialized files now loaded: 0)
Unloading 10939 unused Assets / (21.1 MB). Loaded Objects now: 11848.
Memory consumption went from 237.4 MB to 216.3 MB.
Total: 32.362400 ms (FindLiveObjects: 1.506800 ms CreateObjectMapping: 1.739700 ms MarkObjects: 20.384100 ms  DeleteObjects: 8.728800 ms)

Prepare: number of updated asset objects reloaded= 0
========================================================================
Received Import Request.
  Time since last request: 2379.939746 seconds.
  path: Assets/Scripts/CarMovement.cs
  artifactKey: Guid(e0479ce91e909994ea8f0fe85ee4291c) Importer(2089858483,b0f066a214c2f5e87bad3c948f4d605d)
Start importing Assets/Scripts/CarMovement.cs using Guid(e0479ce91e909994ea8f0fe85ee4291c) Importer(2089858483,b0f066a214c2f5e87bad3c948f4d605d) (ScriptedImporter) -> (artifact id: 'c1ffa56df3a13da54d8eb27134deea22') in 0.10364 seconds
Number of updated asset objects reloaded before import = 0Number of asset objects unloaded after import = 0

========================================================================
Received Import Request.
  Time since last request: 0.000028 seconds.
  path: Assets/Scenes/Playable.unity
  artifactKey: Guid(0391cbbffe6aef649a1e3fe1e819782c) Importer(2089858483,b0f066a214c2f5e87bad3c948f4d605d)
Start importing Assets/Scenes/Playable.unity using Guid(0391cbbffe6aef649a1e3fe1e819782c) Importer(2089858483,b0f066a214c2f5e87bad3c948f4d605d) (ScriptedImporter) -> (artifact id: '18b522e4154b1a74242b9d1023cf7b66') in 0.0283828 seconds
Number of updated asset objects reloaded before import = 0Number of asset objects unloaded after import = 1

========================================================================
Received Import Request.
  Time since last request: 4.204896 seconds.
  path: Assets/Prefabs/Vehicles
  artifactKey: Guid(c384ffaf33d59064fa195c5cab1737e5) Importer(815301076,1909f56bfc062723c751e8b465ee728b)
Start importing Assets/Prefabs/Vehicles using Guid(c384ffaf33d59064fa195c5cab1737e5) Importer(815301076,1909f56bfc062723c751e8b465ee728b) (PreviewImporter) -> (artifact id: 'ecbf18a12acc82e37106dbaf8d8d587c') in 0.0008212 seconds
Number of updated asset objects reloaded before import = 0Number of asset objects unloaded after import = 0

========================================================================
Received Import Request.
  Time since last request: 0.810886 seconds.
  path: Assets/Prefabs/Vehicles
  artifactKey: Guid(c384ffaf33d59064fa195c5cab1737e5) Importer(2089858483,b0f066a214c2f5e87bad3c948f4d605d)
Start importing Assets/Prefabs/Vehicles using Guid(c384ffaf33d59064fa195c5cab1737e5) Importer(2089858483,b0f066a214c2f5e87bad3c948f4d605d) (ScriptedImporter) -> (artifact id: '04454fe36d84be65e3edde15fe840c29') in 0.0121148 seconds
Number of updated asset objects reloaded before import = 0Number of asset objects unloaded after import = 1

========================================================================
Received Import Request.
  Time since last request: 3.354849 seconds.
  path: Assets/Prefabs/Vehicles/BlueBus.prefab
  artifactKey: Guid(b7c9e48e07c46ef4682a12c3bceccaf6) Importer(815301076,1909f56bfc062723c751e8b465ee728b)
Start importing Assets/Prefabs/Vehicles/BlueBus.prefab using Guid(b7c9e48e07c46ef4682a12c3bceccaf6) Importer(815301076,1909f56bfc062723c751e8b465ee728b) (PreviewImporter) -> (artifact id: '94c7e386b5f386af61e61ce7e12c6063') in 0.5419463 seconds
Number of updated asset objects reloaded before import = 0Number of asset objects unloaded after import = 7

========================================================================
Received Import Request.
  Time since last request: 0.225206 seconds.
  path: Assets/Prefabs/Vehicles/BlueBus.prefab
  artifactKey: Guid(b7c9e48e07c46ef4682a12c3bceccaf6) Importer(2089858483,b0f066a214c2f5e87bad3c948f4d605d)
Start importing Assets/Prefabs/Vehicles/BlueBus.prefab using Guid(b7c9e48e07c46ef4682a12c3bceccaf6) Importer(2089858483,b0f066a214c2f5e87bad3c948f4d605d) (ScriptedImporter) -> (artifact id: '8429c0212e1054214357ce7afd9c4b5e') in 0.0485976 seconds
Number of updated asset objects reloaded before import = 0Number of asset objects unloaded after import = 7

========================================================================
Received Import Request.
  Time since last request: 2.278267 seconds.
  path: Assets/Prefabs/Vehicles/WhiteVan.prefab
  artifactKey: Guid(cbf5f011761d1db4e95bee92b710db5e) Importer(815301076,1909f56bfc062723c751e8b465ee728b)
Start importing Assets/Prefabs/Vehicles/WhiteVan.prefab using Guid(cbf5f011761d1db4e95bee92b710db5e) Importer(815301076,1909f56bfc062723c751e8b465ee728b) (PreviewImporter) -> (artifact id: '8f73630fa452f878e823e5b131646a98') in 0.0315386 seconds
Number of updated asset objects reloaded before import = 0Number of asset objects unloaded after import = 7

========================================================================
Received Import Request.
  Time since last request: 0.868482 seconds.
  path: Assets/Prefabs/Vehicles/WhiteVan.prefab
  artifactKey: Guid(cbf5f011761d1db4e95bee92b710db5e) Importer(2089858483,b0f066a214c2f5e87bad3c948f4d605d)
Start importing Assets/Prefabs/Vehicles/WhiteVan.prefab using Guid(cbf5f011761d1db4e95bee92b710db5e) Importer(2089858483,b0f066a214c2f5e87bad3c948f4d605d) (ScriptedImporter) -> (artifact id: '66faa42ef8192b136d72992b4f1d7613') in 0.0158077 seconds
Number of updated asset objects reloaded before import = 0Number of asset objects unloaded after import = 7

========================================================================
Received Import Request.
  Time since last request: 1.425667 seconds.
  path: Assets/Prefabs/Vehicles/OrangeBus.prefab
  artifactKey: Guid(c0a686c4b2047eb4dac472f5b3135f80) Importer(815301076,1909f56bfc062723c751e8b465ee728b)
Start importing Assets/Prefabs/Vehicles/OrangeBus.prefab using Guid(c0a686c4b2047eb4dac472f5b3135f80) Importer(815301076,1909f56bfc062723c751e8b465ee728b) (PreviewImporter) -> (artifact id: '3fce00ac0fd77bf97af18c0042b6a73c') in 0.0269339 seconds
Number of updated asset objects reloaded before import = 0Number of asset objects unloaded after import = 7

========================================================================
Received Import Request.
  Time since last request: 0.880082 seconds.
  path: Assets/Prefabs/Vehicles/OrangeBus.prefab
  artifactKey: Guid(c0a686c4b2047eb4dac472f5b3135f80) Importer(2089858483,b0f066a214c2f5e87bad3c948f4d605d)
Start importing Assets/Prefabs/Vehicles/OrangeBus.prefab using Guid(c0a686c4b2047eb4dac472f5b3135f80) Importer(2089858483,b0f066a214c2f5e87bad3c948f4d605d) (ScriptedImporter) -> (artifact id: 'ed7189a18ea4d81d387f892405562e3c') in 0.015846 seconds
Number of updated asset objects reloaded before import = 0Number of asset objects unloaded after import = 7

========================================================================
Received Prepare
Assembly reference Packages/com.unity.cinemachine/Editor/Samples/ExposeHDRPInternals/HDRP-Editor-ref.asmref has no target assembly definition
Assembly reference Packages/com.unity.cinemachine/Editor/Samples/ExposeHDRPInternals/HDRP-Editor-ref.asmref has no target assembly definition
Begin MonoManager ReloadAssembly
[Licensing::Client] Successfully resolved entitlement details
Symbol file LoadedFromMemory is not a mono symbol file
Symbol file LoadedFromMemory is not a mono symbol file
- Loaded All Assemblies, in  1.498 seconds
Assembly reference Packages/com.unity.cinemachine/Editor/Samples/ExposeHDRPInternals/HDRP-Editor-ref.asmref has no target assembly definition
'Packages/com.unity.cinemachine/Editor/Obsolete/CinemachineVirtualCameraBaseEditor.cs' contains partial class of Unity.Object, exactly 1 of the partial classes needs to be in a file with the same filename. This is to know the one that can be referenced from ie. GameObjects
'Packages/com.unity.cinemachine/Editor/Editors/CinemachineVirtualCameraBaseEditor.cs' contains partial class of Unity.Object, exactly 1 of the partial classes needs to be in a file with the same filename. This is to know the one that can be referenced from ie. GameObjects
Refreshing native plugins compatible for Editor in 2.63 ms, found 5 plugins.
Native extension for LinuxStandalone target not found
Native extension for AppleTV target not found
Native extension for iOS target not found
Native extension for Android target not found
Native extension for UWP target not found
Native extension for WindowsStandalone target not found
Failed to load: C:/Program Files/Unity/Hub/Editor/6000.3.6f1/Editor/Data/PlaybackEngines/VisionOSPlayer\x64\UnityEditor.VisionOS.Native.dll
Native extension for VisionOS target not found
Native extension for WebGL target not found
Assembly reference Packages/com.unity.cinemachine/Editor/Samples/ExposeHDRPInternals/HDRP-Editor-ref.asmref has no target assembly definition
Refreshing native plugins compatible for Editor in 3.77 ms, found 5 plugins.
[Package Manager] Failed to launch server process. Reason: Unity was launched with the -noUpm command-line argument
[Package Manager] Unable to send message (not connected to server process).
[Package Manager] Cannot connect to Unity Package Manager local server
[Package Manager] Failed to launch server process. Reason: Unity was launched with the -noUpm command-line argument
[Package Manager] Unable to send message (not connected to server process).
[Package Manager] Cannot connect to Unity Package Manager local server
[Licensing::Client] Error: Code 404 while processing request (status: Found 0 entitlement groups and 0 free entitlements matching requested entitlement ids)
[Licensing::Client] Error: Code 404 while processing request (status: Found 0 entitlement groups and 0 free entitlements matching requested entitlement ids)
[Licensing::Client] Error: Code 404 while processing request (status: Found 0 entitlement groups and 0 free entitlements matching requested entitlement ids)
ScheduleIndexationOnStartup MainProcess:False IndexOnStartup:True
Mono: successfully reloaded assembly
- Finished resetting the current domain, in  2.660 seconds
Domain Reload Profiling: 4158ms
	BeginReloadAssembly (395ms)
		ExecutionOrderSort (0ms)
		DisableScriptedObjects (42ms)
		BackupInstance (0ms)
		ReleaseScriptingObjects (0ms)
		CreateAndSetChildDomain (127ms)
	RebuildCommonClasses (62ms)
	RebuildNativeTypeToScriptingClass (17ms)
	initialDomainReloadingComplete (84ms)
	LoadAllAssembliesAndSetupDomain (939ms)
		LoadAssemblies (623ms)
		RebuildTransferFunctionScriptingTraits (0ms)
		AnalyzeDomain (464ms)
			TypeCache.Refresh (11ms)
				TypeCache.ScanAssembly (0ms)
			BuildScriptInfoCaches (431ms)
			ResolveRequiredComponents (15ms)
	FinalizeReload (2661ms)
		ReleaseScriptCaches (0ms)
		RebuildScriptCaches (0ms)
		SetupLoadedEditorAssemblies (2419ms)
			LogAssemblyErrors (0ms)
			InitializePlatformSupportModulesInManaged (40ms)
			SetLoadedEditorAssemblies (9ms)
			BeforeProcessingInitializeOnLoad (309ms)
			ProcessInitializeOnLoadAttributes (1429ms)
			ProcessInitializeOnLoadMethodAttributes (612ms)
			AfterProcessingInitializeOnLoad (19ms)
			EditorAssembliesLoaded (1ms)
		ExecutionOrderSort2 (0ms)
		AwakeInstancesAfterBackupRestoration (25ms)
Refreshing native plugins compatible for Editor in 4.03 ms, found 5 plugins.
Preloading 1 native plugins for Editor in 0.10 ms.
Unloading 60 Unused Serialized files (Serialized files now loaded: 0)
Unloading 10939 unused Assets / (21.7 MB). Loaded Objects now: 11880.
Memory consumption went from 239.1 MB to 217.5 MB.
Total: 52.893000 ms (FindLiveObjects: 2.123900 ms CreateObjectMapping: 2.665600 ms MarkObjects: 30.199000 ms  DeleteObjects: 17.901900 ms)

Prepare: number of updated asset objects reloaded= 0
========================================================================
Received Prepare
Assembly reference Packages/com.unity.cinemachine/Editor/Samples/ExposeHDRPInternals/HDRP-Editor-ref.asmref has no target assembly definition
Assembly reference Packages/com.unity.cinemachine/Editor/Samples/ExposeHDRPInternals/HDRP-Editor-ref.asmref has no target assembly definition
Begin MonoManager ReloadAssembly
Symbol file LoadedFromMemory is not a mono symbol file
Symbol file LoadedFromMemory is not a mono symbol file
- Loaded All Assemblies, in  1.638 seconds
Assembly reference Packages/com.unity.cinemachine/Editor/Samples/ExposeHDRPInternals/HDRP-Editor-ref.asmref has no target assembly definition
'Packages/com.unity.cinemachine/Editor/Obsolete/CinemachineVirtualCameraBaseEditor.cs' contains partial class of Unity.Object, exactly 1 of the partial classes needs to be in a file with the same filename. This is to know the one that can be referenced from ie. GameObjects
'Packages/com.unity.cinemachine/Editor/Editors/CinemachineVirtualCameraBaseEditor.cs' contains partial class of Unity.Object, exactly 1 of the partial classes needs to be in a file with the same filename. This is to know the one that can be referenced from ie. GameObjects
Refreshing native plugins compatible for Editor in 3.26 ms, found 5 plugins.
Native extension for LinuxStandalone target not found
Native extension for AppleTV target not found
Native extension for iOS target not found
Native extension for Android target not found
Native extension for UWP target not found
Native extension for WindowsStandalone target not found
Failed to load: C:/Program Files/Unity/Hub/Editor/6000.3.6f1/Editor/Data/PlaybackEngines/VisionOSPlayer\x64\UnityEditor.VisionOS.Native.dll
Native extension for VisionOS target not found
Native extension for WebGL target not found
Assembly reference Packages/com.unity.cinemachine/Editor/Samples/ExposeHDRPInternals/HDRP-Editor-ref.asmref has no target assembly definition
Refreshing native plugins compatible for Editor in 5.47 ms, found 5 plugins.
[Package Manager] Failed to launch server process. Reason: Unity was launched with the -noUpm command-line argument
[Package Manager] Unable to send message (not connected to server process).
[Package Manager] Cannot connect to Unity Package Manager local server
[Package Manager] Failed to launch server process. Reason: Unity was launched with the -noUpm command-line argument
[Package Manager] Unable to send message (not connected to server process).
[Package Manager] Cannot connect to Unity Package Manager local server
[Licensing::Client] Error: Code 404 while processing request (status: Found 0 entitlement groups and 0 free entitlements matching requested entitlement ids)
[Licensing::Client] Error: Code 404 while processing request (status: Found 0 entitlement groups and 0 free entitlements matching requested entitlement ids)
[Licensing::Client] Error: Code 404 while processing request (status: Found 0 entitlement groups and 0 free entitlements matching requested entitlement ids)
ScheduleIndexationOnStartup MainProcess:False IndexOnStartup:True
Mono: successfully reloaded assembly
- Finished resetting the current domain, in  2.919 seconds
Domain Reload Profiling: 4557ms
	BeginReloadAssembly (361ms)
		ExecutionOrderSort (0ms)
		DisableScriptedObjects (23ms)
		BackupInstance (0ms)
		ReleaseScriptingObjects (1ms)
		CreateAndSetChildDomain (122ms)
	RebuildCommonClasses (47ms)
	RebuildNativeTypeToScriptingClass (16ms)
	initialDomainReloadingComplete (80ms)
	LoadAllAssembliesAndSetupDomain (1133ms)
		LoadAssemblies (735ms)
		RebuildTransferFunctionScriptingTraits (0ms)
		AnalyzeDomain (535ms)
			TypeCache.Refresh (12ms)
				TypeCache.ScanAssembly (0ms)
			BuildScriptInfoCaches (499ms)
			ResolveRequiredComponents (17ms)
	FinalizeReload (2920ms)
		ReleaseScriptCaches (0ms)
		RebuildScriptCaches (0ms)
		SetupLoadedEditorAssemblies (2632ms)
			LogAssemblyErrors (0ms)
			InitializePlatformSupportModulesInManaged (41ms)
			SetLoadedEditorAssemblies (9ms)
			BeforeProcessingInitializeOnLoad (384ms)
			ProcessInitializeOnLoadAttributes (1548ms)
			ProcessInitializeOnLoadMethodAttributes (629ms)
			AfterProcessingInitializeOnLoad (19ms)
			EditorAssembliesLoaded (1ms)
		ExecutionOrderSort2 (0ms)
		AwakeInstancesAfterBackupRestoration (27ms)
Refreshing native plugins compatible for Editor in 4.07 ms, found 5 plugins.
Preloading 1 native plugins for Editor in 0.09 ms.
Unloading 60 Unused Serialized files (Serialized files now loaded: 0)
Unloading 10939 unused Assets / (21.7 MB). Loaded Objects now: 11883.
Memory consumption went from 239.1 MB to 217.4 MB.
Total: 52.100600 ms (FindLiveObjects: 2.091600 ms CreateObjectMapping: 2.881800 ms MarkObjects: 29.561800 ms  DeleteObjects: 17.563600 ms)

Prepare: number of updated asset objects reloaded= 0
========================================================================
Received Import Request.
  Time since last request: 190.587110 seconds.
  path: Assets/Prefabs/Vehicles/BlueBus.prefab
  artifactKey: Guid(b7c9e48e07c46ef4682a12c3bceccaf6) Importer(815301076,1909f56bfc062723c751e8b465ee728b)
Start importing Assets/Prefabs/Vehicles/BlueBus.prefab using Guid(b7c9e48e07c46ef4682a12c3bceccaf6) Importer(815301076,1909f56bfc062723c751e8b465ee728b) (PreviewImporter) -> (artifact id: '62992b9bd2cccd612903f95e54e10fc0') in 0.5798711 seconds
Number of updated asset objects reloaded before import = 0Number of asset objects unloaded after import = 7

========================================================================
Received Import Request.
  Time since last request: 0.000077 seconds.
  path: Assets/Prefabs/Vehicles/WhiteVan.prefab
  artifactKey: Guid(cbf5f011761d1db4e95bee92b710db5e) Importer(815301076,1909f56bfc062723c751e8b465ee728b)
Start importing Assets/Prefabs/Vehicles/WhiteVan.prefab using Guid(cbf5f011761d1db4e95bee92b710db5e) Importer(815301076,1909f56bfc062723c751e8b465ee728b) (PreviewImporter) -> (artifact id: '368a2afb5ea14a5984e3c1748b5b8959') in 0.0126979 seconds
Number of updated asset objects reloaded before import = 0Number of asset objects unloaded after import = 7

========================================================================
Received Import Request.
  Time since last request: 5.824145 seconds.
  path: Assets/Prefabs/Vehicles/BlueBus.prefab
  artifactKey: Guid(b7c9e48e07c46ef4682a12c3bceccaf6) Importer(815301076,1909f56bfc062723c751e8b465ee728b)
Start importing Assets/Prefabs/Vehicles/BlueBus.prefab using Guid(b7c9e48e07c46ef4682a12c3bceccaf6) Importer(815301076,1909f56bfc062723c751e8b465ee728b) (PreviewImporter) -> (artifact id: 'b17968f4ccfabd9da8f55938a95de89d') in 0.0217376 seconds
Number of updated asset objects reloaded before import = 0Number of asset objects unloaded after import = 7

========================================================================
Received Import Request.
  Time since last request: 2.558830 seconds.
  path: Assets/Prefabs/Vehicles/OrangeBus.prefab
  artifactKey: Guid(c0a686c4b2047eb4dac472f5b3135f80) Importer(815301076,1909f56bfc062723c751e8b465ee728b)
Start importing Assets/Prefabs/Vehicles/OrangeBus.prefab using Guid(c0a686c4b2047eb4dac472f5b3135f80) Importer(815301076,1909f56bfc062723c751e8b465ee728b) (PreviewImporter) -> (artifact id: '923db76e75fe4a06e232a17133a553ee') in 0.0179716 seconds
Number of updated asset objects reloaded before import = 0Number of asset objects unloaded after import = 7

========================================================================
Received Prepare
Assembly reference Packages/com.unity.cinemachine/Editor/Samples/ExposeHDRPInternals/HDRP-Editor-ref.asmref has no target assembly definition
Assembly reference Packages/com.unity.cinemachine/Editor/Samples/ExposeHDRPInternals/HDRP-Editor-ref.asmref has no target assembly definition
Begin MonoManager ReloadAssembly
[Licensing::Client] Successfully resolved entitlement details
Symbol file LoadedFromMemory is not a mono symbol file
Symbol file LoadedFromMemory is not a mono symbol file
- Loaded All Assemblies, in  1.603 seconds
Assembly reference Packages/com.unity.cinemachine/Editor/Samples/ExposeHDRPInternals/HDRP-Editor-ref.asmref has no target assembly definition
'Packages/com.unity.cinemachine/Editor/Obsolete/CinemachineVirtualCameraBaseEditor.cs' contains partial class of Unity.Object, exactly 1 of the partial classes needs to be in a file with the same filename. This is to know the one that can be referenced from ie. GameObjects
'Packages/com.unity.cinemachine/Editor/Editors/CinemachineVirtualCameraBaseEditor.cs' contains partial class of Unity.Object, exactly 1 of the partial classes needs to be in a file with the same filename. This is to know the one that can be referenced from ie. GameObjects
Refreshing native plugins compatible for Editor in 2.91 ms, found 5 plugins.
Native extension for LinuxStandalone target not found
Native extension for AppleTV target not found
Native extension for iOS target not found
Native extension for Android target not found
Native extension for UWP target not found
Native extension for WindowsStandalone target not found
Failed to load: C:/Program Files/Unity/Hub/Editor/6000.3.6f1/Editor/Data/PlaybackEngines/VisionOSPlayer\x64\UnityEditor.VisionOS.Native.dll
Native extension for VisionOS target not found
Native extension for WebGL target not found
Assembly reference Packages/com.unity.cinemachine/Editor/Samples/ExposeHDRPInternals/HDRP-Editor-ref.asmref has no target assembly definition
Refreshing native plugins compatible for Editor in 5.76 ms, found 5 plugins.
[Package Manager] Failed to launch server process. Reason: Unity was launched with the -noUpm command-line argument
[Package Manager] Unable to send message (not connected to server process).
[Package Manager] Cannot connect to Unity Package Manager local server
[Package Manager] Failed to launch server process. Reason: Unity was launched with the -noUpm command-line argument
[Package Manager] Unable to send message (not connected to server process).
[Package Manager] Cannot connect to Unity Package Manager local server
[Licensing::Client] Error: Code 404 while processing request (status: Found 0 entitlement groups and 0 free entitlements matching requested entitlement ids)
[Licensing::Client] Error: Code 404 while processing request (status: Found 0 entitlement groups and 0 free entitlements matching requested entitlement ids)
[Licensing::Client] Error: Code 404 while processing request (status: Found 0 entitlement groups and 0 free entitlements matching requested entitlement ids)
ScheduleIndexationOnStartup MainProcess:False IndexOnStartup:True
Mono: successfully reloaded assembly
- Finished resetting the current domain, in  3.078 seconds
Domain Reload Profiling: 4680ms
	BeginReloadAssembly (400ms)
		ExecutionOrderSort (0ms)
		DisableScriptedObjects (40ms)
		BackupInstance (0ms)
		ReleaseScriptingObjects (0ms)
		CreateAndSetChildDomain (134ms)
	RebuildCommonClasses (60ms)
	RebuildNativeTypeToScriptingClass (18ms)
	initialDomainReloadingComplete (87ms)
	LoadAllAssembliesAndSetupDomain (1036ms)
		LoadAssemblies (661ms)
		RebuildTransferFunctionScriptingTraits (0ms)
		AnalyzeDomain (523ms)
			TypeCache.Refresh (11ms)
				TypeCache.ScanAssembly (0ms)
			BuildScriptInfoCaches (489ms)
			ResolveRequiredComponents (16ms)
	FinalizeReload (3079ms)
		ReleaseScriptCaches (0ms)
		RebuildScriptCaches (0ms)
		SetupLoadedEditorAssemblies (2817ms)
			LogAssemblyErrors (0ms)
			InitializePlatformSupportModulesInManaged (40ms)
			SetLoadedEditorAssemblies (9ms)
			BeforeProcessingInitializeOnLoad (362ms)
			ProcessInitializeOnLoadAttributes (1713ms)
			ProcessInitializeOnLoadMethodAttributes (669ms)
			AfterProcessingInitializeOnLoad (22ms)
			EditorAssembliesLoaded (1ms)
		ExecutionOrderSort2 (0ms)
		AwakeInstancesAfterBackupRestoration (30ms)
Refreshing native plugins compatible for Editor in 4.05 ms, found 5 plugins.
Preloading 1 native plugins for Editor in 0.09 ms.
Unloading 60 Unused Serialized files (Serialized files now loaded: 0)
Unloading 10939 unused Assets / (19.8 MB). Loaded Objects now: 11906.
Memory consumption went from 239.3 MB to 219.4 MB.
Total: 44.896700 ms (FindLiveObjects: 2.289100 ms CreateObjectMapping: 3.446200 ms MarkObjects: 27.409600 ms  DeleteObjects: 11.749400 ms)

Prepare: number of updated asset objects reloaded= 0
========================================================================
Received Import Request.
  Time since last request: 101.294026 seconds.
  path: Assets/Prefabs/Vehicles/WhiteVan.prefab
  artifactKey: Guid(cbf5f011761d1db4e95bee92b710db5e) Importer(815301076,1909f56bfc062723c751e8b465ee728b)
Start importing Assets/Prefabs/Vehicles/WhiteVan.prefab using Guid(cbf5f011761d1db4e95bee92b710db5e) Importer(815301076,1909f56bfc062723c751e8b465ee728b) (PreviewImporter) -> (artifact id: '038d7a7e738576a2030b98f3819e1603') in 0.5564351 seconds
Number of updated asset objects reloaded before import = 0Number of asset objects unloaded after import = 7

========================================================================
Received Prepare
Assembly reference Packages/com.unity.cinemachine/Editor/Samples/ExposeHDRPInternals/HDRP-Editor-ref.asmref has no target assembly definition
Assembly reference Packages/com.unity.cinemachine/Editor/Samples/ExposeHDRPInternals/HDRP-Editor-ref.asmref has no target assembly definition
Begin MonoManager ReloadAssembly
[Licensing::Client] Successfully resolved entitlement details
Symbol file LoadedFromMemory is not a mono symbol file
Symbol file LoadedFromMemory is not a mono symbol file
- Loaded All Assemblies, in  1.565 seconds
Assembly reference Packages/com.unity.cinemachine/Editor/Samples/ExposeHDRPInternals/HDRP-Editor-ref.asmref has no target assembly definition
'Packages/com.unity.cinemachine/Editor/Obsolete/CinemachineVirtualCameraBaseEditor.cs' contains partial class of Unity.Object, exactly 1 of the partial classes needs to be in a file with the same filename. This is to know the one that can be referenced from ie. GameObjects
'Packages/com.unity.cinemachine/Editor/Editors/CinemachineVirtualCameraBaseEditor.cs' contains partial class of Unity.Object, exactly 1 of the partial classes needs to be in a file with the same filename. This is to know the one that can be referenced from ie. GameObjects
Refreshing native plugins compatible for Editor in 4.01 ms, found 5 plugins.
Native extension for LinuxStandalone target not found
Native extension for AppleTV target not found
Native extension for iOS target not found
Native extension for Android target not found
Native extension for UWP target not found
Native extension for WindowsStandalone target not found
Failed to load: C:/Program Files/Unity/Hub/Editor/6000.3.6f1/Editor/Data/PlaybackEngines/VisionOSPlayer\x64\UnityEditor.VisionOS.Native.dll
Native extension for VisionOS target not found
Native extension for WebGL target not found
Assembly reference Packages/com.unity.cinemachine/Editor/Samples/ExposeHDRPInternals/HDRP-Editor-ref.asmref has no target assembly definition
Refreshing native plugins compatible for Editor in 5.95 ms, found 5 plugins.
[Package Manager] Failed to launch server process. Reason: Unity was launched with the -noUpm command-line argument
[Package Manager] Unable to send message (not connected to server process).
[Package Manager] Cannot connect to Unity Package Manager local server
[Package Manager] Failed to launch server process. Reason: Unity was launched with the -noUpm command-line argument
[Package Manager] Unable to send message (not connected to server process).
[Package Manager] Cannot connect to Unity Package Manager local server
[Licensing::Client] Error: Code 404 while processing request (status: Found 0 entitlement groups and 0 free entitlements matching requested entitlement ids)
[Licensing::Client] Error: Code 404 while processing request (status: Found 0 entitlement groups and 0 free entitlements matching requested entitlement ids)
[Licensing::Client] Error: Code 404 while processing request (status: Found 0 entitlement groups and 0 free entitlements matching requested entitlement ids)
ScheduleIndexationOnStartup MainProcess:False IndexOnStartup:True
Mono: successfully reloaded assembly
- Finished resetting the current domain, in  3.421 seconds
Domain Reload Profiling: 4985ms
	BeginReloadAssembly (422ms)
		ExecutionOrderSort (0ms)
		DisableScriptedObjects (45ms)
		BackupInstance (0ms)
		ReleaseScriptingObjects (0ms)
		CreateAndSetChildDomain (138ms)
	RebuildCommonClasses (46ms)
	RebuildNativeTypeToScriptingClass (16ms)
	initialDomainReloadingComplete (79ms)
	LoadAllAssembliesAndSetupDomain (1000ms)
		LoadAssemblies (660ms)
		RebuildTransferFunctionScriptingTraits (0ms)
		AnalyzeDomain (494ms)
			TypeCache.Refresh (12ms)
				TypeCache.ScanAssembly (0ms)
			BuildScriptInfoCaches (459ms)
			ResolveRequiredComponents (17ms)
	FinalizeReload (3422ms)
		ReleaseScriptCaches (0ms)
		RebuildScriptCaches (0ms)
		SetupLoadedEditorAssemblies (3086ms)
			LogAssemblyErrors (0ms)
			InitializePlatformSupportModulesInManaged (56ms)
			SetLoadedEditorAssemblies (15ms)
			BeforeProcessingInitializeOnLoad (519ms)
			ProcessInitializeOnLoadAttributes (1798ms)
			ProcessInitializeOnLoadMethodAttributes (675ms)
			AfterProcessingInitializeOnLoad (22ms)
			EditorAssembliesLoaded (1ms)
		ExecutionOrderSort2 (0ms)
		AwakeInstancesAfterBackupRestoration (29ms)
Refreshing native plugins compatible for Editor in 4.61 ms, found 5 plugins.
Preloading 1 native plugins for Editor in 0.09 ms.
Unloading 60 Unused Serialized files (Serialized files now loaded: 0)
Unloading 10939 unused Assets / (20.5 MB). Loaded Objects now: 11929.
Memory consumption went from 239.3 MB to 218.8 MB.
Total: 46.966300 ms (FindLiveObjects: 2.115700 ms CreateObjectMapping: 2.387200 ms MarkObjects: 29.562900 ms  DeleteObjects: 12.898000 ms)

Prepare: number of updated asset objects reloaded= 0
========================================================================
Received Import Request.
  Time since last request: 72.519616 seconds.
  path: Assets/Prefabs/Vehicles/BlueBus.prefab
  artifactKey: Guid(b7c9e48e07c46ef4682a12c3bceccaf6) Importer(2089858483,b0f066a214c2f5e87bad3c948f4d605d)
Start importing Assets/Prefabs/Vehicles/BlueBus.prefab using Guid(b7c9e48e07c46ef4682a12c3bceccaf6) Importer(2089858483,b0f066a214c2f5e87bad3c948f4d605d) (ScriptedImporter) -> (artifact id: '19fd3e179812c0fdfcf44175417cdfec') in 0.1661744 seconds
Number of updated asset objects reloaded before import = 0Number of asset objects unloaded after import = 7

========================================================================
Received Import Request.
  Time since last request: 0.000039 seconds.
  path: Assets/Scenes/Playable.unity
  artifactKey: Guid(0391cbbffe6aef649a1e3fe1e819782c) Importer(2089858483,b0f066a214c2f5e87bad3c948f4d605d)
Start importing Assets/Scenes/Playable.unity using Guid(0391cbbffe6aef649a1e3fe1e819782c) Importer(2089858483,b0f066a214c2f5e87bad3c948f4d605d) (ScriptedImporter) -> (artifact id: '6eedd09ed6bfafb8fc41757fad28ae0e') in 0.0539299 seconds
Number of updated asset objects reloaded before import = 0Number of asset objects unloaded after import = 1

========================================================================
Received Import Request.
  Time since last request: 7.383414 seconds.
  path: Assets/Prefabs/HousePanel
  artifactKey: Guid(6890deb5bcb073746a91976a92421f29) Importer(815301076,1909f56bfc062723c751e8b465ee728b)
Start importing Assets/Prefabs/HousePanel using Guid(6890deb5bcb073746a91976a92421f29) Importer(815301076,1909f56bfc062723c751e8b465ee728b) (PreviewImporter) -> (artifact id: '402391d9e524595b6dedefd2300ff08d') in 0.0007772 seconds
Number of updated asset objects reloaded before import = 0Number of asset objects unloaded after import = 0

========================================================================
Received Import Request.
  Time since last request: 0.842036 seconds.
  path: Assets/Prefabs/HousePanel
  artifactKey: Guid(6890deb5bcb073746a91976a92421f29) Importer(2089858483,b0f066a214c2f5e87bad3c948f4d605d)
Start importing Assets/Prefabs/HousePanel using Guid(6890deb5bcb073746a91976a92421f29) Importer(2089858483,b0f066a214c2f5e87bad3c948f4d605d) (ScriptedImporter) -> (artifact id: '06bdb4c289bdbe86ba628f7e16d0346b') in 0.0165901 seconds
Number of updated asset objects reloaded before import = 0Number of asset objects unloaded after import = 1

========================================================================
Received Import Request.
  Time since last request: 2.992574 seconds.
  path: Assets/Prefabs/HousePanel/Cottage.prefab
  artifactKey: Guid(87ffb1fd079eae64a8ff2fece59537a0) Importer(2089858483,b0f066a214c2f5e87bad3c948f4d605d)
Start importing Assets/Prefabs/HousePanel/Cottage.prefab using Guid(87ffb1fd079eae64a8ff2fece59537a0) Importer(2089858483,b0f066a214c2f5e87bad3c948f4d605d) (ScriptedImporter) -> (artifact id: 'ee2299bed75bb95c8e2ffe48369ba874') in 0.0470376 seconds
Number of updated asset objects reloaded before import = 0Number of asset objects unloaded after import = 14

========================================================================
Received Import Request.
  Time since last request: 2.846353 seconds.
  path: Assets/Prefabs/HousePanel/Cottage.asset
  artifactKey: Guid(3752896846124e14cab16c1985a0ad96) Importer(2089858483,b0f066a214c2f5e87bad3c948f4d605d)
Start importing Assets/Prefabs/HousePanel/Cottage.asset using Guid(3752896846124e14cab16c1985a0ad96) Importer(2089858483,b0f066a214c2f5e87bad3c948f4d605d) (ScriptedImporter) -> (artifact id: 'e4e85de45068803171d0d9afcd27158e') in 0.0168358 seconds
Number of updated asset objects reloaded before import = 0Number of asset objects unloaded after import = 14

========================================================================
Received Import Request.
  Time since last request: 4.013145 seconds.
  path: Assets/Prefabs/HousePanel/Lodge.prefab
  artifactKey: Guid(93aa613e5ca99a4499629aa5e8441213) Importer(2089858483,b0f066a214c2f5e87bad3c948f4d605d)
Start importing Assets/Prefabs/HousePanel/Lodge.prefab using Guid(93aa613e5ca99a4499629aa5e8441213) Importer(2089858483,b0f066a214c2f5e87bad3c948f4d605d) (ScriptedImporter) -> (artifact id: 'a5a2e37cd7f738e52de6b4895696d8c4') in 0.0325171 seconds
Number of updated asset objects reloaded before import = 0Number of asset objects unloaded after import = 14

========================================================================
Received Import Request.
  Time since last request: 5.113082 seconds.
  path: Assets/Prefabs/HousePanel/Lodge.asset
  artifactKey: Guid(3162cc86dd4a14f4abd0138bc123993d) Importer(2089858483,b0f066a214c2f5e87bad3c948f4d605d)
Start importing Assets/Prefabs/HousePanel/Lodge.asset using Guid(3162cc86dd4a14f4abd0138bc123993d) Importer(2089858483,b0f066a214c2f5e87bad3c948f4d605d) (ScriptedImporter) -> (artifact id: 'a345e47f8f6d2f69847ba298c569371a') in 0.0131518 seconds
Number of updated asset objects reloaded before import = 0Number of asset objects unloaded after import = 14

========================================================================
Received Import Request.
  Time since last request: 15.699174 seconds.
  path: Assets/Prefabs/FacilityPanel
  artifactKey: Guid(c8823c6c790bf3b4a9021d8194f3fb2d) Importer(815301076,1909f56bfc062723c751e8b465ee728b)
Start importing Assets/Prefabs/FacilityPanel using Guid(c8823c6c790bf3b4a9021d8194f3fb2d) Importer(815301076,1909f56bfc062723c751e8b465ee728b) (PreviewImporter) -> (artifact id: '458336fa07992f4a711a5224be95e1e1') in 0.0009414 seconds
Number of updated asset objects reloaded before import = 0Number of asset objects unloaded after import = 0

========================================================================
Received Import Request.
  Time since last request: 0.867652 seconds.
  path: Assets/Prefabs/FacilityPanel
  artifactKey: Guid(c8823c6c790bf3b4a9021d8194f3fb2d) Importer(2089858483,b0f066a214c2f5e87bad3c948f4d605d)
Start importing Assets/Prefabs/FacilityPanel using Guid(c8823c6c790bf3b4a9021d8194f3fb2d) Importer(2089858483,b0f066a214c2f5e87bad3c948f4d605d) (ScriptedImporter) -> (artifact id: '1841c8b43dc4ed9f44a55b322cf2bc3b') in 0.0190434 seconds
Number of updated asset objects reloaded before import = 0Number of asset objects unloaded after import = 1

========================================================================
Received Import Request.
  Time since last request: 4.374440 seconds.
  path: Assets/Prefabs/FacilityPanel/Gym.prefab
  artifactKey: Guid(f803a6a5771f1404fa0221cdc5d0ef57) Importer(2089858483,b0f066a214c2f5e87bad3c948f4d605d)
Start importing Assets/Prefabs/FacilityPanel/Gym.prefab using Guid(f803a6a5771f1404fa0221cdc5d0ef57) Importer(2089858483,b0f066a214c2f5e87bad3c948f4d605d) (ScriptedImporter) -> (artifact id: '8d8fad71c7b1727380a14eb5f4a15d37') in 0.0261453 seconds
Number of updated asset objects reloaded before import = 0Number of asset objects unloaded after import = 9

========================================================================
Received Import Request.
  Time since last request: 2.460988 seconds.
  path: Assets/Prefabs/FacilityPanel/Gym.asset
  artifactKey: Guid(dd5e444fea7474146ad803bb495c20b6) Importer(2089858483,b0f066a214c2f5e87bad3c948f4d605d)
Start importing Assets/Prefabs/FacilityPanel/Gym.asset using Guid(dd5e444fea7474146ad803bb495c20b6) Importer(2089858483,b0f066a214c2f5e87bad3c948f4d605d) (ScriptedImporter) -> (artifact id: '6dcbb73107c049815631329a1ee1a028') in 0.0175024 seconds
Number of updated asset objects reloaded before import = 0Number of asset objects unloaded after import = 9

========================================================================
Received Import Request.
  Time since last request: 3.365923 seconds.
  path: Assets/Prefabs/FacilityPanel/icecreamParlor.prefab
  artifactKey: Guid(8d93f435904b9454b920492fec6fca5e) Importer(2089858483,b0f066a214c2f5e87bad3c948f4d605d)
Start importing Assets/Prefabs/FacilityPanel/icecreamParlor.prefab using Guid(8d93f435904b9454b920492fec6fca5e) Importer(2089858483,b0f066a214c2f5e87bad3c948f4d605d) (ScriptedImporter) -> (artifact id: 'a0642d9bd604f7aaeba0ae5275c2b4fe') in 0.0294017 seconds
Number of updated asset objects reloaded before import = 0Number of asset objects unloaded after import = 14

========================================================================
Received Import Request.
  Time since last request: 2.093482 seconds.
  path: Assets/Prefabs/FacilityPanel/Icecream Parlour.asset
  artifactKey: Guid(2779d02c888668944ad9198aadd5683c) Importer(2089858483,b0f066a214c2f5e87bad3c948f4d605d)
Start importing Assets/Prefabs/FacilityPanel/Icecream Parlour.asset using Guid(2779d02c888668944ad9198aadd5683c) Importer(2089858483,b0f066a214c2f5e87bad3c948f4d605d) (ScriptedImporter) -> (artifact id: '0b39b07f261d25581a709279bf752268') in 0.0165748 seconds
Number of updated asset objects reloaded before import = 0Number of asset objects unloaded after import = 14

========================================================================
Received Import Request.
  Time since last request: 11.087356 seconds.
  path: Assets/Prefabs/Tilamap Assets/Resort Ground.prefab
  artifactKey: Guid(3318c3ecad4276944ad856c6fd5a27ea) Importer(2089858483,b0f066a214c2f5e87bad3c948f4d605d)
Start importing Assets/Prefabs/Tilamap Assets/Resort Ground.prefab using Guid(3318c3ecad4276944ad856c6fd5a27ea) Importer(2089858483,b0f066a214c2f5e87bad3c948f4d605d) (ScriptedImporter) -> (artifact id: 'b4c366c793416f711d88d0282a7629a3') in 0.0218428 seconds
Number of updated asset objects reloaded before import = 0Number of asset objects unloaded after import = 10

========================================================================
Received Import Request.
  Time since last request: 7.090100 seconds.
  path: Assets/Prefabs/HousePanel/Suana.prefab
  artifactKey: Guid(41b0d116a595b0643b9532bbfe0b537d) Importer(2089858483,b0f066a214c2f5e87bad3c948f4d605d)
Start importing Assets/Prefabs/HousePanel/Suana.prefab using Guid(41b0d116a595b0643b9532bbfe0b537d) Importer(2089858483,b0f066a214c2f5e87bad3c948f4d605d) (ScriptedImporter) -> (artifact id: '17b7ea77ea4f3ec88d13e42790fd9f71') in 0.0280443 seconds
Number of updated asset objects reloaded before import = 0Number of asset objects unloaded after import = 9

========================================================================
Received Import Request.
  Time since last request: 3.804689 seconds.
  path: Assets/Prefabs/FacilityPanel/Suana.asset
  artifactKey: Guid(641e89b14525572499073c901b3a0c96) Importer(2089858483,b0f066a214c2f5e87bad3c948f4d605d)
Start importing Assets/Prefabs/FacilityPanel/Suana.asset using Guid(641e89b14525572499073c901b3a0c96) Importer(2089858483,b0f066a214c2f5e87bad3c948f4d605d) (ScriptedImporter) -> (artifact id: 'e6bf0afc96002f068e78614e151d8a0e') in 0.0148683 seconds
Number of updated asset objects reloaded before import = 0Number of asset objects unloaded after import = 9

========================================================================
Received Import Request.
  Time since last request: 5.196279 seconds.
  path: Assets/Prefabs/FacilityPanel/Suana.prefab
  artifactKey: Guid(41b0d116a595b0643b9532bbfe0b537d) Importer(2089858483,b0f066a214c2f5e87bad3c948f4d605d)
Start importing Assets/Prefabs/FacilityPanel/Suana.prefab using Guid(41b0d116a595b0643b9532bbfe0b537d) Importer(2089858483,b0f066a214c2f5e87bad3c948f4d605d) (ScriptedImporter) -> (artifact id: '5d352af0072cb0e0b793f96202e53816') in 0.0140288 seconds
Number of updated asset objects reloaded before import = 0Number of asset objects unloaded after import = 9

========================================================================
Received Import Request.
  Time since last request: 7.305275 seconds.
  path: Assets/Prefabs/FacilityPanel/Taco Stand.prefab
  artifactKey: Guid(4f671268cceacdf40904a855bf55af34) Importer(2089858483,b0f066a214c2f5e87bad3c948f4d605d)
Start importing Assets/Prefabs/FacilityPanel/Taco Stand.prefab using Guid(4f671268cceacdf40904a855bf55af34) Importer(2089858483,b0f066a214c2f5e87bad3c948f4d605d) (ScriptedImporter) -> (artifact id: '6b8b35e0b9cadd1ee09b14d0fac95e6c') in 0.0255522 seconds
Number of updated asset objects reloaded before import = 0Number of asset objects unloaded after import = 9

========================================================================
Received Import Request.
  Time since last request: 7.199322 seconds.
  path: Assets/Prefabs/FacilityPanel/Taco Stand.asset
  artifactKey: Guid(ca4bbc6905aba0e41b8f66e772313444) Importer(2089858483,b0f066a214c2f5e87bad3c948f4d605d)
Start importing Assets/Prefabs/FacilityPanel/Taco Stand.asset using Guid(ca4bbc6905aba0e41b8f66e772313444) Importer(2089858483,b0f066a214c2f5e87bad3c948f4d605d) (ScriptedImporter) -> (artifact id: '1457b2bd588b37df0b4bc3a93d7b45c6') in 0.0137355 seconds
Number of updated asset objects reloaded before import = 0Number of asset objects unloaded after import = 9

========================================================================
Received Import Request.
  Time since last request: 13.167648 seconds.
  path: Assets/Prefabs/TilePanel
  artifactKey: Guid(96e2fb19c1884054a97b20f74ae0cab4) Importer(815301076,1909f56bfc062723c751e8b465ee728b)
Start importing Assets/Prefabs/TilePanel using Guid(96e2fb19c1884054a97b20f74ae0cab4) Importer(815301076,1909f56bfc062723c751e8b465ee728b) (PreviewImporter) -> (artifact id: 'a6bdb770f47b2500349480bd1963718a') in 0.0013261 seconds
Number of updated asset objects reloaded before import = 0Number of asset objects unloaded after import = 0

========================================================================
Received Import Request.
  Time since last request: 0.862191 seconds.
  path: Assets/Prefabs/TilePanel
  artifactKey: Guid(96e2fb19c1884054a97b20f74ae0cab4) Importer(2089858483,b0f066a214c2f5e87bad3c948f4d605d)
Start importing Assets/Prefabs/TilePanel using Guid(96e2fb19c1884054a97b20f74ae0cab4) Importer(2089858483,b0f066a214c2f5e87bad3c948f4d605d) (ScriptedImporter) -> (artifact id: 'b80d915db85c994da8938d8a0aeba504') in 0.01457 seconds
Number of updated asset objects reloaded before import = 0Number of asset objects unloaded after import = 1

========================================================================
Received Import Request.
  Time since last request: 3.816180 seconds.
  path: Assets/Prefabs/TilePanel/Stone Tile.prefab
  artifactKey: Guid(91d725ee0b973da4baee0b2675757fe0) Importer(2089858483,b0f066a214c2f5e87bad3c948f4d605d)
Start importing Assets/Prefabs/TilePanel/Stone Tile.prefab using Guid(91d725ee0b973da4baee0b2675757fe0) Importer(2089858483,b0f066a214c2f5e87bad3c948f4d605d) (ScriptedImporter) -> (artifact id: 'ad83d179e612714fab3168b54416b37e') in 0.025609 seconds
Number of updated asset objects reloaded before import = 0Number of asset objects unloaded after import = 9

========================================================================
Received Import Request.
  Time since last request: 4.313311 seconds.
  path: Assets/Prefabs/TilePanel/Stone Tile.asset
  artifactKey: Guid(bf1efa00177ce304ab005f14f99fda51) Importer(2089858483,b0f066a214c2f5e87bad3c948f4d605d)
Start importing Assets/Prefabs/TilePanel/Stone Tile.asset using Guid(bf1efa00177ce304ab005f14f99fda51) Importer(2089858483,b0f066a214c2f5e87bad3c948f4d605d) (ScriptedImporter) -> (artifact id: 'c685f5a72dd07de73b795203f6640492') in 0.0172618 seconds
Number of updated asset objects reloaded before import = 0Number of asset objects unloaded after import = 9

========================================================================
Received Import Request.
  Time since last request: 2.941821 seconds.
  path: Assets/Prefabs/TilePanel/Tar Tile.prefab
  artifactKey: Guid(8ac8b1b76130ceb47a417e0fa5451d40) Importer(2089858483,b0f066a214c2f5e87bad3c948f4d605d)
Start importing Assets/Prefabs/TilePanel/Tar Tile.prefab using Guid(8ac8b1b76130ceb47a417e0fa5451d40) Importer(2089858483,b0f066a214c2f5e87bad3c948f4d605d) (ScriptedImporter) -> (artifact id: 'cf0212fa87bf4d77f8df2f3d79c3a1b8') in 0.0247494 seconds
Number of updated asset objects reloaded before import = 0Number of asset objects unloaded after import = 9

========================================================================
Received Import Request.
  Time since last request: 2.045390 seconds.
  path: Assets/Prefabs/TilePanel/Tar Tile.asset
  artifactKey: Guid(4081b00f6e211ae459e5850beb287ac2) Importer(2089858483,b0f066a214c2f5e87bad3c948f4d605d)
Start importing Assets/Prefabs/TilePanel/Tar Tile.asset using Guid(4081b00f6e211ae459e5850beb287ac2) Importer(2089858483,b0f066a214c2f5e87bad3c948f4d605d) (ScriptedImporter) -> (artifact id: '9f3f04460dd840c8bd053afde6af9880') in 0.0238549 seconds
Number of updated asset objects reloaded before import = 0Number of asset objects unloaded after import = 10

========================================================================
Received Prepare
Assembly reference Packages/com.unity.cinemachine/Editor/Samples/ExposeHDRPInternals/HDRP-Editor-ref.asmref has no target assembly definition
Assembly reference Packages/com.unity.cinemachine/Editor/Samples/ExposeHDRPInternals/HDRP-Editor-ref.asmref has no target assembly definition
Begin MonoManager ReloadAssembly
[Licensing::Client] Successfully resolved entitlement details
Symbol file LoadedFromMemory is not a mono symbol file
Symbol file LoadedFromMemory is not a mono symbol file
- Loaded All Assemblies, in  1.416 seconds
Assembly reference Packages/com.unity.cinemachine/Editor/Samples/ExposeHDRPInternals/HDRP-Editor-ref.asmref has no target assembly definition
'Packages/com.unity.cinemachine/Editor/Obsolete/CinemachineVirtualCameraBaseEditor.cs' contains partial class of Unity.Object, exactly 1 of the partial classes needs to be in a file with the same filename. This is to know the one that can be referenced from ie. GameObjects
'Packages/com.unity.cinemachine/Editor/Editors/CinemachineVirtualCameraBaseEditor.cs' contains partial class of Unity.Object, exactly 1 of the partial classes needs to be in a file with the same filename. This is to know the one that can be referenced from ie. GameObjects
Refreshing native plugins compatible for Editor in 3.03 ms, found 5 plugins.
Native extension for LinuxStandalone target not found
Native extension for AppleTV target not found
Native extension for iOS target not found
Native extension for Android target not found
Native extension for UWP target not found
Native extension for WindowsStandalone target not found
Failed to load: C:/Program Files/Unity/Hub/Editor/6000.3.6f1/Editor/Data/PlaybackEngines/VisionOSPlayer\x64\UnityEditor.VisionOS.Native.dll
Native extension for VisionOS target not found
Native extension for WebGL target not found
Assembly reference Packages/com.unity.cinemachine/Editor/Samples/ExposeHDRPInternals/HDRP-Editor-ref.asmref has no target assembly definition
Refreshing native plugins compatible for Editor in 4.49 ms, found 5 plugins.
[Package Manager] Failed to launch server process. Reason: Unity was launched with the -noUpm command-line argument
[Package Manager] Unable to send message (not connected to server process).
[Package Manager] Cannot connect to Unity Package Manager local server
[Package Manager] Failed to launch server process. Reason: Unity was launched with the -noUpm command-line argument
[Package Manager] Unable to send message (not connected to server process).
[Package Manager] Cannot connect to Unity Package Manager local server
[Licensing::Client] Error: Code 404 while processing request (status: Found 0 entitlement groups and 0 free entitlements matching requested entitlement ids)
[Licensing::Client] Error: Code 404 while processing request (status: Found 0 entitlement groups and 0 free entitlements matching requested entitlement ids)
[Licensing::Client] Error: Code 404 while processing request (status: Found 0 entitlement groups and 0 free entitlements matching requested entitlement ids)
ScheduleIndexationOnStartup MainProcess:False IndexOnStartup:True
Mono: successfully reloaded assembly
- Finished resetting the current domain, in  2.868 seconds
Domain Reload Profiling: 4286ms
	BeginReloadAssembly (330ms)
		ExecutionOrderSort (0ms)
		DisableScriptedObjects (20ms)
		BackupInstance (0ms)
		ReleaseScriptingObjects (0ms)
		CreateAndSetChildDomain (107ms)
	RebuildCommonClasses (44ms)
	RebuildNativeTypeToScriptingClass (15ms)
	initialDomainReloadingComplete (75ms)
	LoadAllAssembliesAndSetupDomain (953ms)
		LoadAssemblies (596ms)
		RebuildTransferFunctionScriptingTraits (0ms)
		AnalyzeDomain (477ms)
			TypeCache.Refresh (12ms)
				TypeCache.ScanAssembly (0ms)
			BuildScriptInfoCaches (440ms)
			ResolveRequiredComponents (17ms)
	FinalizeReload (2869ms)
		ReleaseScriptCaches (0ms)
		RebuildScriptCaches (0ms)
		SetupLoadedEditorAssemblies (2618ms)
			LogAssemblyErrors (0ms)
			InitializePlatformSupportModulesInManaged (40ms)
			SetLoadedEditorAssemblies (9ms)
			BeforeProcessingInitializeOnLoad (331ms)
			ProcessInitializeOnLoadAttributes (1593ms)
			ProcessInitializeOnLoadMethodAttributes (624ms)
			AfterProcessingInitializeOnLoad (18ms)
			EditorAssembliesLoaded (1ms)
		ExecutionOrderSort2 (0ms)
		AwakeInstancesAfterBackupRestoration (30ms)
Refreshing native plugins compatible for Editor in 3.43 ms, found 5 plugins.
Preloading 1 native plugins for Editor in 0.08 ms.
Unloading 60 Unused Serialized files (Serialized files now loaded: 0)
Unloading 10939 unused Assets / (21.1 MB). Loaded Objects now: 11932.
Memory consumption went from 239.2 MB to 218.1 MB.
Total: 38.608800 ms (FindLiveObjects: 1.664300 ms CreateObjectMapping: 2.060300 ms MarkObjects: 24.017700 ms  DeleteObjects: 10.864600 ms)

Prepare: number of updated asset objects reloaded= 0
========================================================================
Received Prepare
Assembly reference Packages/com.unity.cinemachine/Editor/Samples/ExposeHDRPInternals/HDRP-Editor-ref.asmref has no target assembly definition
Assembly reference Packages/com.unity.cinemachine/Editor/Samples/ExposeHDRPInternals/HDRP-Editor-ref.asmref has no target assembly definition
Begin MonoManager ReloadAssembly
[Licensing::Client] Successfully resolved entitlement details
Symbol file LoadedFromMemory is not a mono symbol file
Symbol file LoadedFromMemory is not a mono symbol file
- Loaded All Assemblies, in  1.883 seconds
Assembly reference Packages/com.unity.cinemachine/Editor/Samples/ExposeHDRPInternals/HDRP-Editor-ref.asmref has no target assembly definition
'Packages/com.unity.cinemachine/Editor/Obsolete/CinemachineVirtualCameraBaseEditor.cs' contains partial class of Unity.Object, exactly 1 of the partial classes needs to be in a file with the same filename. This is to know the one that can be referenced from ie. GameObjects
'Packages/com.unity.cinemachine/Editor/Editors/CinemachineVirtualCameraBaseEditor.cs' contains partial class of Unity.Object, exactly 1 of the partial classes needs to be in a file with the same filename. This is to know the one that can be referenced from ie. GameObjects
Refreshing native plugins compatible for Editor in 3.10 ms, found 5 plugins.
Native extension for LinuxStandalone target not found
Native extension for AppleTV target not found
Native extension for iOS target not found
Native extension for Android target not found
Native extension for UWP target not found
Native extension for WindowsStandalone target not found
Failed to load: C:/Program Files/Unity/Hub/Editor/6000.3.6f1/Editor/Data/PlaybackEngines/VisionOSPlayer\x64\UnityEditor.VisionOS.Native.dll
Native extension for VisionOS target not found
Native extension for WebGL target not found
Assembly reference Packages/com.unity.cinemachine/Editor/Samples/ExposeHDRPInternals/HDRP-Editor-ref.asmref has no target assembly definition
Refreshing native plugins compatible for Editor in 3.40 ms, found 5 plugins.
[Package Manager] Failed to launch server process. Reason: Unity was launched with the -noUpm command-line argument
[Package Manager] Unable to send message (not connected to server process).
[Package Manager] Cannot connect to Unity Package Manager local server
[Package Manager] Failed to launch server process. Reason: Unity was launched with the -noUpm command-line argument
[Package Manager] Unable to send message (not connected to server process).
[Package Manager] Cannot connect to Unity Package Manager local server
[Licensing::Client] Error: Code 404 while processing request (status: Found 0 entitlement groups and 0 free entitlements matching requested entitlement ids)
[Licensing::Client] Error: Code 404 while processing request (status: Found 0 entitlement groups and 0 free entitlements matching requested entitlement ids)
[Licensing::Client] Error: Code 404 while processing request (status: Found 0 entitlement groups and 0 free entitlements matching requested entitlement ids)
ScheduleIndexationOnStartup MainProcess:False IndexOnStartup:True
Mono: successfully reloaded assembly
- Finished resetting the current domain, in  2.805 seconds
Domain Reload Profiling: 4687ms
	BeginReloadAssembly (414ms)
		ExecutionOrderSort (0ms)
		DisableScriptedObjects (29ms)
		BackupInstance (0ms)
		ReleaseScriptingObjects (0ms)
		CreateAndSetChildDomain (127ms)
	RebuildCommonClasses (54ms)
	RebuildNativeTypeToScriptingClass (21ms)
	initialDomainReloadingComplete (89ms)
	LoadAllAssembliesAndSetupDomain (1303ms)
		LoadAssemblies (773ms)
		RebuildTransferFunctionScriptingTraits (0ms)
		AnalyzeDomain (697ms)
			TypeCache.Refresh (19ms)
				TypeCache.ScanAssembly (2ms)
			BuildScriptInfoCaches (653ms)
			ResolveRequiredComponents (19ms)
	FinalizeReload (2806ms)
		ReleaseScriptCaches (0ms)
		RebuildScriptCaches (0ms)
		SetupLoadedEditorAssemblies (2500ms)
			LogAssemblyErrors (0ms)
			InitializePlatformSupportModulesInManaged (42ms)
			SetLoadedEditorAssemblies (13ms)
			BeforeProcessingInitializeOnLoad (387ms)
			ProcessInitializeOnLoadAttributes (1427ms)
			ProcessInitializeOnLoadMethodAttributes (607ms)
			AfterProcessingInitializeOnLoad (22ms)
			EditorAssembliesLoaded (1ms)
		ExecutionOrderSort2 (0ms)
		AwakeInstancesAfterBackupRestoration (27ms)
Refreshing native plugins compatible for Editor in 3.80 ms, found 5 plugins.
Preloading 1 native plugins for Editor in 0.08 ms.
Unloading 60 Unused Serialized files (Serialized files now loaded: 0)
Unloading 10973 unused Assets / (18.9 MB). Loaded Objects now: 11969.
Memory consumption went from 240.0 MB to 221.1 MB.
Total: 29.802000 ms (FindLiveObjects: 2.203500 ms CreateObjectMapping: 2.061600 ms MarkObjects: 17.677700 ms  DeleteObjects: 7.857200 ms)

Prepare: number of updated asset objects reloaded= 0
========================================================================
Received Prepare
Assembly reference Packages/com.unity.cinemachine/Editor/Samples/ExposeHDRPInternals/HDRP-Editor-ref.asmref has no target assembly definition
Assembly reference Packages/com.unity.cinemachine/Editor/Samples/ExposeHDRPInternals/HDRP-Editor-ref.asmref has no target assembly definition
Begin MonoManager ReloadAssembly
[Licensing::Client] Successfully resolved entitlement details
Symbol file LoadedFromMemory is not a mono symbol file
Symbol file LoadedFromMemory is not a mono symbol file
- Loaded All Assemblies, in  1.560 seconds
Assembly reference Packages/com.unity.cinemachine/Editor/Samples/ExposeHDRPInternals/HDRP-Editor-ref.asmref has no target assembly definition
'Packages/com.unity.cinemachine/Editor/Obsolete/CinemachineVirtualCameraBaseEditor.cs' contains partial class of Unity.Object, exactly 1 of the partial classes needs to be in a file with the same filename. This is to know the one that can be referenced from ie. GameObjects
'Packages/com.unity.cinemachine/Editor/Editors/CinemachineVirtualCameraBaseEditor.cs' contains partial class of Unity.Object, exactly 1 of the partial classes needs to be in a file with the same filename. This is to know the one that can be referenced from ie. GameObjects
Refreshing native plugins compatible for Editor in 2.98 ms, found 5 plugins.
Native extension for LinuxStandalone target not found
Native extension for AppleTV target not found
Native extension for iOS target not found
Native extension for Android target not found
Native extension for UWP target not found
Native extension for WindowsStandalone target not found
Failed to load: C:/Program Files/Unity/Hub/Editor/6000.3.6f1/Editor/Data/PlaybackEngines/VisionOSPlayer\x64\UnityEditor.VisionOS.Native.dll
Native extension for VisionOS target not found
Native extension for WebGL target not found
Assembly reference Packages/com.unity.cinemachine/Editor/Samples/ExposeHDRPInternals/HDRP-Editor-ref.asmref has no target assembly definition
Refreshing native plugins compatible for Editor in 3.54 ms, found 5 plugins.
[Package Manager] Failed to launch server process. Reason: Unity was launched with the -noUpm command-line argument
[Package Manager] Unable to send message (not connected to server process).
[Package Manager] Cannot connect to Unity Package Manager local server
[Package Manager] Failed to launch server process. Reason: Unity was launched with the -noUpm command-line argument
[Package Manager] Unable to send message (not connected to server process).
[Package Manager] Cannot connect to Unity Package Manager local server
[Licensing::Client] Error: Code 404 while processing request (status: Found 0 entitlement groups and 0 free entitlements matching requested entitlement ids)
[Licensing::Client] Error: Code 404 while processing request (status: Found 0 entitlement groups and 0 free entitlements matching requested entitlement ids)
[Licensing::Client] Error: Code 404 while processing request (status: Found 0 entitlement groups and 0 free entitlements matching requested entitlement ids)
ScheduleIndexationOnStartup MainProcess:False IndexOnStartup:True
Mono: successfully reloaded assembly
- Finished resetting the current domain, in  2.332 seconds
Domain Reload Profiling: 3893ms
	BeginReloadAssembly (334ms)
		ExecutionOrderSort (0ms)
		DisableScriptedObjects (20ms)
		BackupInstance (0ms)
		ReleaseScriptingObjects (0ms)
		CreateAndSetChildDomain (111ms)
	RebuildCommonClasses (47ms)
	RebuildNativeTypeToScriptingClass (16ms)
	initialDomainReloadingComplete (80ms)
	LoadAllAssembliesAndSetupDomain (1084ms)
		LoadAssemblies (643ms)
		RebuildTransferFunctionScriptingTraits (0ms)
		AnalyzeDomain (563ms)
			TypeCache.Refresh (31ms)
				TypeCache.ScanAssembly (3ms)
			BuildScriptInfoCaches (502ms)
			ResolveRequiredComponents (21ms)
	FinalizeReload (2332ms)
		ReleaseScriptCaches (0ms)
		RebuildScriptCaches (0ms)
		SetupLoadedEditorAssemblies (2089ms)
			LogAssemblyErrors (0ms)
			InitializePlatformSupportModulesInManaged (39ms)
			SetLoadedEditorAssemblies (10ms)
			BeforeProcessingInitializeOnLoad (348ms)
			ProcessInitializeOnLoadAttributes (1196ms)
			ProcessInitializeOnLoadMethodAttributes (482ms)
			AfterProcessingInitializeOnLoad (13ms)
			EditorAssembliesLoaded (1ms)
		ExecutionOrderSort2 (0ms)
		AwakeInstancesAfterBackupRestoration (20ms)
Refreshing native plugins compatible for Editor in 3.12 ms, found 5 plugins.
Preloading 1 native plugins for Editor in 0.12 ms.
Unloading 60 Unused Serialized files (Serialized files now loaded: 0)
Unloading 11006 unused Assets / (21.1 MB). Loaded Objects now: 12005.
Memory consumption went from 243.0 MB to 221.9 MB.
Total: 37.176600 ms (FindLiveObjects: 2.152900 ms CreateObjectMapping: 3.336800 ms MarkObjects: 22.590300 ms  DeleteObjects: 9.094500 ms)

Prepare: number of updated asset objects reloaded= 0
========================================================================
Received Import Request.
  Time since last request: 2329.970291 seconds.
  path: Assets/Prefabs/Tilemap Assets
  artifactKey: Guid(999027cf7289450439234deddf4da6b7) Importer(815301076,1909f56bfc062723c751e8b465ee728b)
Start importing Assets/Prefabs/Tilemap Assets using Guid(999027cf7289450439234deddf4da6b7) Importer(815301076,1909f56bfc062723c751e8b465ee728b) (PreviewImporter) -> (artifact id: 'be0d51634df9eadaffb3bca11cbbc4f6') in 0.0031228 seconds
Number of updated asset objects reloaded before import = 0Number of asset objects unloaded after import = 0

========================================================================
Received Import Request.
  Time since last request: 0.848333 seconds.
  path: Assets/Prefabs/Tilemap Assets
  artifactKey: Guid(999027cf7289450439234deddf4da6b7) Importer(2089858483,b0f066a214c2f5e87bad3c948f4d605d)
Start importing Assets/Prefabs/Tilemap Assets using Guid(999027cf7289450439234deddf4da6b7) Importer(2089858483,b0f066a214c2f5e87bad3c948f4d605d) (ScriptedImporter) -> (artifact id: 'c7c0f7ed8223fef474af5151145e3018') in 0.0710596 seconds
Number of updated asset objects reloaded before import = 0Number of asset objects unloaded after import = 1

========================================================================
Received Import Request.
  Time since last request: 0.000033 seconds.
  path: Assets/Prefabs/Tilemap Assets/284_0.asset
  artifactKey: Guid(a41303645e1d6864c846049df5c4ef65) Importer(2089858483,b0f066a214c2f5e87bad3c948f4d605d)
Start importing Assets/Prefabs/Tilemap Assets/284_0.asset using Guid(a41303645e1d6864c846049df5c4ef65) Importer(2089858483,b0f066a214c2f5e87bad3c948f4d605d) (ScriptedImporter) -> (artifact id: 'f9bb7108388c107e1f8e9c64386fc07e') in 0.1410025 seconds
Number of updated asset objects reloaded before import = 0Number of asset objects unloaded after import = 2

========================================================================
Received Import Request.
  Time since last request: 0.000041 seconds.
  path: Assets/Prefabs/Tilemap Assets/744_0.asset
  artifactKey: Guid(e5368874d33dcd14e8dba89a776bb1ae) Importer(2089858483,b0f066a214c2f5e87bad3c948f4d605d)
Start importing Assets/Prefabs/Tilemap Assets/744_0.asset using Guid(e5368874d33dcd14e8dba89a776bb1ae) Importer(2089858483,b0f066a214c2f5e87bad3c948f4d605d) (ScriptedImporter) -> (artifact id: '1d97f258d83ef174e68b95d56a030786') in 0.0248357 seconds
Number of updated asset objects reloaded before import = 0Number of asset objects unloaded after import = 2

========================================================================
Received Import Request.
  Time since last request: 0.000053 seconds.
  path: Assets/Prefabs/Tilemap Assets/Resort Ground.prefab
  artifactKey: Guid(3318c3ecad4276944ad856c6fd5a27ea) Importer(2089858483,b0f066a214c2f5e87bad3c948f4d605d)
Start importing Assets/Prefabs/Tilemap Assets/Resort Ground.prefab using Guid(3318c3ecad4276944ad856c6fd5a27ea) Importer(2089858483,b0f066a214c2f5e87bad3c948f4d605d) (ScriptedImporter) -> (artifact id: 'd05adc5a60c50a51045041e4a53ec4a4') in 0.0470915 seconds
Number of updated asset objects reloaded before import = 0Number of asset objects unloaded after import = 10

========================================================================
Received Import Request.
  Time since last request: 0.000028 seconds.
  path: Assets/Prefabs/Tilemap Assets/749_0.asset
  artifactKey: Guid(a9c855675698d9740828c90e72c1dcd6) Importer(2089858483,b0f066a214c2f5e87bad3c948f4d605d)
Start importing Assets/Prefabs/Tilemap Assets/749_0.asset using Guid(a9c855675698d9740828c90e72c1dcd6) Importer(2089858483,b0f066a214c2f5e87bad3c948f4d605d) (ScriptedImporter) -> (artifact id: 'c3bc2491aa92ee625330ce50571150f5') in 0.0261803 seconds
Number of updated asset objects reloaded before import = 0Number of asset objects unloaded after import = 2

========================================================================
Received Import Request.
  Time since last request: 0.000031 seconds.
  path: Assets/Prefabs/Tilemap Assets/745_0.asset
  artifactKey: Guid(b00f1a07e3aa09d429fb792e3abea073) Importer(2089858483,b0f066a214c2f5e87bad3c948f4d605d)
Start importing Assets/Prefabs/Tilemap Assets/745_0.asset using Guid(b00f1a07e3aa09d429fb792e3abea073) Importer(2089858483,b0f066a214c2f5e87bad3c948f4d605d) (ScriptedImporter) -> (artifact id: '3dfd09c9637656c336be15cedc335982') in 0.0341642 seconds
Number of updated asset objects reloaded before import = 0Number of asset objects unloaded after import = 2

========================================================================
Received Import Request.
  Time since last request: 0.000028 seconds.
  path: Assets/Prefabs/Tilemap Assets/5_0.asset
  artifactKey: Guid(5346660847fd61e49a12fc9f90b79bba) Importer(2089858483,b0f066a214c2f5e87bad3c948f4d605d)
Start importing Assets/Prefabs/Tilemap Assets/5_0.asset using Guid(5346660847fd61e49a12fc9f90b79bba) Importer(2089858483,b0f066a214c2f5e87bad3c948f4d605d) (ScriptedImporter) -> (artifact id: 'b11be7eee7a0dbeeb3d8ee16a5a0c4ec') in 0.0248631 seconds
Number of updated asset objects reloaded before import = 0Number of asset objects unloaded after import = 2

========================================================================
Received Import Request.
  Time since last request: 2.904662 seconds.
  path: Assets/Prefabs/Tilemap Assets/747_0.asset
  artifactKey: Guid(275fdd687fad3e742aa5d66a100a3612) Importer(815301076,1909f56bfc062723c751e8b465ee728b)
Start importing Assets/Prefabs/Tilemap Assets/747_0.asset using Guid(275fdd687fad3e742aa5d66a100a3612) Importer(815301076,1909f56bfc062723c751e8b465ee728b) (PreviewImporter) -> (artifact id: '27a589bbd60b2aa8d8d1f7aea71f15f3') in 0.0661357 seconds
Number of updated asset objects reloaded before import = 0Number of asset objects unloaded after import = 3

Editor requested this worker to shutdown with reason: Scaling down because of idle timeout
AssetImportWorker is now disconnected from the server
Process exiting
Exiting without the bug reporter. Application will terminate with return code 0