[Licensing::Module] Trying to connect to existing licensing client channel...
Built from '6000.3/respin/6000.3.6f1-732c1ec89f18' branch; Version is '6000.3.6f1 (bbb010bdb8a3) revision 12300304'; Using compiler version '194234433'; Build Type 'Release'
OS: 'Windows 11  (10.0.26200) Professional' Language: 'en' Physical Memory: 64863 MB
[Licensing::IpcConnector] Successfully connected to: "LicenseClient-humai" at "2026-10-08T14:21:12.0578655Z"
BatchMode: 1, IsHumanControllingUs: 0, StartBugReporterOnCrash: 0, Is64bit: 1
System  architecture: x64
Process architecture: x64
Date: 2026-10-08T14:21:12Z

COMMAND LINE ARGUMENTS:
C:\Program Files\Unity\Hub\Editor\6000.3.6f1\Editor\Unity.exe
-adb2
-batchMode
-noUpm
-name
AssetImportWorker10
-projectPath
D:/Game Dev/Resort Empire
-logFile
Logs/AssetImportWorker10.log
-srvPort
50682
-licensingIpc
LicenseClient-humai
-job-worker-count
7
-background-job-worker-count
8
-gc-helper-count
1
-name
AssetImport
Successfully changed project path to: D:/Game Dev/Resort Empire
D:/Game Dev/Resort Empire
[UnityMemory] Configuration Parameters - Can be set up in boot.config
    "memorysetup-temp-allocator-size-nav-mesh-worker=65536"
    "memorysetup-temp-allocator-size-audio-worker=65536"
    "memorysetup-temp-allocator-size-gfx=262144"
    "memorysetup-allocator-temp-initial-block-size-main=262144"
    "memorysetup-allocator-temp-initial-block-size-worker=262144"
    "memorysetup-temp-allocator-size-background-worker=32768"
    "memorysetup-temp-allocator-size-job-worker=262144"
    "memorysetup-temp-allocator-size-preload-manager=33554432"
    "memorysetup-temp-allocator-size-gi-baking-worker=262144"
    "memorysetup-temp-allocator-size-gi-baking-worker=262144"
    "memorysetup-temp-allocator-size-gi-baking-worker=262144"
    "memorysetup-temp-allocator-size-gi-baking-worker=262144"
    "memorysetup-temp-allocator-size-gi-baking-worker=262144"
    "memorysetup-bucket-allocator-granularity=16"
    "memorysetup-bucket-allocator-bucket-count=8"
    "memorysetup-bucket-allocator-block-size=33554432"
    "memorysetup-bucket-allocator-block-count=8"
    "memorysetup-main-allocator-block-size=16777216"
    "memorysetup-thread-allocator-block-size=16777216"
    "memorysetup-gfx-main-allocator-block-size=16777216"
    "memorysetup-gfx-thread-allocator-block-size=16777216"
    "memorysetup-cache-allocator-block-size=4194304"
    "memorysetup-typetree-allocator-block-size=2097152"
    "memorysetup-profiler-bucket-allocator-granularity=16"
    "memorysetup-profiler-bucket-allocator-bucket-count=8"
    "memorysetup-profiler-bucket-allocator-block-size=33554432"
    "memorysetup-profiler-bucket-allocator-block-count=8"
    "memorysetup-profiler-allocator-block-size=16777216"
    "memorysetup-profiler-editor-allocator-block-size=1048576"
    "memorysetup-temp-allocator-size-main=16777216"
    "memorysetup-job-temp-allocator-block-size=2097152"
    "memorysetup-job-temp-allocator-block-size-background=1048576"
    "memorysetup-job-temp-allocator-reduction-small-platforms=262144"
    "memorysetup-temp-allocator-size-cloud-worker=32768"
Player connection [37956]  Target information:

Player connection [37956]  * "[IP] 192.168.83.1 [Port] 0 [Flags] 2 [Guid] 3696706628 [EditorId] 3696706628 [Version] 1048832 [Id] WindowsEditor(7,Humair_Ali) [Debug] 1 [PackageName] WindowsEditor [ProjectName] Editor" 

Player connection [37956]  * "[IP] 192.168.19.1 [Port] 0 [Flags] 2 [Guid] 3696706628 [EditorId] 3696706628 [Version] 1048832 [Id] WindowsEditor(7,Humair_Ali) [Debug] 1 [PackageName] WindowsEditor [ProjectName] Editor" 

Player connection [37956]  * "[IP] 192.168.1.139 [Port] 0 [Flags] 2 [Guid] 3696706628 [EditorId] 3696706628 [Version] 1048832 [Id] WindowsEditor(7,Humair_Ali) [Debug] 1 [PackageName] WindowsEditor [ProjectName] Editor" 

Player connection [37956] Host joined multi-casting on [225.0.0.222:54997]...
Player connection [37956] Host joined alternative multi-casting on [225.0.0.222:34997]...
JobSystem: Creating JobQueue using job-worker-count value 7
Input System module state changed to: Initialized.
[Physics::Module] Initialized fallback backend.
[Physics::Module] Id: 0xdecafbad
Library Redirect Path: Library/
[Physics::Module] Selected backend.
[Physics::Module] Name: PhysX
[Physics::Module] Id: 0xf2b8ea05
[Physics::Module] SDK Version: 4.1.2
[Physics::Module] Integration Version: 1.0.0
[Physics::Module] Threading Mode: Multi-Threaded
Refreshing native plugins compatible for Editor in 10.50 ms, found 5 plugins.
Preloading 1 native plugins for Editor in 3.48 ms.
Initialize engine version: 6000.3.6f1 (bbb010bdb8a3)
[Subsystems] Discovering subsystems at path C:/Program Files/Unity/Hub/Editor/6000.3.6f1/Editor/Data/Resources/UnitySubsystems
[Subsystems] Discovering subsystems at path D:/Game Dev/Resort Empire/Assets
GfxDevice: creating device client; kGfxThreadingModeNonThreaded
Direct3D:
    Version:  Direct3D 11.0 [level 11.1]
    Renderer: AMD Radeon (TM) Graphics (ID=0x15e7)
    Vendor:   ATI
    VRAM:     48479 MB
    Driver:   31.0.21914.18001
Initialize mono
Mono path[0] = 'C:/Program Files/Unity/Hub/Editor/6000.3.6f1/Editor/Data/Managed'
Mono path[1] = 'C:/Program Files/Unity/Hub/Editor/6000.3.6f1/Editor/Data/MonoBleedingEdge/lib/mono/unityjit-win32'
Mono config path = 'C:/Program Files/Unity/Hub/Editor/6000.3.6f1/Editor/Data/MonoBleedingEdge/etc'
Using monoOptions --debugger-agent=transport=dt_socket,embedding=1,server=y,suspend=n,address=127.0.0.1:56080
Begin MonoManager ReloadAssembly
Registering precompiled unity dll's ...
Register platform support module: C:/Program Files/Unity/Hub/Editor/6000.3.6f1/Editor/Data/PlaybackEngines/WebGLSupport/UnityEditor.WebGL.Extensions.dll
[Licensing::Module] Licensing is not yet initialized.
[Licensing::Client] Handshaking with LicensingClient:
  Version:                 1.17.4+4293ba1
  Session Id:              6e60b75ca5014f25b648c88975802b92
  Correlation Id:          8be8d5780d5ca8ca6a35962fc934bb24
  External correlation Id: 6099233096003872760
  Machine Id:              Du9is2DkLR7bDe9JONnBjenM6dY=
[Licensing::Module] Successfully connected to LicensingClient on channel: "LicenseClient-humai" (connect: 0.00s, validation: 0.00s, handshake: 5.87s)
[Licensing::IpcConnector] Successfully connected to: "LicenseClient-humai-notifications" at "2026-10-08T14:21:17.9342509Z"
[Licensing::Module] Licensing Background thread has ended after 5.88s
[Licensing::Module] Licensing is initialized (took 1.70s).
[Licensing::Client] Successfully resolved entitlement details
[Licensing::Module] License group:
  Id: 18968372494550-UnityPersXXXX
  Product: Unity Personal
  Type: Assigned
  Expiration: Unlimited
Register platform support module: C:/Program Files/Unity/Hub/Editor/6000.3.6f1/Editor/Data/PlaybackEngines/VisionOSPlayer/UnityEditor.VisionOS.Extensions.dll
Register platform support module: C:/Program Files/Unity/Hub/Editor/6000.3.6f1/Editor/Data/PlaybackEngines/WindowsStandaloneSupport/UnityEditor.WindowsStandalone.Extensions.dll
[Licensing::Client] Successfully resolved entitlement details
Register platform support module: C:/Program Files/Unity/Hub/Editor/6000.3.6f1/Editor/Data/PlaybackEngines/MetroSupport/UnityEditor.UWP.Extensions.dll
[Licensing::Client] Successfully resolved entitlement details
Register platform support module: C:/Program Files/Unity/Hub/Editor/6000.3.6f1/Editor/Data/PlaybackEngines/AndroidPlayer/UnityEditor.Android.Extensions.dll
Register platform support module: C:/Program Files/Unity/Hub/Editor/6000.3.6f1/Editor/Data/PlaybackEngines/iOSSupport/UnityEditor.iOS.Extensions.dll
Register platform support module: C:/Program Files/Unity/Hub/Editor/6000.3.6f1/Editor/Data/PlaybackEngines/AppleTVSupport/UnityEditor.AppleTV.Extensions.dll
Register platform support module: C:/Program Files/Unity/Hub/Editor/6000.3.6f1/Editor/Data/PlaybackEngines/LinuxStandaloneSupport/UnityEditor.LinuxStandalone.Extensions.dll
Registered in 1.746549 seconds.
- Loaded All Assemblies, in  3.508 seconds
Native extension for LinuxStandalone target not found
[usbmuxd] Start listen thread
[usbmuxd] Listen thread started
Native extension for AppleTV target not found
[usbmuxd] Start listen thread
[usbmuxd] Listen thread started
Native extension for iOS target not found
Native extension for Android target not found
Android Extension - Scanning For ADB Devices 645 ms
Native extension for UWP target not found
Native extension for WindowsStandalone target not found
Failed to load: C:/Program Files/Unity/Hub/Editor/6000.3.6f1/Editor/Data/PlaybackEngines/VisionOSPlayer\x64\UnityEditor.VisionOS.Native.dll
Native extension for VisionOS target not found
Native extension for WebGL target not found
Package Manager log level set to [2]
[Package Manager] Failed to launch server process. Reason: Unity was launched with the -noUpm command-line argument
[Package Manager] Unable to send message (not connected to server process).
[Package Manager] Cannot connect to Unity Package Manager local server
ScheduleIndexationOnStartup MainProcess:False IndexOnStartup:True
Mono: successfully reloaded assembly
- Finished resetting the current domain, in  2.901 seconds
Domain Reload Profiling: 6390ms
	BeginReloadAssembly (941ms)
		ExecutionOrderSort (0ms)
		DisableScriptedObjects (0ms)
		BackupInstance (0ms)
		ReleaseScriptingObjects (0ms)
		CreateAndSetChildDomain (2ms)
	RebuildCommonClasses (110ms)
	RebuildNativeTypeToScriptingClass (42ms)
	initialDomainReloadingComplete (1909ms)
	LoadAllAssembliesAndSetupDomain (487ms)
		LoadAssemblies (427ms)
		RebuildTransferFunctionScriptingTraits (0ms)
		AnalyzeDomain (471ms)
			TypeCache.Refresh (467ms)
				TypeCache.ScanAssembly (437ms)
			BuildScriptInfoCaches (0ms)
			ResolveRequiredComponents (1ms)
	FinalizeReload (2902ms)
		ReleaseScriptCaches (0ms)
		RebuildScriptCaches (0ms)
		SetupLoadedEditorAssemblies (2748ms)
			LogAssemblyErrors (0ms)
			InitializePlatformSupportModulesInManaged (1099ms)
			SetLoadedEditorAssemblies (9ms)
			BeforeProcessingInitializeOnLoad (228ms)
			ProcessInitializeOnLoadAttributes (407ms)
			ProcessInitializeOnLoadMethodAttributes (1006ms)
			AfterProcessingInitializeOnLoad (0ms)
			EditorAssembliesLoaded (0ms)
		ExecutionOrderSort2 (0ms)
		AwakeInstancesAfterBackupRestoration (0ms)
Assembly reference Packages/com.unity.cinemachine/Editor/Samples/ExposeHDRPInternals/HDRP-Editor-ref.asmref has no target assembly definition
========================================================================
Worker process is ready to serve import requests
Import Worker Mode flag is 0x00
Assembly reference Packages/com.unity.cinemachine/Editor/Samples/ExposeHDRPInternals/HDRP-Editor-ref.asmref has no target assembly definition
Assembly reference Packages/com.unity.cinemachine/Editor/Samples/ExposeHDRPInternals/HDRP-Editor-ref.asmref has no target assembly definition
Begin MonoManager ReloadAssembly
[Licensing::Client] Successfully resolved entitlement details
Symbol file LoadedFromMemory is not a mono symbol file
Symbol file LoadedFromMemory is not a mono symbol file
- Loaded All Assemblies, in  3.762 seconds
Assembly reference Packages/com.unity.cinemachine/Editor/Samples/ExposeHDRPInternals/HDRP-Editor-ref.asmref has no target assembly definition
'Packages/com.unity.cinemachine/Editor/Obsolete/CinemachineVirtualCameraBaseEditor.cs' contains partial class of Unity.Object, exactly 1 of the partial classes needs to be in a file with the same filename. This is to know the one that can be referenced from ie. GameObjects
'Packages/com.unity.cinemachine/Editor/Editors/CinemachineVirtualCameraBaseEditor.cs' contains partial class of Unity.Object, exactly 1 of the partial classes needs to be in a file with the same filename. This is to know the one that can be referenced from ie. GameObjects
Refreshing native plugins compatible for Editor in 7.68 ms, found 5 plugins.
Native extension for LinuxStandalone target not found
Native extension for AppleTV target not found
Native extension for iOS target not found
Native extension for Android target not found
Native extension for UWP target not found
Native extension for WindowsStandalone target not found
Failed to load: C:/Program Files/Unity/Hub/Editor/6000.3.6f1/Editor/Data/PlaybackEngines/VisionOSPlayer\x64\UnityEditor.VisionOS.Native.dll
Native extension for VisionOS target not found
Native extension for WebGL target not found
Assembly reference Packages/com.unity.cinemachine/Editor/Samples/ExposeHDRPInternals/HDRP-Editor-ref.asmref has no target assembly definition
Refreshing native plugins compatible for Editor in 8.36 ms, found 5 plugins.
[Package Manager] Failed to launch server process. Reason: Unity was launched with the -noUpm command-line argument
[Package Manager] Unable to send message (not connected to server process).
[Package Manager] Cannot connect to Unity Package Manager local server
[Package Manager] Failed to launch server process. Reason: Unity was launched with the -noUpm command-line argument
[Package Manager] Unable to send message (not connected to server process).
[Package Manager] Cannot connect to Unity Package Manager local server
[Licensing::Client] Error: Code 404 while processing request (status: Found 0 entitlement groups and 0 free entitlements matching requested entitlement ids)
[Licensing::Client] Error: Code 404 while processing request (status: Found 0 entitlement groups and 0 free entitlements matching requested entitlement ids)
[Licensing::Client] Error: Code 404 while processing request (status: Found 0 entitlement groups and 0 free entitlements matching requested entitlement ids)
ScheduleIndexationOnStartup MainProcess:False IndexOnStartup:True
Mono: successfully reloaded assembly
- Finished resetting the current domain, in  5.797 seconds
Domain Reload Profiling: 9542ms
	BeginReloadAssembly (1061ms)
		ExecutionOrderSort (0ms)
		DisableScriptedObjects (22ms)
		BackupInstance (0ms)
		ReleaseScriptingObjects (0ms)
		CreateAndSetChildDomain (79ms)
	RebuildCommonClasses (103ms)
	RebuildNativeTypeToScriptingClass (37ms)
	initialDomainReloadingComplete (194ms)
	LoadAllAssembliesAndSetupDomain (2348ms)
		LoadAssemblies (1305ms)
		RebuildTransferFunctionScriptingTraits (0ms)
		AnalyzeDomain (1363ms)
			TypeCache.Refresh (1044ms)
				TypeCache.ScanAssembly (993ms)
			BuildScriptInfoCaches (274ms)
			ResolveRequiredComponents (33ms)
	FinalizeReload (5798ms)
		ReleaseScriptCaches (0ms)
		RebuildScriptCaches (0ms)
		SetupLoadedEditorAssemblies (5279ms)
			LogAssemblyErrors (0ms)
			InitializePlatformSupportModulesInManaged (96ms)
			SetLoadedEditorAssemblies (17ms)
			BeforeProcessingInitializeOnLoad (1131ms)
			ProcessInitializeOnLoadAttributes (3128ms)
			ProcessInitializeOnLoadMethodAttributes (867ms)
			AfterProcessingInitializeOnLoad (39ms)
			EditorAssembliesLoaded (1ms)
		ExecutionOrderSort2 (0ms)
		AwakeInstancesAfterBackupRestoration (21ms)
Launched and connected shader compiler UnityShaderCompiler.exe after 0.03 seconds
Refreshing native plugins compatible for Editor in 7.80 ms, found 5 plugins.
Preloading 1 native plugins for Editor in 0.16 ms.
Unloading 60 Unused Serialized files (Serialized files now loaded: 0)
Unloading 11013 unused Assets / (21.1 MB). Loaded Objects now: 11887.
Memory consumption went from 243.6 MB to 222.6 MB.
Total: 56.325100 ms (FindLiveObjects: 2.035900 ms CreateObjectMapping: 1.764700 ms MarkObjects: 36.748200 ms  DeleteObjects: 15.774000 ms)

========================================================================
Received Prepare
Assembly reference Packages/com.unity.cinemachine/Editor/Samples/ExposeHDRPInternals/HDRP-Editor-ref.asmref has no target assembly definition
Assembly reference Packages/com.unity.cinemachine/Editor/Samples/ExposeHDRPInternals/HDRP-Editor-ref.asmref has no target assembly definition
Begin MonoManager ReloadAssembly
[Licensing::Client] Successfully resolved entitlement details
Symbol file LoadedFromMemory is not a mono symbol file
Symbol file LoadedFromMemory is not a mono symbol file
- Loaded All Assemblies, in  1.450 seconds
Assembly reference Packages/com.unity.cinemachine/Editor/Samples/ExposeHDRPInternals/HDRP-Editor-ref.asmref has no target assembly definition
'Packages/com.unity.cinemachine/Editor/Obsolete/CinemachineVirtualCameraBaseEditor.cs' contains partial class of Unity.Object, exactly 1 of the partial classes needs to be in a file with the same filename. This is to know the one that can be referenced from ie. GameObjects
'Packages/com.unity.cinemachine/Editor/Editors/CinemachineVirtualCameraBaseEditor.cs' contains partial class of Unity.Object, exactly 1 of the partial classes needs to be in a file with the same filename. This is to know the one that can be referenced from ie. GameObjects
Refreshing native plugins compatible for Editor in 2.72 ms, found 5 plugins.
Native extension for LinuxStandalone target not found
Native extension for AppleTV target not found
Native extension for iOS target not found
Native extension for Android target not found
Native extension for UWP target not found
Native extension for WindowsStandalone target not found
Failed to load: C:/Program Files/Unity/Hub/Editor/6000.3.6f1/Editor/Data/PlaybackEngines/VisionOSPlayer\x64\UnityEditor.VisionOS.Native.dll
Native extension for VisionOS target not found
Native extension for WebGL target not found
Assembly reference Packages/com.unity.cinemachine/Editor/Samples/ExposeHDRPInternals/HDRP-Editor-ref.asmref has no target assembly definition
Refreshing native plugins compatible for Editor in 3.82 ms, found 5 plugins.
[Package Manager] Failed to launch server process. Reason: Unity was launched with the -noUpm command-line argument
[Package Manager] Unable to send message (not connected to server process).
[Package Manager] Cannot connect to Unity Package Manager local server
[Package Manager] Failed to launch server process. Reason: Unity was launched with the -noUpm command-line argument
[Package Manager] Unable to send message (not connected to server process).
[Package Manager] Cannot connect to Unity Package Manager local server
[Licensing::Client] Error: Code 404 while processing request (status: Found 0 entitlement groups and 0 free entitlements matching requested entitlement ids)
[Licensing::Client] Error: Code 404 while processing request (status: Found 0 entitlement groups and 0 free entitlements matching requested entitlement ids)
[Licensing::Client] Error: Code 404 while processing request (status: Found 0 entitlement groups and 0 free entitlements matching requested entitlement ids)
ScheduleIndexationOnStartup MainProcess:False IndexOnStartup:True
Mono: successfully reloaded assembly
- Finished resetting the current domain, in  2.915 seconds
Domain Reload Profiling: 4367ms
	BeginReloadAssembly (330ms)
		ExecutionOrderSort (0ms)
		DisableScriptedObjects (19ms)
		BackupInstance (0ms)
		ReleaseScriptingObjects (0ms)
		CreateAndSetChildDomain (113ms)
	RebuildCommonClasses (41ms)
	RebuildNativeTypeToScriptingClass (15ms)
	initialDomainReloadingComplete (75ms)
	LoadAllAssembliesAndSetupDomain (990ms)
		LoadAssemblies (611ms)
		RebuildTransferFunctionScriptingTraits (0ms)
		AnalyzeDomain (499ms)
			TypeCache.Refresh (12ms)
				TypeCache.ScanAssembly (0ms)
			BuildScriptInfoCaches (459ms)
			ResolveRequiredComponents (21ms)
	FinalizeReload (2915ms)
		ReleaseScriptCaches (0ms)
		RebuildScriptCaches (0ms)
		SetupLoadedEditorAssemblies (2649ms)
			LogAssemblyErrors (0ms)
			InitializePlatformSupportModulesInManaged (40ms)
			SetLoadedEditorAssemblies (9ms)
			BeforeProcessingInitializeOnLoad (308ms)
			ProcessInitializeOnLoadAttributes (1689ms)
			ProcessInitializeOnLoadMethodAttributes (586ms)
			AfterProcessingInitializeOnLoad (15ms)
			EditorAssembliesLoaded (1ms)
		ExecutionOrderSort2 (0ms)
		AwakeInstancesAfterBackupRestoration (24ms)
Refreshing native plugins compatible for Editor in 3.36 ms, found 5 plugins.
Preloading 1 native plugins for Editor in 0.08 ms.
Unloading 60 Unused Serialized files (Serialized files now loaded: 0)
Unloading 11011 unused Assets / (20.2 MB). Loaded Objects now: 11891.
Memory consumption went from 241.9 MB to 221.7 MB.
Total: 42.188000 ms (FindLiveObjects: 1.896900 ms CreateObjectMapping: 2.087100 ms MarkObjects: 26.192700 ms  DeleteObjects: 12.009200 ms)

Prepare: number of updated asset objects reloaded= 0
========================================================================
Received Prepare
Assembly reference Packages/com.unity.cinemachine/Editor/Samples/ExposeHDRPInternals/HDRP-Editor-ref.asmref has no target assembly definition
Assembly reference Packages/com.unity.cinemachine/Editor/Samples/ExposeHDRPInternals/HDRP-Editor-ref.asmref has no target assembly definition
Begin MonoManager ReloadAssembly
[Licensing::Client] Successfully resolved entitlement details
Symbol file LoadedFromMemory is not a mono symbol file
Symbol file LoadedFromMemory is not a mono symbol file
- Loaded All Assemblies, in  1.716 seconds
Assembly reference Packages/com.unity.cinemachine/Editor/Samples/ExposeHDRPInternals/HDRP-Editor-ref.asmref has no target assembly definition
'Packages/com.unity.cinemachine/Editor/Obsolete/CinemachineVirtualCameraBaseEditor.cs' contains partial class of Unity.Object, exactly 1 of the partial classes needs to be in a file with the same filename. This is to know the one that can be referenced from ie. GameObjects
'Packages/com.unity.cinemachine/Editor/Editors/CinemachineVirtualCameraBaseEditor.cs' contains partial class of Unity.Object, exactly 1 of the partial classes needs to be in a file with the same filename. This is to know the one that can be referenced from ie. GameObjects
Refreshing native plugins compatible for Editor in 4.42 ms, found 5 plugins.
Native extension for LinuxStandalone target not found
Native extension for AppleTV target not found
Native extension for iOS target not found
Native extension for Android target not found
Native extension for UWP target not found
Native extension for WindowsStandalone target not found
Failed to load: C:/Program Files/Unity/Hub/Editor/6000.3.6f1/Editor/Data/PlaybackEngines/VisionOSPlayer\x64\UnityEditor.VisionOS.Native.dll
Native extension for VisionOS target not found
Native extension for WebGL target not found
Assembly reference Packages/com.unity.cinemachine/Editor/Samples/ExposeHDRPInternals/HDRP-Editor-ref.asmref has no target assembly definition
Refreshing native plugins compatible for Editor in 3.98 ms, found 5 plugins.
[Package Manager] Failed to launch server process. Reason: Unity was launched with the -noUpm command-line argument
[Package Manager] Unable to send message (not connected to server process).
[Package Manager] Cannot connect to Unity Package Manager local server
[Package Manager] Failed to launch server process. Reason: Unity was launched with the -noUpm command-line argument
[Package Manager] Unable to send message (not connected to server process).
[Package Manager] Cannot connect to Unity Package Manager local server
[Licensing::Client] Error: Code 404 while processing request (status: Found 0 entitlement groups and 0 free entitlements matching requested entitlement ids)
[Licensing::Client] Error: Code 404 while processing request (status: Found 0 entitlement groups and 0 free entitlements matching requested entitlement ids)
[Licensing::Client] Error: Code 404 while processing request (status: Found 0 entitlement groups and 0 free entitlements matching requested entitlement ids)
ScheduleIndexationOnStartup MainProcess:False IndexOnStartup:True
Mono: successfully reloaded assembly
- Finished resetting the current domain, in  2.781 seconds
Domain Reload Profiling: 4495ms
	BeginReloadAssembly (421ms)
		ExecutionOrderSort (0ms)
		DisableScriptedObjects (23ms)
		BackupInstance (0ms)
		ReleaseScriptingObjects (0ms)
		CreateAndSetChildDomain (138ms)
	RebuildCommonClasses (62ms)
	RebuildNativeTypeToScriptingClass (31ms)
	initialDomainReloadingComplete (115ms)
	LoadAllAssembliesAndSetupDomain (1086ms)
		LoadAssemblies (743ms)
		RebuildTransferFunctionScriptingTraits (0ms)
		AnalyzeDomain (512ms)
			TypeCache.Refresh (21ms)
				TypeCache.ScanAssembly (1ms)
			BuildScriptInfoCaches (467ms)
			ResolveRequiredComponents (17ms)
	FinalizeReload (2781ms)
		ReleaseScriptCaches (0ms)
		RebuildScriptCaches (0ms)
		SetupLoadedEditorAssemblies (2506ms)
			LogAssemblyErrors (0ms)
			InitializePlatformSupportModulesInManaged (50ms)
			SetLoadedEditorAssemblies (12ms)
			BeforeProcessingInitializeOnLoad (404ms)
			ProcessInitializeOnLoadAttributes (1465ms)
			ProcessInitializeOnLoadMethodAttributes (557ms)
			AfterProcessingInitializeOnLoad (17ms)
			EditorAssembliesLoaded (1ms)
		ExecutionOrderSort2 (0ms)
		AwakeInstancesAfterBackupRestoration (22ms)
Refreshing native plugins compatible for Editor in 3.65 ms, found 5 plugins.
Preloading 1 native plugins for Editor in 0.09 ms.
Unloading 60 Unused Serialized files (Serialized files now loaded: 0)
Unloading 11011 unused Assets / (21.7 MB). Loaded Objects now: 11894.
Memory consumption went from 241.9 MB to 220.2 MB.
Total: 39.880600 ms (FindLiveObjects: 1.910400 ms CreateObjectMapping: 3.126000 ms MarkObjects: 23.456900 ms  DeleteObjects: 11.384800 ms)

Prepare: number of updated asset objects reloaded= 0
========================================================================
Received Import Request.
  Time since last request: 94739.371621 seconds.
  path: Assets/Prefabs/Customers/Mr. Smith/Mr. Smith.prefab
  artifactKey: Guid(0eaf664c02473764c93dd4aa7966df75) Importer(815301076,1909f56bfc062723c751e8b465ee728b)
Start importing Assets/Prefabs/Customers/Mr. Smith/Mr. Smith.prefab using Guid(0eaf664c02473764c93dd4aa7966df75) Importer(815301076,1909f56bfc062723c751e8b465ee728b) (PreviewImporter) -> (artifact id: 'eb17169d44ea51c5b47dcf986f386ec3') in 0.5721986 seconds
Number of updated asset objects reloaded before import = 0Number of asset objects unloaded after import = 13

========================================================================
Received Prepare
Assembly reference Packages/com.unity.cinemachine/Editor/Samples/ExposeHDRPInternals/HDRP-Editor-ref.asmref has no target assembly definition
Assembly reference Packages/com.unity.cinemachine/Editor/Samples/ExposeHDRPInternals/HDRP-Editor-ref.asmref has no target assembly definition
Begin MonoManager ReloadAssembly
Symbol file LoadedFromMemory is not a mono symbol file
Symbol file LoadedFromMemory is not a mono symbol file
- Loaded All Assemblies, in  1.520 seconds
Assembly reference Packages/com.unity.cinemachine/Editor/Samples/ExposeHDRPInternals/HDRP-Editor-ref.asmref has no target assembly definition
'Packages/com.unity.cinemachine/Editor/Obsolete/CinemachineVirtualCameraBaseEditor.cs' contains partial class of Unity.Object, exactly 1 of the partial classes needs to be in a file with the same filename. This is to know the one that can be referenced from ie. GameObjects
'Packages/com.unity.cinemachine/Editor/Editors/CinemachineVirtualCameraBaseEditor.cs' contains partial class of Unity.Object, exactly 1 of the partial classes needs to be in a file with the same filename. This is to know the one that can be referenced from ie. GameObjects
Refreshing native plugins compatible for Editor in 2.96 ms, found 5 plugins.
Native extension for LinuxStandalone target not found
Native extension for AppleTV target not found
Native extension for iOS target not found
Native extension for Android target not found
Native extension for UWP target not found
Native extension for WindowsStandalone target not found
Failed to load: C:/Program Files/Unity/Hub/Editor/6000.3.6f1/Editor/Data/PlaybackEngines/VisionOSPlayer\x64\UnityEditor.VisionOS.Native.dll
Native extension for VisionOS target not found
Native extension for WebGL target not found
Assembly reference Packages/com.unity.cinemachine/Editor/Samples/ExposeHDRPInternals/HDRP-Editor-ref.asmref has no target assembly definition
Refreshing native plugins compatible for Editor in 4.67 ms, found 5 plugins.
[Package Manager] Failed to launch server process. Reason: Unity was launched with the -noUpm command-line argument
[Package Manager] Unable to send message (not connected to server process).
[Package Manager] Cannot connect to Unity Package Manager local server
[Package Manager] Failed to launch server process. Reason: Unity was launched with the -noUpm command-line argument
[Package Manager] Unable to send message (not connected to server process).
[Package Manager] Cannot connect to Unity Package Manager local server
[Licensing::Client] Error: Code 404 while processing request (status: Found 0 entitlement groups and 0 free entitlements matching requested entitlement ids)
[Licensing::Client] Error: Code 404 while processing request (status: Found 0 entitlement groups and 0 free entitlements matching requested entitlement ids)
[Licensing::Client] Error: Code 404 while processing request (status: Found 0 entitlement groups and 0 free entitlements matching requested entitlement ids)
ScheduleIndexationOnStartup MainProcess:False IndexOnStartup:True
Mono: successfully reloaded assembly
- Finished resetting the current domain, in  2.990 seconds
Domain Reload Profiling: 4514ms
	BeginReloadAssembly (377ms)
		ExecutionOrderSort (0ms)
		DisableScriptedObjects (36ms)
		BackupInstance (0ms)
		ReleaseScriptingObjects (0ms)
		CreateAndSetChildDomain (127ms)
	RebuildCommonClasses (48ms)
	RebuildNativeTypeToScriptingClass (17ms)
	initialDomainReloadingComplete (79ms)
	LoadAllAssembliesAndSetupDomain (1003ms)
		LoadAssemblies (601ms)
		RebuildTransferFunctionScriptingTraits (0ms)
		AnalyzeDomain (531ms)
			TypeCache.Refresh (10ms)
				TypeCache.ScanAssembly (0ms)
			BuildScriptInfoCaches (495ms)
			ResolveRequiredComponents (16ms)
	FinalizeReload (2990ms)
		ReleaseScriptCaches (0ms)
		RebuildScriptCaches (0ms)
		SetupLoadedEditorAssemblies (2723ms)
			LogAssemblyErrors (0ms)
			InitializePlatformSupportModulesInManaged (38ms)
			SetLoadedEditorAssemblies (10ms)
			BeforeProcessingInitializeOnLoad (343ms)
			ProcessInitializeOnLoadAttributes (1659ms)
			ProcessInitializeOnLoadMethodAttributes (655ms)
			AfterProcessingInitializeOnLoad (18ms)
			EditorAssembliesLoaded (1ms)
		ExecutionOrderSort2 (0ms)
		AwakeInstancesAfterBackupRestoration (30ms)
Refreshing native plugins compatible for Editor in 3.67 ms, found 5 plugins.
Preloading 1 native plugins for Editor in 0.07 ms.
Unloading 60 Unused Serialized files (Serialized files now loaded: 0)
Unloading 11011 unused Assets / (20.5 MB). Loaded Objects now: 11928.
Memory consumption went from 244.1 MB to 223.6 MB.
Total: 46.434700 ms (FindLiveObjects: 2.281400 ms CreateObjectMapping: 2.970800 ms MarkObjects: 27.403700 ms  DeleteObjects: 13.776700 ms)

Prepare: number of updated asset objects reloaded= 0
========================================================================
Received Prepare
Assembly reference Packages/com.unity.cinemachine/Editor/Samples/ExposeHDRPInternals/HDRP-Editor-ref.asmref has no target assembly definition
Assembly reference Packages/com.unity.cinemachine/Editor/Samples/ExposeHDRPInternals/HDRP-Editor-ref.asmref has no target assembly definition
Begin MonoManager ReloadAssembly
[Licensing::Client] Successfully resolved entitlement details
Symbol file LoadedFromMemory is not a mono symbol file
Symbol file LoadedFromMemory is not a mono symbol file
- Loaded All Assemblies, in  1.497 seconds
Assembly reference Packages/com.unity.cinemachine/Editor/Samples/ExposeHDRPInternals/HDRP-Editor-ref.asmref has no target assembly definition
'Packages/com.unity.cinemachine/Editor/Obsolete/CinemachineVirtualCameraBaseEditor.cs' contains partial class of Unity.Object, exactly 1 of the partial classes needs to be in a file with the same filename. This is to know the one that can be referenced from ie. GameObjects
'Packages/com.unity.cinemachine/Editor/Editors/CinemachineVirtualCameraBaseEditor.cs' contains partial class of Unity.Object, exactly 1 of the partial classes needs to be in a file with the same filename. This is to know the one that can be referenced from ie. GameObjects
Refreshing native plugins compatible for Editor in 4.14 ms, found 5 plugins.
Native extension for LinuxStandalone target not found
Native extension for AppleTV target not found
Native extension for iOS target not found
Native extension for Android target not found
Native extension for UWP target not found
Native extension for WindowsStandalone target not found
Failed to load: C:/Program Files/Unity/Hub/Editor/6000.3.6f1/Editor/Data/PlaybackEngines/VisionOSPlayer\x64\UnityEditor.VisionOS.Native.dll
Native extension for VisionOS target not found
Native extension for WebGL target not found
Assembly reference Packages/com.unity.cinemachine/Editor/Samples/ExposeHDRPInternals/HDRP-Editor-ref.asmref has no target assembly definition
Refreshing native plugins compatible for Editor in 6.84 ms, found 5 plugins.
[Package Manager] Failed to launch server process. Reason: Unity was launched with the -noUpm command-line argument
[Package Manager] Unable to send message (not connected to server process).
[Package Manager] Cannot connect to Unity Package Manager local server
[Package Manager] Failed to launch server process. Reason: Unity was launched with the -noUpm command-line argument
[Package Manager] Unable to send message (not connected to server process).
[Package Manager] Cannot connect to Unity Package Manager local server
[Licensing::Client] Error: Code 404 while processing request (status: Found 0 entitlement groups and 0 free entitlements matching requested entitlement ids)
[Licensing::Client] Error: Code 404 while processing request (status: Found 0 entitlement groups and 0 free entitlements matching requested entitlement ids)
[Licensing::Client] Error: Code 404 while processing request (status: Found 0 entitlement groups and 0 free entitlements matching requested entitlement ids)
ScheduleIndexationOnStartup MainProcess:False IndexOnStartup:True
Mono: successfully reloaded assembly
- Finished resetting the current domain, in  4.568 seconds
Domain Reload Profiling: 6061ms
	BeginReloadAssembly (348ms)
		ExecutionOrderSort (0ms)
		DisableScriptedObjects (23ms)
		BackupInstance (0ms)
		ReleaseScriptingObjects (0ms)
		CreateAndSetChildDomain (109ms)
	RebuildCommonClasses (45ms)
	RebuildNativeTypeToScriptingClass (16ms)
	initialDomainReloadingComplete (78ms)
	LoadAllAssembliesAndSetupDomain (1004ms)
		LoadAssemblies (657ms)
		RebuildTransferFunctionScriptingTraits (0ms)
		AnalyzeDomain (483ms)
			TypeCache.Refresh (12ms)
				TypeCache.ScanAssembly (0ms)
			BuildScriptInfoCaches (448ms)
			ResolveRequiredComponents (16ms)
	FinalizeReload (4569ms)
		ReleaseScriptCaches (0ms)
		RebuildScriptCaches (0ms)
		SetupLoadedEditorAssemblies (4142ms)
			LogAssemblyErrors (0ms)
			InitializePlatformSupportModulesInManaged (67ms)
			SetLoadedEditorAssemblies (15ms)
			BeforeProcessingInitializeOnLoad (503ms)
			ProcessInitializeOnLoadAttributes (2636ms)
			ProcessInitializeOnLoadMethodAttributes (887ms)
			AfterProcessingInitializeOnLoad (31ms)
			EditorAssembliesLoaded (2ms)
		ExecutionOrderSort2 (0ms)
		AwakeInstancesAfterBackupRestoration (40ms)
Refreshing native plugins compatible for Editor in 6.28 ms, found 5 plugins.
Preloading 1 native plugins for Editor in 0.09 ms.
Unloading 60 Unused Serialized files (Serialized files now loaded: 0)
Unloading 11011 unused Assets / (21.1 MB). Loaded Objects now: 11931.
Memory consumption went from 244.1 MB to 223.0 MB.
Total: 48.408200 ms (FindLiveObjects: 2.592700 ms CreateObjectMapping: 2.192900 ms MarkObjects: 31.516500 ms  DeleteObjects: 12.103100 ms)

Prepare: number of updated asset objects reloaded= 0
========================================================================
Received Prepare
Assembly reference Packages/com.unity.cinemachine/Editor/Samples/ExposeHDRPInternals/HDRP-Editor-ref.asmref has no target assembly definition
Assembly reference Packages/com.unity.cinemachine/Editor/Samples/ExposeHDRPInternals/HDRP-Editor-ref.asmref has no target assembly definition
Begin MonoManager ReloadAssembly
[Licensing::Client] Successfully resolved entitlement details
Symbol file LoadedFromMemory is not a mono symbol file
Symbol file LoadedFromMemory is not a mono symbol file
- Loaded All Assemblies, in  1.724 seconds
Assembly reference Packages/com.unity.cinemachine/Editor/Samples/ExposeHDRPInternals/HDRP-Editor-ref.asmref has no target assembly definition
'Packages/com.unity.cinemachine/Editor/Obsolete/CinemachineVirtualCameraBaseEditor.cs' contains partial class of Unity.Object, exactly 1 of the partial classes needs to be in a file with the same filename. This is to know the one that can be referenced from ie. GameObjects
'Packages/com.unity.cinemachine/Editor/Editors/CinemachineVirtualCameraBaseEditor.cs' contains partial class of Unity.Object, exactly 1 of the partial classes needs to be in a file with the same filename. This is to know the one that can be referenced from ie. GameObjects
Refreshing native plugins compatible for Editor in 3.04 ms, found 5 plugins.
Native extension for LinuxStandalone target not found
Native extension for AppleTV target not found
Native extension for iOS target not found
Native extension for Android target not found
Native extension for UWP target not found
Native extension for WindowsStandalone target not found
Failed to load: C:/Program Files/Unity/Hub/Editor/6000.3.6f1/Editor/Data/PlaybackEngines/VisionOSPlayer\x64\UnityEditor.VisionOS.Native.dll
Native extension for VisionOS target not found
Native extension for WebGL target not found
Assembly reference Packages/com.unity.cinemachine/Editor/Samples/ExposeHDRPInternals/HDRP-Editor-ref.asmref has no target assembly definition
Refreshing native plugins compatible for Editor in 4.99 ms, found 5 plugins.
[Package Manager] Failed to launch server process. Reason: Unity was launched with the -noUpm command-line argument
[Package Manager] Unable to send message (not connected to server process).
[Package Manager] Cannot connect to Unity Package Manager local server
[Package Manager] Failed to launch server process. Reason: Unity was launched with the -noUpm command-line argument
[Package Manager] Unable to send message (not connected to server process).
[Package Manager] Cannot connect to Unity Package Manager local server
[Licensing::Client] Error: Code 404 while processing request (status: Found 0 entitlement groups and 0 free entitlements matching requested entitlement ids)
[Licensing::Client] Error: Code 404 while processing request (status: Found 0 entitlement groups and 0 free entitlements matching requested entitlement ids)
[Licensing::Client] Error: Code 404 while processing request (status: Found 0 entitlement groups and 0 free entitlements matching requested entitlement ids)
ScheduleIndexationOnStartup MainProcess:False IndexOnStartup:True
Mono: successfully reloaded assembly
- Finished resetting the current domain, in  2.797 seconds
Domain Reload Profiling: 4520ms
	BeginReloadAssembly (448ms)
		ExecutionOrderSort (0ms)
		DisableScriptedObjects (24ms)
		BackupInstance (0ms)
		ReleaseScriptingObjects (0ms)
		CreateAndSetChildDomain (142ms)
	RebuildCommonClasses (66ms)
	RebuildNativeTypeToScriptingClass (21ms)
	initialDomainReloadingComplete (103ms)
	LoadAllAssembliesAndSetupDomain (1084ms)
		LoadAssemblies (741ms)
		RebuildTransferFunctionScriptingTraits (0ms)
		AnalyzeDomain (537ms)
			TypeCache.Refresh (21ms)
				TypeCache.ScanAssembly (1ms)
			BuildScriptInfoCaches (490ms)
			ResolveRequiredComponents (19ms)
	FinalizeReload (2797ms)
		ReleaseScriptCaches (0ms)
		RebuildScriptCaches (0ms)
		SetupLoadedEditorAssemblies (2543ms)
			LogAssemblyErrors (0ms)
			InitializePlatformSupportModulesInManaged (42ms)
			SetLoadedEditorAssemblies (11ms)
			BeforeProcessingInitializeOnLoad (386ms)
			ProcessInitializeOnLoadAttributes (1448ms)
			ProcessInitializeOnLoadMethodAttributes (638ms)
			AfterProcessingInitializeOnLoad (17ms)
			EditorAssembliesLoaded (1ms)
		ExecutionOrderSort2 (0ms)
		AwakeInstancesAfterBackupRestoration (22ms)
Refreshing native plugins compatible for Editor in 3.58 ms, found 5 plugins.
Preloading 1 native plugins for Editor in 0.08 ms.
Unloading 60 Unused Serialized files (Serialized files now loaded: 0)
Unloading 11011 unused Assets / (20.6 MB). Loaded Objects now: 11934.
Memory consumption went from 244.1 MB to 223.5 MB.
Total: 37.559600 ms (FindLiveObjects: 1.808300 ms CreateObjectMapping: 2.060300 ms MarkObjects: 23.901100 ms  DeleteObjects: 9.788200 ms)

Prepare: number of updated asset objects reloaded= 0
========================================================================
Received Prepare
Assembly reference Packages/com.unity.cinemachine/Editor/Samples/ExposeHDRPInternals/HDRP-Editor-ref.asmref has no target assembly definition
Assembly reference Packages/com.unity.cinemachine/Editor/Samples/ExposeHDRPInternals/HDRP-Editor-ref.asmref has no target assembly definition
Begin MonoManager ReloadAssembly
Symbol file LoadedFromMemory is not a mono symbol file
Symbol file LoadedFromMemory is not a mono symbol file
- Loaded All Assemblies, in  1.718 seconds
Assembly reference Packages/com.unity.cinemachine/Editor/Samples/ExposeHDRPInternals/HDRP-Editor-ref.asmref has no target assembly definition
'Packages/com.unity.cinemachine/Editor/Obsolete/CinemachineVirtualCameraBaseEditor.cs' contains partial class of Unity.Object, exactly 1 of the partial classes needs to be in a file with the same filename. This is to know the one that can be referenced from ie. GameObjects
'Packages/com.unity.cinemachine/Editor/Editors/CinemachineVirtualCameraBaseEditor.cs' contains partial class of Unity.Object, exactly 1 of the partial classes needs to be in a file with the same filename. This is to know the one that can be referenced from ie. GameObjects
Refreshing native plugins compatible for Editor in 3.59 ms, found 5 plugins.
Native extension for LinuxStandalone target not found
Native extension for AppleTV target not found
Native extension for iOS target not found
Native extension for Android target not found
Native extension for UWP target not found
Native extension for WindowsStandalone target not found
Failed to load: C:/Program Files/Unity/Hub/Editor/6000.3.6f1/Editor/Data/PlaybackEngines/VisionOSPlayer\x64\UnityEditor.VisionOS.Native.dll
Native extension for VisionOS target not found
Native extension for WebGL target not found
Assembly reference Packages/com.unity.cinemachine/Editor/Samples/ExposeHDRPInternals/HDRP-Editor-ref.asmref has no target assembly definition
Refreshing native plugins compatible for Editor in 4.08 ms, found 5 plugins.
[Package Manager] Failed to launch server process. Reason: Unity was launched with the -noUpm command-line argument
[Package Manager] Unable to send message (not connected to server process).
[Package Manager] Cannot connect to Unity Package Manager local server
[Package Manager] Failed to launch server process. Reason: Unity was launched with the -noUpm command-line argument
[Package Manager] Unable to send message (not connected to server process).
[Package Manager] Cannot connect to Unity Package Manager local server
[Licensing::Client] Error: Code 404 while processing request (status: Found 0 entitlement groups and 0 free entitlements matching requested entitlement ids)
[Licensing::Client] Error: Code 404 while processing request (status: Found 0 entitlement groups and 0 free entitlements matching requested entitlement ids)
[Licensing::Client] Error: Code 404 while processing request (status: Found 0 entitlement groups and 0 free entitlements matching requested entitlement ids)
ScheduleIndexationOnStartup MainProcess:False IndexOnStartup:True
Mono: successfully reloaded assembly
- Finished resetting the current domain, in  3.351 seconds
Domain Reload Profiling: 5067ms
	BeginReloadAssembly (363ms)
		ExecutionOrderSort (0ms)
		DisableScriptedObjects (21ms)
		BackupInstance (0ms)
		ReleaseScriptingObjects (0ms)
		CreateAndSetChildDomain (106ms)
	RebuildCommonClasses (61ms)
	RebuildNativeTypeToScriptingClass (23ms)
	initialDomainReloadingComplete (99ms)
	LoadAllAssembliesAndSetupDomain (1169ms)
		LoadAssemblies (754ms)
		RebuildTransferFunctionScriptingTraits (0ms)
		AnalyzeDomain (573ms)
			TypeCache.Refresh (13ms)
				TypeCache.ScanAssembly (0ms)
			BuildScriptInfoCaches (535ms)
			ResolveRequiredComponents (18ms)
	FinalizeReload (3352ms)
		ReleaseScriptCaches (0ms)
		RebuildScriptCaches (0ms)
		SetupLoadedEditorAssemblies (3038ms)
			LogAssemblyErrors (0ms)
			InitializePlatformSupportModulesInManaged (51ms)
			SetLoadedEditorAssemblies (12ms)
			BeforeProcessingInitializeOnLoad (423ms)
			ProcessInitializeOnLoadAttributes (1787ms)
			ProcessInitializeOnLoadMethodAttributes (743ms)
			AfterProcessingInitializeOnLoad (21ms)
			EditorAssembliesLoaded (1ms)
		ExecutionOrderSort2 (0ms)
		AwakeInstancesAfterBackupRestoration (29ms)
Refreshing native plugins compatible for Editor in 3.96 ms, found 5 plugins.
Preloading 1 native plugins for Editor in 0.08 ms.
Unloading 60 Unused Serialized files (Serialized files now loaded: 0)
Unloading 11011 unused Assets / (20.3 MB). Loaded Objects now: 11937.
Memory consumption went from 244.1 MB to 223.8 MB.
Total: 42.369000 ms (FindLiveObjects: 2.027500 ms CreateObjectMapping: 2.210100 ms MarkObjects: 27.812800 ms  DeleteObjects: 10.316600 ms)

Prepare: number of updated asset objects reloaded= 0
========================================================================
Received Prepare
Assembly reference Packages/com.unity.cinemachine/Editor/Samples/ExposeHDRPInternals/HDRP-Editor-ref.asmref has no target assembly definition
Assembly reference Packages/com.unity.cinemachine/Editor/Samples/ExposeHDRPInternals/HDRP-Editor-ref.asmref has no target assembly definition
Begin MonoManager ReloadAssembly
[Licensing::Client] Successfully resolved entitlement details
Symbol file LoadedFromMemory is not a mono symbol file
Symbol file LoadedFromMemory is not a mono symbol file
- Loaded All Assemblies, in  1.767 seconds
Assembly reference Packages/com.unity.cinemachine/Editor/Samples/ExposeHDRPInternals/HDRP-Editor-ref.asmref has no target assembly definition
'Packages/com.unity.cinemachine/Editor/Obsolete/CinemachineVirtualCameraBaseEditor.cs' contains partial class of Unity.Object, exactly 1 of the partial classes needs to be in a file with the same filename. This is to know the one that can be referenced from ie. GameObjects
'Packages/com.unity.cinemachine/Editor/Editors/CinemachineVirtualCameraBaseEditor.cs' contains partial class of Unity.Object, exactly 1 of the partial classes needs to be in a file with the same filename. This is to know the one that can be referenced from ie. GameObjects
Refreshing native plugins compatible for Editor in 3.56 ms, found 5 plugins.
Native extension for LinuxStandalone target not found
Native extension for AppleTV target not found
Native extension for iOS target not found
Native extension for Android target not found
Native extension for UWP target not found
Native extension for WindowsStandalone target not found
Failed to load: C:/Program Files/Unity/Hub/Editor/6000.3.6f1/Editor/Data/PlaybackEngines/VisionOSPlayer\x64\UnityEditor.VisionOS.Native.dll
Native extension for VisionOS target not found
Native extension for WebGL target not found
Assembly reference Packages/com.unity.cinemachine/Editor/Samples/ExposeHDRPInternals/HDRP-Editor-ref.asmref has no target assembly definition
Refreshing native plugins compatible for Editor in 4.67 ms, found 5 plugins.
[Package Manager] Failed to launch server process. Reason: Unity was launched with the -noUpm command-line argument
[Package Manager] Unable to send message (not connected to server process).
[Package Manager] Cannot connect to Unity Package Manager local server
[Package Manager] Failed to launch server process. Reason: Unity was launched with the -noUpm command-line argument
[Package Manager] Unable to send message (not connected to server process).
[Package Manager] Cannot connect to Unity Package Manager local server
[Licensing::Client] Error: Code 404 while processing request (status: Found 0 entitlement groups and 0 free entitlements matching requested entitlement ids)
[Licensing::Client] Error: Code 404 while processing request (status: Found 0 entitlement groups and 0 free entitlements matching requested entitlement ids)
[Licensing::Client] Error: Code 404 while processing request (status: Found 0 entitlement groups and 0 free entitlements matching requested entitlement ids)
ScheduleIndexationOnStartup MainProcess:False IndexOnStartup:True
Mono: successfully reloaded assembly
- Finished resetting the current domain, in  3.296 seconds
Domain Reload Profiling: 5056ms
	BeginReloadAssembly (452ms)
		ExecutionOrderSort (0ms)
		DisableScriptedObjects (21ms)
		BackupInstance (0ms)
		ReleaseScriptingObjects (0ms)
		CreateAndSetChildDomain (157ms)
	RebuildCommonClasses (55ms)
	RebuildNativeTypeToScriptingClass (20ms)
	initialDomainReloadingComplete (100ms)
	LoadAllAssembliesAndSetupDomain (1134ms)
		LoadAssemblies (785ms)
		RebuildTransferFunctionScriptingTraits (0ms)
		AnalyzeDomain (541ms)
			TypeCache.Refresh (13ms)
				TypeCache.ScanAssembly (0ms)
			BuildScriptInfoCaches (505ms)
			ResolveRequiredComponents (16ms)
	FinalizeReload (3297ms)
		ReleaseScriptCaches (0ms)
		RebuildScriptCaches (0ms)
		SetupLoadedEditorAssemblies (2988ms)
			LogAssemblyErrors (0ms)
			InitializePlatformSupportModulesInManaged (47ms)
			SetLoadedEditorAssemblies (6ms)
			BeforeProcessingInitializeOnLoad (401ms)
			ProcessInitializeOnLoadAttributes (1746ms)
			ProcessInitializeOnLoadMethodAttributes (766ms)
			AfterProcessingInitializeOnLoad (20ms)
			EditorAssembliesLoaded (1ms)
		ExecutionOrderSort2 (0ms)
		AwakeInstancesAfterBackupRestoration (31ms)
Refreshing native plugins compatible for Editor in 4.18 ms, found 5 plugins.
Preloading 1 native plugins for Editor in 0.10 ms.
Unloading 60 Unused Serialized files (Serialized files now loaded: 0)
Unloading 11011 unused Assets / (20.6 MB). Loaded Objects now: 11940.
Memory consumption went from 244.1 MB to 223.6 MB.
Total: 41.323100 ms (FindLiveObjects: 2.584100 ms CreateObjectMapping: 2.610800 ms MarkObjects: 25.810100 ms  DeleteObjects: 10.315300 ms)

Prepare: number of updated asset objects reloaded= 0
========================================================================
Received Prepare
Assembly reference Packages/com.unity.cinemachine/Editor/Samples/ExposeHDRPInternals/HDRP-Editor-ref.asmref has no target assembly definition
Assembly reference Packages/com.unity.cinemachine/Editor/Samples/ExposeHDRPInternals/HDRP-Editor-ref.asmref has no target assembly definition
Begin MonoManager ReloadAssembly
Symbol file LoadedFromMemory is not a mono symbol file
Symbol file LoadedFromMemory is not a mono symbol file
- Loaded All Assemblies, in  2.025 seconds
Assembly reference Packages/com.unity.cinemachine/Editor/Samples/ExposeHDRPInternals/HDRP-Editor-ref.asmref has no target assembly definition
'Packages/com.unity.cinemachine/Editor/Obsolete/CinemachineVirtualCameraBaseEditor.cs' contains partial class of Unity.Object, exactly 1 of the partial classes needs to be in a file with the same filename. This is to know the one that can be referenced from ie. GameObjects
'Packages/com.unity.cinemachine/Editor/Editors/CinemachineVirtualCameraBaseEditor.cs' contains partial class of Unity.Object, exactly 1 of the partial classes needs to be in a file with the same filename. This is to know the one that can be referenced from ie. GameObjects
Refreshing native plugins compatible for Editor in 2.86 ms, found 5 plugins.
Native extension for LinuxStandalone target not found
Native extension for AppleTV target not found
Native extension for iOS target not found
Native extension for Android target not found
Native extension for UWP target not found
Native extension for WindowsStandalone target not found
Failed to load: C:/Program Files/Unity/Hub/Editor/6000.3.6f1/Editor/Data/PlaybackEngines/VisionOSPlayer\x64\UnityEditor.VisionOS.Native.dll
Native extension for VisionOS target not found
Native extension for WebGL target not found
Assembly reference Packages/com.unity.cinemachine/Editor/Samples/ExposeHDRPInternals/HDRP-Editor-ref.asmref has no target assembly definition
Refreshing native plugins compatible for Editor in 3.21 ms, found 5 plugins.
[Package Manager] Failed to launch server process. Reason: Unity was launched with the -noUpm command-line argument
[Package Manager] Unable to send message (not connected to server process).
[Package Manager] Cannot connect to Unity Package Manager local server
[Package Manager] Failed to launch server process. Reason: Unity was launched with the -noUpm command-line argument
[Package Manager] Unable to send message (not connected to server process).
[Package Manager] Cannot connect to Unity Package Manager local server
[Licensing::Client] Error: Code 404 while processing request (status: Found 0 entitlement groups and 0 free entitlements matching requested entitlement ids)
[Licensing::Client] Error: Code 404 while processing request (status: Found 0 entitlement groups and 0 free entitlements matching requested entitlement ids)
[Licensing::Client] Error: Code 404 while processing request (status: Found 0 entitlement groups and 0 free entitlements matching requested entitlement ids)
ScheduleIndexationOnStartup MainProcess:False IndexOnStartup:True
Mono: successfully reloaded assembly
- Finished resetting the current domain, in  2.561 seconds
Domain Reload Profiling: 4580ms
	BeginReloadAssembly (413ms)
		ExecutionOrderSort (0ms)
		DisableScriptedObjects (25ms)
		BackupInstance (0ms)
		ReleaseScriptingObjects (0ms)
		CreateAndSetChildDomain (128ms)
	RebuildCommonClasses (60ms)
	RebuildNativeTypeToScriptingClass (20ms)
	initialDomainReloadingComplete (120ms)
	LoadAllAssembliesAndSetupDomain (1404ms)
		LoadAssemblies (951ms)
		RebuildTransferFunctionScriptingTraits (0ms)
		AnalyzeDomain (621ms)
			TypeCache.Refresh (28ms)
				TypeCache.ScanAssembly (2ms)
			BuildScriptInfoCaches (569ms)
			ResolveRequiredComponents (17ms)
	FinalizeReload (2562ms)
		ReleaseScriptCaches (0ms)
		RebuildScriptCaches (0ms)
		SetupLoadedEditorAssemblies (2300ms)
			LogAssemblyErrors (0ms)
			InitializePlatformSupportModulesInManaged (40ms)
			SetLoadedEditorAssemblies (10ms)
			BeforeProcessingInitializeOnLoad (348ms)
			ProcessInitializeOnLoadAttributes (1328ms)
			ProcessInitializeOnLoadMethodAttributes (556ms)
			AfterProcessingInitializeOnLoad (17ms)
			EditorAssembliesLoaded (1ms)
		ExecutionOrderSort2 (0ms)
		AwakeInstancesAfterBackupRestoration (21ms)
Refreshing native plugins compatible for Editor in 3.96 ms, found 5 plugins.
Preloading 1 native plugins for Editor in 0.09 ms.
Unloading 60 Unused Serialized files (Serialized files now loaded: 0)
Unloading 11011 unused Assets / (21.2 MB). Loaded Objects now: 11943.
Memory consumption went from 244.2 MB to 223.0 MB.
Total: 42.196300 ms (FindLiveObjects: 1.675400 ms CreateObjectMapping: 2.149200 ms MarkObjects: 26.675700 ms  DeleteObjects: 11.694100 ms)

Prepare: number of updated asset objects reloaded= 0
========================================================================
Received Prepare
Assembly reference Packages/com.unity.cinemachine/Editor/Samples/ExposeHDRPInternals/HDRP-Editor-ref.asmref has no target assembly definition
Assembly reference Packages/com.unity.cinemachine/Editor/Samples/ExposeHDRPInternals/HDRP-Editor-ref.asmref has no target assembly definition
Begin MonoManager ReloadAssembly
[Licensing::Client] Successfully resolved entitlement details
Symbol file LoadedFromMemory is not a mono symbol file
Symbol file LoadedFromMemory is not a mono symbol file
- Loaded All Assemblies, in  1.727 seconds
Assembly reference Packages/com.unity.cinemachine/Editor/Samples/ExposeHDRPInternals/HDRP-Editor-ref.asmref has no target assembly definition
'Packages/com.unity.cinemachine/Editor/Obsolete/CinemachineVirtualCameraBaseEditor.cs' contains partial class of Unity.Object, exactly 1 of the partial classes needs to be in a file with the same filename. This is to know the one that can be referenced from ie. GameObjects
'Packages/com.unity.cinemachine/Editor/Editors/CinemachineVirtualCameraBaseEditor.cs' contains partial class of Unity.Object, exactly 1 of the partial classes needs to be in a file with the same filename. This is to know the one that can be referenced from ie. GameObjects
Refreshing native plugins compatible for Editor in 3.61 ms, found 5 plugins.
Native extension for LinuxStandalone target not found
Native extension for AppleTV target not found
Native extension for iOS target not found
Native extension for Android target not found
Native extension for UWP target not found
Native extension for WindowsStandalone target not found
Failed to load: C:/Program Files/Unity/Hub/Editor/6000.3.6f1/Editor/Data/PlaybackEngines/VisionOSPlayer\x64\UnityEditor.VisionOS.Native.dll
Native extension for VisionOS target not found
Native extension for WebGL target not found
Assembly reference Packages/com.unity.cinemachine/Editor/Samples/ExposeHDRPInternals/HDRP-Editor-ref.asmref has no target assembly definition
Refreshing native plugins compatible for Editor in 4.02 ms, found 5 plugins.
[Package Manager] Failed to launch server process. Reason: Unity was launched with the -noUpm command-line argument
[Package Manager] Unable to send message (not connected to server process).
[Package Manager] Cannot connect to Unity Package Manager local server
[Package Manager] Failed to launch server process. Reason: Unity was launched with the -noUpm command-line argument
[Package Manager] Unable to send message (not connected to server process).
[Package Manager] Cannot connect to Unity Package Manager local server
[Licensing::Client] Error: Code 404 while processing request (status: Found 0 entitlement groups and 0 free entitlements matching requested entitlement ids)
[Licensing::Client] Error: Code 404 while processing request (status: Found 0 entitlement groups and 0 free entitlements matching requested entitlement ids)
[Licensing::Client] Error: Code 404 while processing request (status: Found 0 entitlement groups and 0 free entitlements matching requested entitlement ids)
ScheduleIndexationOnStartup MainProcess:False IndexOnStartup:True
Mono: successfully reloaded assembly
- Finished resetting the current domain, in  3.203 seconds
Domain Reload Profiling: 4929ms
	BeginReloadAssembly (403ms)
		ExecutionOrderSort (0ms)
		DisableScriptedObjects (28ms)
		BackupInstance (0ms)
		ReleaseScriptingObjects (0ms)
		CreateAndSetChildDomain (134ms)
	RebuildCommonClasses (57ms)
	RebuildNativeTypeToScriptingClass (17ms)
	initialDomainReloadingComplete (95ms)
	LoadAllAssembliesAndSetupDomain (1153ms)
		LoadAssemblies (732ms)
		RebuildTransferFunctionScriptingTraits (0ms)
		AnalyzeDomain (572ms)
			TypeCache.Refresh (13ms)
				TypeCache.ScanAssembly (0ms)
			BuildScriptInfoCaches (534ms)
			ResolveRequiredComponents (18ms)
	FinalizeReload (3204ms)
		ReleaseScriptCaches (0ms)
		RebuildScriptCaches (0ms)
		SetupLoadedEditorAssemblies (2927ms)
			LogAssemblyErrors (0ms)
			InitializePlatformSupportModulesInManaged (47ms)
			SetLoadedEditorAssemblies (10ms)
			BeforeProcessingInitializeOnLoad (369ms)
			ProcessInitializeOnLoadAttributes (1714ms)
			ProcessInitializeOnLoadMethodAttributes (766ms)
			AfterProcessingInitializeOnLoad (20ms)
			EditorAssembliesLoaded (1ms)
		ExecutionOrderSort2 (0ms)
		AwakeInstancesAfterBackupRestoration (26ms)
Refreshing native plugins compatible for Editor in 5.06 ms, found 5 plugins.
Preloading 1 native plugins for Editor in 0.15 ms.
Unloading 60 Unused Serialized files (Serialized files now loaded: 0)
Unloading 11011 unused Assets / (21.8 MB). Loaded Objects now: 11946.
Memory consumption went from 244.2 MB to 222.4 MB.
Total: 50.879700 ms (FindLiveObjects: 2.153800 ms CreateObjectMapping: 2.669200 ms MarkObjects: 30.578200 ms  DeleteObjects: 15.475800 ms)

Prepare: number of updated asset objects reloaded= 0
========================================================================
Received Prepare
Assembly reference Packages/com.unity.cinemachine/Editor/Samples/ExposeHDRPInternals/HDRP-Editor-ref.asmref has no target assembly definition
Assembly reference Packages/com.unity.cinemachine/Editor/Samples/ExposeHDRPInternals/HDRP-Editor-ref.asmref has no target assembly definition
Begin MonoManager ReloadAssembly
[Licensing::Client] Successfully resolved entitlement details
Symbol file LoadedFromMemory is not a mono symbol file
Symbol file LoadedFromMemory is not a mono symbol file
- Loaded All Assemblies, in  1.582 seconds
Assembly reference Packages/com.unity.cinemachine/Editor/Samples/ExposeHDRPInternals/HDRP-Editor-ref.asmref has no target assembly definition
'Packages/com.unity.cinemachine/Editor/Obsolete/CinemachineVirtualCameraBaseEditor.cs' contains partial class of Unity.Object, exactly 1 of the partial classes needs to be in a file with the same filename. This is to know the one that can be referenced from ie. GameObjects
'Packages/com.unity.cinemachine/Editor/Editors/CinemachineVirtualCameraBaseEditor.cs' contains partial class of Unity.Object, exactly 1 of the partial classes needs to be in a file with the same filename. This is to know the one that can be referenced from ie. GameObjects
Refreshing native plugins compatible for Editor in 3.89 ms, found 5 plugins.
Native extension for LinuxStandalone target not found
Native extension for AppleTV target not found
Native extension for iOS target not found
Native extension for Android target not found
Native extension for UWP target not found
Native extension for WindowsStandalone target not found
Failed to load: C:/Program Files/Unity/Hub/Editor/6000.3.6f1/Editor/Data/PlaybackEngines/VisionOSPlayer\x64\UnityEditor.VisionOS.Native.dll
Native extension for VisionOS target not found
Native extension for WebGL target not found
Assembly reference Packages/com.unity.cinemachine/Editor/Samples/ExposeHDRPInternals/HDRP-Editor-ref.asmref has no target assembly definition
Refreshing native plugins compatible for Editor in 6.93 ms, found 5 plugins.
[Package Manager] Failed to launch server process. Reason: Unity was launched with the -noUpm command-line argument
[Package Manager] Unable to send message (not connected to server process).
[Package Manager] Cannot connect to Unity Package Manager local server
[Package Manager] Failed to launch server process. Reason: Unity was launched with the -noUpm command-line argument
[Package Manager] Unable to send message (not connected to server process).
[Package Manager] Cannot connect to Unity Package Manager local server
[Licensing::Client] Error: Code 404 while processing request (status: Found 0 entitlement groups and 0 free entitlements matching requested entitlement ids)
[Licensing::Client] Error: Code 404 while processing request (status: Found 0 entitlement groups and 0 free entitlements matching requested entitlement ids)
[Licensing::Client] Error: Code 404 while processing request (status: Found 0 entitlement groups and 0 free entitlements matching requested entitlement ids)
ScheduleIndexationOnStartup MainProcess:False IndexOnStartup:True
Mono: successfully reloaded assembly
- Finished resetting the current domain, in  4.014 seconds
Domain Reload Profiling: 5595ms
	BeginReloadAssembly (398ms)
		ExecutionOrderSort (0ms)
		DisableScriptedObjects (31ms)
		BackupInstance (0ms)
		ReleaseScriptingObjects (0ms)
		CreateAndSetChildDomain (130ms)
	RebuildCommonClasses (49ms)
	RebuildNativeTypeToScriptingClass (17ms)
	initialDomainReloadingComplete (82ms)
	LoadAllAssembliesAndSetupDomain (1033ms)
		LoadAssemblies (679ms)
		RebuildTransferFunctionScriptingTraits (0ms)
		AnalyzeDomain (492ms)
			TypeCache.Refresh (12ms)
				TypeCache.ScanAssembly (0ms)
			BuildScriptInfoCaches (458ms)
			ResolveRequiredComponents (17ms)
	FinalizeReload (4015ms)
		ReleaseScriptCaches (0ms)
		RebuildScriptCaches (0ms)
		SetupLoadedEditorAssemblies (3597ms)
			LogAssemblyErrors (0ms)
			InitializePlatformSupportModulesInManaged (65ms)
			SetLoadedEditorAssemblies (20ms)
			BeforeProcessingInitializeOnLoad (531ms)
			ProcessInitializeOnLoadAttributes (2176ms)
			ProcessInitializeOnLoadMethodAttributes (784ms)
			AfterProcessingInitializeOnLoad (19ms)
			EditorAssembliesLoaded (1ms)
		ExecutionOrderSort2 (0ms)
		AwakeInstancesAfterBackupRestoration (33ms)
Refreshing native plugins compatible for Editor in 3.90 ms, found 5 plugins.
Preloading 1 native plugins for Editor in 0.09 ms.
Unloading 60 Unused Serialized files (Serialized files now loaded: 0)
Unloading 11011 unused Assets / (19.4 MB). Loaded Objects now: 11949.
Memory consumption went from 244.3 MB to 224.8 MB.
Total: 47.812000 ms (FindLiveObjects: 2.115300 ms CreateObjectMapping: 2.738800 ms MarkObjects: 31.455500 ms  DeleteObjects: 11.500300 ms)

Prepare: number of updated asset objects reloaded= 0
========================================================================
Received Prepare
Assembly reference Packages/com.unity.cinemachine/Editor/Samples/ExposeHDRPInternals/HDRP-Editor-ref.asmref has no target assembly definition
Assembly reference Packages/com.unity.cinemachine/Editor/Samples/ExposeHDRPInternals/HDRP-Editor-ref.asmref has no target assembly definition
Begin MonoManager ReloadAssembly
[Licensing::Client] Successfully resolved entitlement details
Symbol file LoadedFromMemory is not a mono symbol file
Symbol file LoadedFromMemory is not a mono symbol file
- Loaded All Assemblies, in  2.058 seconds
Assembly reference Packages/com.unity.cinemachine/Editor/Samples/ExposeHDRPInternals/HDRP-Editor-ref.asmref has no target assembly definition
'Packages/com.unity.cinemachine/Editor/Obsolete/CinemachineVirtualCameraBaseEditor.cs' contains partial class of Unity.Object, exactly 1 of the partial classes needs to be in a file with the same filename. This is to know the one that can be referenced from ie. GameObjects
'Packages/com.unity.cinemachine/Editor/Editors/CinemachineVirtualCameraBaseEditor.cs' contains partial class of Unity.Object, exactly 1 of the partial classes needs to be in a file with the same filename. This is to know the one that can be referenced from ie. GameObjects
Refreshing native plugins compatible for Editor in 3.47 ms, found 5 plugins.
Native extension for LinuxStandalone target not found
Native extension for AppleTV target not found
Native extension for iOS target not found
Native extension for Android target not found
Native extension for UWP target not found
Native extension for WindowsStandalone target not found
Failed to load: C:/Program Files/Unity/Hub/Editor/6000.3.6f1/Editor/Data/PlaybackEngines/VisionOSPlayer\x64\UnityEditor.VisionOS.Native.dll
Native extension for VisionOS target not found
Native extension for WebGL target not found
Assembly reference Packages/com.unity.cinemachine/Editor/Samples/ExposeHDRPInternals/HDRP-Editor-ref.asmref has no target assembly definition
Refreshing native plugins compatible for Editor in 3.38 ms, found 5 plugins.
[Package Manager] Failed to launch server process. Reason: Unity was launched with the -noUpm command-line argument
[Package Manager] Unable to send message (not connected to server process).
[Package Manager] Cannot connect to Unity Package Manager local server
[Package Manager] Failed to launch server process. Reason: Unity was launched with the -noUpm command-line argument
[Package Manager] Unable to send message (not connected to server process).
[Package Manager] Cannot connect to Unity Package Manager local server
[Licensing::Client] Error: Code 404 while processing request (status: Found 0 entitlement groups and 0 free entitlements matching requested entitlement ids)
[Licensing::Client] Error: Code 404 while processing request (status: Found 0 entitlement groups and 0 free entitlements matching requested entitlement ids)
[Licensing::Client] Error: Code 404 while processing request (status: Found 0 entitlement groups and 0 free entitlements matching requested entitlement ids)
ScheduleIndexationOnStartup MainProcess:False IndexOnStartup:True
Mono: successfully reloaded assembly
- Finished resetting the current domain, in  2.415 seconds
Domain Reload Profiling: 4466ms
	BeginReloadAssembly (483ms)
		ExecutionOrderSort (0ms)
		DisableScriptedObjects (25ms)
		BackupInstance (0ms)
		ReleaseScriptingObjects (0ms)
		CreateAndSetChildDomain (144ms)
	RebuildCommonClasses (71ms)
	RebuildNativeTypeToScriptingClass (23ms)
	initialDomainReloadingComplete (134ms)
	LoadAllAssembliesAndSetupDomain (1340ms)
		LoadAssemblies (989ms)
		RebuildTransferFunctionScriptingTraits (0ms)
		AnalyzeDomain (572ms)
			TypeCache.Refresh (22ms)
				TypeCache.ScanAssembly (2ms)
			BuildScriptInfoCaches (525ms)
			ResolveRequiredComponents (18ms)
	FinalizeReload (2415ms)
		ReleaseScriptCaches (0ms)
		RebuildScriptCaches (0ms)
		SetupLoadedEditorAssemblies (2137ms)
			LogAssemblyErrors (0ms)
			InitializePlatformSupportModulesInManaged (44ms)
			SetLoadedEditorAssemblies (11ms)
			BeforeProcessingInitializeOnLoad (343ms)
			ProcessInitializeOnLoadAttributes (1221ms)
			ProcessInitializeOnLoadMethodAttributes (499ms)
			AfterProcessingInitializeOnLoad (18ms)
			EditorAssembliesLoaded (1ms)
		ExecutionOrderSort2 (0ms)
		AwakeInstancesAfterBackupRestoration (27ms)
Refreshing native plugins compatible for Editor in 5.68 ms, found 5 plugins.
Preloading 1 native plugins for Editor in 0.19 ms.
Unloading 60 Unused Serialized files (Serialized files now loaded: 0)
Unloading 11011 unused Assets / (20.4 MB). Loaded Objects now: 11952.
Memory consumption went from 244.3 MB to 224.0 MB.
Total: 43.671400 ms (FindLiveObjects: 2.040600 ms CreateObjectMapping: 2.823600 ms MarkObjects: 28.377500 ms  DeleteObjects: 10.427500 ms)

Prepare: number of updated asset objects reloaded= 0
========================================================================
Received Prepare
Assembly reference Packages/com.unity.cinemachine/Editor/Samples/ExposeHDRPInternals/HDRP-Editor-ref.asmref has no target assembly definition
Assembly reference Packages/com.unity.cinemachine/Editor/Samples/ExposeHDRPInternals/HDRP-Editor-ref.asmref has no target assembly definition
Begin MonoManager ReloadAssembly
Symbol file LoadedFromMemory is not a mono symbol file
Symbol file LoadedFromMemory is not a mono symbol file
- Loaded All Assemblies, in  1.720 seconds
Assembly reference Packages/com.unity.cinemachine/Editor/Samples/ExposeHDRPInternals/HDRP-Editor-ref.asmref has no target assembly definition
'Packages/com.unity.cinemachine/Editor/Obsolete/CinemachineVirtualCameraBaseEditor.cs' contains partial class of Unity.Object, exactly 1 of the partial classes needs to be in a file with the same filename. This is to know the one that can be referenced from ie. GameObjects
'Packages/com.unity.cinemachine/Editor/Editors/CinemachineVirtualCameraBaseEditor.cs' contains partial class of Unity.Object, exactly 1 of the partial classes needs to be in a file with the same filename. This is to know the one that can be referenced from ie. GameObjects
Refreshing native plugins compatible for Editor in 3.44 ms, found 5 plugins.
Native extension for LinuxStandalone target not found
Native extension for AppleTV target not found
Native extension for iOS target not found
Native extension for Android target not found
Native extension for UWP target not found
Native extension for WindowsStandalone target not found
Failed to load: C:/Program Files/Unity/Hub/Editor/6000.3.6f1/Editor/Data/PlaybackEngines/VisionOSPlayer\x64\UnityEditor.VisionOS.Native.dll
Native extension for VisionOS target not found
Native extension for WebGL target not found
Assembly reference Packages/com.unity.cinemachine/Editor/Samples/ExposeHDRPInternals/HDRP-Editor-ref.asmref has no target assembly definition
Refreshing native plugins compatible for Editor in 4.97 ms, found 5 plugins.
[Package Manager] Failed to launch server process. Reason: Unity was launched with the -noUpm command-line argument
[Package Manager] Unable to send message (not connected to server process).
[Package Manager] Cannot connect to Unity Package Manager local server
[Package Manager] Failed to launch server process. Reason: Unity was launched with the -noUpm command-line argument
[Package Manager] Unable to send message (not connected to server process).
[Package Manager] Cannot connect to Unity Package Manager local server
[Licensing::Client] Error: Code 404 while processing request (status: Found 0 entitlement groups and 0 free entitlements matching requested entitlement ids)
[Licensing::Client] Error: Code 404 while processing request (status: Found 0 entitlement groups and 0 free entitlements matching requested entitlement ids)
[Licensing::Client] Error: Code 404 while processing request (status: Found 0 entitlement groups and 0 free entitlements matching requested entitlement ids)
ScheduleIndexationOnStartup MainProcess:False IndexOnStartup:True
Mono: successfully reloaded assembly
- Finished resetting the current domain, in  3.375 seconds
Domain Reload Profiling: 5091ms
	BeginReloadAssembly (389ms)
		ExecutionOrderSort (0ms)
		DisableScriptedObjects (24ms)
		BackupInstance (0ms)
		ReleaseScriptingObjects (0ms)
		CreateAndSetChildDomain (131ms)
	RebuildCommonClasses (52ms)
	RebuildNativeTypeToScriptingClass (18ms)
	initialDomainReloadingComplete (103ms)
	LoadAllAssembliesAndSetupDomain (1152ms)
		LoadAssemblies (739ms)
		RebuildTransferFunctionScriptingTraits (0ms)
		AnalyzeDomain (560ms)
			TypeCache.Refresh (14ms)
				TypeCache.ScanAssembly (0ms)
			BuildScriptInfoCaches (522ms)
			ResolveRequiredComponents (17ms)
	FinalizeReload (3376ms)
		ReleaseScriptCaches (0ms)
		RebuildScriptCaches (0ms)
		SetupLoadedEditorAssemblies (3076ms)
			LogAssemblyErrors (0ms)
			InitializePlatformSupportModulesInManaged (58ms)
			SetLoadedEditorAssemblies (12ms)
			BeforeProcessingInitializeOnLoad (449ms)
			ProcessInitializeOnLoadAttributes (1826ms)
			ProcessInitializeOnLoadMethodAttributes (706ms)
			AfterProcessingInitializeOnLoad (23ms)
			EditorAssembliesLoaded (1ms)
		ExecutionOrderSort2 (0ms)
		AwakeInstancesAfterBackupRestoration (31ms)
Refreshing native plugins compatible for Editor in 4.46 ms, found 5 plugins.
Preloading 1 native plugins for Editor in 0.13 ms.
Unloading 60 Unused Serialized files (Serialized files now loaded: 0)
Unloading 11011 unused Assets / (20.4 MB). Loaded Objects now: 11955.
Memory consumption went from 244.4 MB to 224.0 MB.
Total: 50.249800 ms (FindLiveObjects: 2.974600 ms CreateObjectMapping: 2.898600 ms MarkObjects: 30.246700 ms  DeleteObjects: 14.126800 ms)

Prepare: number of updated asset objects reloaded= 0
========================================================================
Received Prepare
Assembly reference Packages/com.unity.cinemachine/Editor/Samples/ExposeHDRPInternals/HDRP-Editor-ref.asmref has no target assembly definition
Assembly reference Packages/com.unity.cinemachine/Editor/Samples/ExposeHDRPInternals/HDRP-Editor-ref.asmref has no target assembly definition
Begin MonoManager ReloadAssembly
[Licensing::Client] Successfully resolved entitlement details
Symbol file LoadedFromMemory is not a mono symbol file
Symbol file LoadedFromMemory is not a mono symbol file
- Loaded All Assemblies, in  2.179 seconds
Assembly reference Packages/com.unity.cinemachine/Editor/Samples/ExposeHDRPInternals/HDRP-Editor-ref.asmref has no target assembly definition
'Packages/com.unity.cinemachine/Editor/Obsolete/CinemachineVirtualCameraBaseEditor.cs' contains partial class of Unity.Object, exactly 1 of the partial classes needs to be in a file with the same filename. This is to know the one that can be referenced from ie. GameObjects
'Packages/com.unity.cinemachine/Editor/Editors/CinemachineVirtualCameraBaseEditor.cs' contains partial class of Unity.Object, exactly 1 of the partial classes needs to be in a file with the same filename. This is to know the one that can be referenced from ie. GameObjects
Refreshing native plugins compatible for Editor in 4.46 ms, found 5 plugins.
Native extension for LinuxStandalone target not found
Native extension for AppleTV target not found
Native extension for iOS target not found
Native extension for Android target not found
Native extension for UWP target not found
Native extension for WindowsStandalone target not found
Failed to load: C:/Program Files/Unity/Hub/Editor/6000.3.6f1/Editor/Data/PlaybackEngines/VisionOSPlayer\x64\UnityEditor.VisionOS.Native.dll
Native extension for VisionOS target not found
Native extension for WebGL target not found
Assembly reference Packages/com.unity.cinemachine/Editor/Samples/ExposeHDRPInternals/HDRP-Editor-ref.asmref has no target assembly definition
Refreshing native plugins compatible for Editor in 4.00 ms, found 5 plugins.
[Package Manager] Failed to launch server process. Reason: Unity was launched with the -noUpm command-line argument
[Package Manager] Unable to send message (not connected to server process).
[Package Manager] Cannot connect to Unity Package Manager local server
[Package Manager] Failed to launch server process. Reason: Unity was launched with the -noUpm command-line argument
[Package Manager] Unable to send message (not connected to server process).
[Package Manager] Cannot connect to Unity Package Manager local server
[Licensing::Client] Error: Code 404 while processing request (status: Found 0 entitlement groups and 0 free entitlements matching requested entitlement ids)
[Licensing::Client] Error: Code 404 while processing request (status: Found 0 entitlement groups and 0 free entitlements matching requested entitlement ids)
[Licensing::Client] Error: Code 404 while processing request (status: Found 0 entitlement groups and 0 free entitlements matching requested entitlement ids)
ScheduleIndexationOnStartup MainProcess:False IndexOnStartup:True
Mono: successfully reloaded assembly
- Finished resetting the current domain, in  2.853 seconds
Domain Reload Profiling: 5025ms
	BeginReloadAssembly (550ms)
		ExecutionOrderSort (0ms)
		DisableScriptedObjects (34ms)
		BackupInstance (0ms)
		ReleaseScriptingObjects (0ms)
		CreateAndSetChildDomain (190ms)
	RebuildCommonClasses (73ms)
	RebuildNativeTypeToScriptingClass (28ms)
	initialDomainReloadingComplete (119ms)
	LoadAllAssembliesAndSetupDomain (1401ms)
		LoadAssemblies (973ms)
		RebuildTransferFunctionScriptingTraits (0ms)
		AnalyzeDomain (639ms)
			TypeCache.Refresh (24ms)
				TypeCache.ScanAssembly (2ms)
			BuildScriptInfoCaches (590ms)
			ResolveRequiredComponents (16ms)
	FinalizeReload (2854ms)
		ReleaseScriptCaches (0ms)
		RebuildScriptCaches (0ms)
		SetupLoadedEditorAssemblies (2557ms)
			LogAssemblyErrors (0ms)
			InitializePlatformSupportModulesInManaged (48ms)
			SetLoadedEditorAssemblies (14ms)
			BeforeProcessingInitializeOnLoad (430ms)
			ProcessInitializeOnLoadAttributes (1407ms)
			ProcessInitializeOnLoadMethodAttributes (638ms)
			AfterProcessingInitializeOnLoad (19ms)
			EditorAssembliesLoaded (1ms)
		ExecutionOrderSort2 (0ms)
		AwakeInstancesAfterBackupRestoration (24ms)
Refreshing native plugins compatible for Editor in 3.93 ms, found 5 plugins.
Preloading 1 native plugins for Editor in 0.09 ms.
Unloading 60 Unused Serialized files (Serialized files now loaded: 0)
Unloading 11011 unused Assets / (20.0 MB). Loaded Objects now: 11958.
Memory consumption went from 244.4 MB to 224.4 MB.
Total: 47.914600 ms (FindLiveObjects: 2.433700 ms CreateObjectMapping: 2.337700 ms MarkObjects: 30.871200 ms  DeleteObjects: 12.269400 ms)

Prepare: number of updated asset objects reloaded= 0
========================================================================
Received Prepare
Assembly reference Packages/com.unity.cinemachine/Editor/Samples/ExposeHDRPInternals/HDRP-Editor-ref.asmref has no target assembly definition
Assembly reference Packages/com.unity.cinemachine/Editor/Samples/ExposeHDRPInternals/HDRP-Editor-ref.asmref has no target assembly definition
Begin MonoManager ReloadAssembly
Symbol file LoadedFromMemory is not a mono symbol file
Symbol file LoadedFromMemory is not a mono symbol file
- Loaded All Assemblies, in  1.494 seconds
Assembly reference Packages/com.unity.cinemachine/Editor/Samples/ExposeHDRPInternals/HDRP-Editor-ref.asmref has no target assembly definition
'Packages/com.unity.cinemachine/Editor/Obsolete/CinemachineVirtualCameraBaseEditor.cs' contains partial class of Unity.Object, exactly 1 of the partial classes needs to be in a file with the same filename. This is to know the one that can be referenced from ie. GameObjects
'Packages/com.unity.cinemachine/Editor/Editors/CinemachineVirtualCameraBaseEditor.cs' contains partial class of Unity.Object, exactly 1 of the partial classes needs to be in a file with the same filename. This is to know the one that can be referenced from ie. GameObjects
Refreshing native plugins compatible for Editor in 3.57 ms, found 5 plugins.
Native extension for LinuxStandalone target not found
Native extension for AppleTV target not found
Native extension for iOS target not found
Native extension for Android target not found
Native extension for UWP target not found
Native extension for WindowsStandalone target not found
Failed to load: C:/Program Files/Unity/Hub/Editor/6000.3.6f1/Editor/Data/PlaybackEngines/VisionOSPlayer\x64\UnityEditor.VisionOS.Native.dll
Native extension for VisionOS target not found
Native extension for WebGL target not found
Assembly reference Packages/com.unity.cinemachine/Editor/Samples/ExposeHDRPInternals/HDRP-Editor-ref.asmref has no target assembly definition
Refreshing native plugins compatible for Editor in 5.44 ms, found 5 plugins.
[Package Manager] Failed to launch server process. Reason: Unity was launched with the -noUpm command-line argument
[Package Manager] Unable to send message (not connected to server process).
[Package Manager] Cannot connect to Unity Package Manager local server
[Package Manager] Failed to launch server process. Reason: Unity was launched with the -noUpm command-line argument
[Package Manager] Unable to send message (not connected to server process).
[Package Manager] Cannot connect to Unity Package Manager local server
[Licensing::Client] Error: Code 404 while processing request (status: Found 0 entitlement groups and 0 free entitlements matching requested entitlement ids)
[Licensing::Client] Error: Code 404 while processing request (status: Found 0 entitlement groups and 0 free entitlements matching requested entitlement ids)
[Licensing::Client] Error: Code 404 while processing request (status: Found 0 entitlement groups and 0 free entitlements matching requested entitlement ids)
ScheduleIndexationOnStartup MainProcess:False IndexOnStartup:True
Mono: successfully reloaded assembly
- Finished resetting the current domain, in  3.317 seconds
Domain Reload Profiling: 4809ms
	BeginReloadAssembly (371ms)
		ExecutionOrderSort (0ms)
		DisableScriptedObjects (20ms)
		BackupInstance (0ms)
		ReleaseScriptingObjects (0ms)
		CreateAndSetChildDomain (127ms)
	RebuildCommonClasses (52ms)
	RebuildNativeTypeToScriptingClass (18ms)
	initialDomainReloadingComplete (84ms)
	LoadAllAssembliesAndSetupDomain (965ms)
		LoadAssemblies (630ms)
		RebuildTransferFunctionScriptingTraits (0ms)
		AnalyzeDomain (482ms)
			TypeCache.Refresh (11ms)
				TypeCache.ScanAssembly (0ms)
			BuildScriptInfoCaches (444ms)
			ResolveRequiredComponents (19ms)
	FinalizeReload (3318ms)
		ReleaseScriptCaches (0ms)
		RebuildScriptCaches (0ms)
		SetupLoadedEditorAssemblies (3060ms)
			LogAssemblyErrors (0ms)
			InitializePlatformSupportModulesInManaged (43ms)
			SetLoadedEditorAssemblies (10ms)
			BeforeProcessingInitializeOnLoad (375ms)
			ProcessInitializeOnLoadAttributes (1925ms)
			ProcessInitializeOnLoadMethodAttributes (684ms)
			AfterProcessingInitializeOnLoad (20ms)
			EditorAssembliesLoaded (2ms)
		ExecutionOrderSort2 (0ms)
		AwakeInstancesAfterBackupRestoration (30ms)
Refreshing native plugins compatible for Editor in 4.16 ms, found 5 plugins.
Preloading 1 native plugins for Editor in 0.09 ms.
Unloading 60 Unused Serialized files (Serialized files now loaded: 0)
Unloading 11011 unused Assets / (19.8 MB). Loaded Objects now: 11961.
Memory consumption went from 244.5 MB to 224.7 MB.
Total: 46.704900 ms (FindLiveObjects: 2.216300 ms CreateObjectMapping: 2.946100 ms MarkObjects: 29.002000 ms  DeleteObjects: 12.538500 ms)

Prepare: number of updated asset objects reloaded= 0
========================================================================
Received Import Request.
  Time since last request: 1029.062348 seconds.
  path: Assets/Prefabs/TilePanel/Tar Tile.asset
  artifactKey: Guid(4081b00f6e211ae459e5850beb287ac2) Importer(815301076,1909f56bfc062723c751e8b465ee728b)
Start importing Assets/Prefabs/TilePanel/Tar Tile.asset using Guid(4081b00f6e211ae459e5850beb287ac2) Importer(815301076,1909f56bfc062723c751e8b465ee728b) (PreviewImporter) -> (artifact id: '9607f0a22c9a904a7626bf4efaccba11') in 0.0605862 seconds
Number of updated asset objects reloaded before import = 0Number of asset objects unloaded after import = 10

========================================================================
Received Import Request.
  Time since last request: 336.359935 seconds.
  path: Assets/Prefabs/Customers/Mr. Smith/DefineSprite_387/51.png
  artifactKey: Guid(589b61354d95e824eb04f17aa024213d) Importer(815301076,1909f56bfc062723c751e8b465ee728b)
Start importing Assets/Prefabs/Customers/Mr. Smith/DefineSprite_387/51.png using Guid(589b61354d95e824eb04f17aa024213d) Importer(815301076,1909f56bfc062723c751e8b465ee728b) (PreviewImporter)[Licensing::Client] Successfully resolved entitlement details
[Licensing::Client] Successfully resolved entitlement details
[Licensing::Client] Successfully resolved entitlement details
 -> (artifact id: '28538dde935f2aa731ab4f87a7ee32d0') in 0.1337902 seconds
Number of updated asset objects reloaded before import = 0Number of asset objects unloaded after import = 3

========================================================================
Received Import Request.
  Time since last request: 0.000042 seconds.
  path: Assets/Prefabs/Customers/Mr. Smith/DefineSprite_387/59.png
  artifactKey: Guid(fca0dcc519f414446a29b8f439615fa8) Importer(815301076,1909f56bfc062723c751e8b465ee728b)
Start importing Assets/Prefabs/Customers/Mr. Smith/DefineSprite_387/59.png using Guid(fca0dcc519f414446a29b8f439615fa8) Importer(815301076,1909f56bfc062723c751e8b465ee728b) (PreviewImporter) -> (artifact id: '79316d7b7a633be02ee8859dc2d86ffd') in 0.0351545 seconds
Number of updated asset objects reloaded before import = 0Number of asset objects unloaded after import = 3

========================================================================
Received Import Request.
  Time since last request: 0.000057 seconds.
  path: Assets/Prefabs/Customers/Mr. Smith/DefineSprite_387/62.png
  artifactKey: Guid(630578b908116724b8706c2594931791) Importer(815301076,1909f56bfc062723c751e8b465ee728b)
Start importing Assets/Prefabs/Customers/Mr. Smith/DefineSprite_387/62.png using Guid(630578b908116724b8706c2594931791) Importer(815301076,1909f56bfc062723c751e8b465ee728b) (PreviewImporter) -> (artifact id: '0f39730a90a2545e28671be7486d41ac') in 0.0307938 seconds
Number of updated asset objects reloaded before import = 0Number of asset objects unloaded after import = 3

========================================================================
Received Import Request.
  Time since last request: 0.000040 seconds.
  path: Assets/Prefabs/Customers/Mr. Smith/DefineSprite_387/71.png
  artifactKey: Guid(6d1e5b5d22be6304897982974b674dd2) Importer(815301076,1909f56bfc062723c751e8b465ee728b)
Start importing Assets/Prefabs/Customers/Mr. Smith/DefineSprite_387/71.png using Guid(6d1e5b5d22be6304897982974b674dd2) Importer(815301076,1909f56bfc062723c751e8b465ee728b) (PreviewImporter) -> (artifact id: 'c4636f3c65eb834978a79fe73b725199') in 0.0400441 seconds
Number of updated asset objects reloaded before import = 0Number of asset objects unloaded after import = 3

========================================================================
Received Import Request.
  Time since last request: 0.000034 seconds.
  path: Assets/Prefabs/Customers/Mr. Smith/DefineSprite_387/78.png
  artifactKey: Guid(a2c93cda2d44b324c8099e64ba629926) Importer(815301076,1909f56bfc062723c751e8b465ee728b)
Start importing Assets/Prefabs/Customers/Mr. Smith/DefineSprite_387/78.png using Guid(a2c93cda2d44b324c8099e64ba629926) Importer(815301076,1909f56bfc062723c751e8b465ee728b) (PreviewImporter) -> (artifact id: '657efd55d79b8d9189791a5b86422e77') in 0.0321349 seconds
Number of updated asset objects reloaded before import = 0Number of asset objects unloaded after import = 3

========================================================================
Received Import Request.
  Time since last request: 0.000054 seconds.
  path: Assets/Prefabs/Customers/Mr. Smith/DefineSprite_387/85.png
  artifactKey: Guid(6ee414d2ddbe89647882d6d355568153) Importer(815301076,1909f56bfc062723c751e8b465ee728b)
Start importing Assets/Prefabs/Customers/Mr. Smith/DefineSprite_387/85.png using Guid(6ee414d2ddbe89647882d6d355568153) Importer(815301076,1909f56bfc062723c751e8b465ee728b) (PreviewImporter) -> (artifact id: '27d5abc66fa79f0246a3559a61006b6b') in 0.0321804 seconds
Number of updated asset objects reloaded before import = 0Number of asset objects unloaded after import = 3

========================================================================
Received Import Request.
  Time since last request: 0.000044 seconds.
  path: Assets/Prefabs/Customers/Mr. Smith/DefineSprite_387/90.png
  artifactKey: Guid(0d74e8a490554dd45861fa2391b0783a) Importer(815301076,1909f56bfc062723c751e8b465ee728b)
Start importing Assets/Prefabs/Customers/Mr. Smith/DefineSprite_387/90.png using Guid(0d74e8a490554dd45861fa2391b0783a) Importer(815301076,1909f56bfc062723c751e8b465ee728b) (PreviewImporter) -> (artifact id: '7b38585c64e7c738c9fd2685e3e13d41') in 0.0366349 seconds
Number of updated asset objects reloaded before import = 0Number of asset objects unloaded after import = 3

========================================================================
Received Import Request.
  Time since last request: 0.000032 seconds.
  path: Assets/Prefabs/Customers/Mr. Smith/DefineSprite_387/77.png
  artifactKey: Guid(a5c814ea0f81cac439622a39a5f0f4d2) Importer(815301076,1909f56bfc062723c751e8b465ee728b)
Start importing Assets/Prefabs/Customers/Mr. Smith/DefineSprite_387/77.png using Guid(a5c814ea0f81cac439622a39a5f0f4d2) Importer(815301076,1909f56bfc062723c751e8b465ee728b) (PreviewImporter) -> (artifact id: 'b96ee2bf00dcd00fc5d494cd634bba10') in 0.0293007 seconds
Number of updated asset objects reloaded before import = 0Number of asset objects unloaded after import = 3

========================================================================
Received Import Request.
  Time since last request: 0.000048 seconds.
  path: Assets/Prefabs/Customers/Mr. Smith/DefineSprite_387/67.png
  artifactKey: Guid(562890e969777d545afa4f31aabbd351) Importer(815301076,1909f56bfc062723c751e8b465ee728b)
Start importing Assets/Prefabs/Customers/Mr. Smith/DefineSprite_387/67.png using Guid(562890e969777d545afa4f31aabbd351) Importer(815301076,1909f56bfc062723c751e8b465ee728b) (PreviewImporter) -> (artifact id: 'c906265bf5edeb84e696196b533768d6') in 0.0282783 seconds
Number of updated asset objects reloaded before import = 0Number of asset objects unloaded after import = 3

========================================================================
Received Import Request.
  Time since last request: 0.000046 seconds.
  path: Assets/Prefabs/Customers/Mr. Smith/DefineSprite_387/94.png
  artifactKey: Guid(efdd8098b78c2f54fb2b67b53b8589b7) Importer(815301076,1909f56bfc062723c751e8b465ee728b)
Start importing Assets/Prefabs/Customers/Mr. Smith/DefineSprite_387/94.png using Guid(efdd8098b78c2f54fb2b67b53b8589b7) Importer(815301076,1909f56bfc062723c751e8b465ee728b) (PreviewImporter) -> (artifact id: 'b6bad76ee215c093da10cc5829905b87') in 0.0226403 seconds
Number of updated asset objects reloaded before import = 0Number of asset objects unloaded after import = 3

========================================================================
Received Import Request.
  Time since last request: 0.000039 seconds.
  path: Assets/Prefabs/Customers/Mr. Smith/DefineSprite_387/100.png
  artifactKey: Guid(e78fc00a855faff4a825895b48defb8f) Importer(815301076,1909f56bfc062723c751e8b465ee728b)
Start importing Assets/Prefabs/Customers/Mr. Smith/DefineSprite_387/100.png using Guid(e78fc00a855faff4a825895b48defb8f) Importer(815301076,1909f56bfc062723c751e8b465ee728b) (PreviewImporter) -> (artifact id: '6145e6b2e7b136561173ee280e2aaaf0') in 0.0249443 seconds
Number of updated asset objects reloaded before import = 0Number of asset objects unloaded after import = 3

========================================================================
Received Import Request.
  Time since last request: 0.000029 seconds.
  path: Assets/Prefabs/Customers/Mr. Smith/DefineSprite_387/104.png
  artifactKey: Guid(f19ece49d2ab6254fbc323578ccafea8) Importer(815301076,1909f56bfc062723c751e8b465ee728b)
Start importing Assets/Prefabs/Customers/Mr. Smith/DefineSprite_387/104.png using Guid(f19ece49d2ab6254fbc323578ccafea8) Importer(815301076,1909f56bfc062723c751e8b465ee728b) (PreviewImporter) -> (artifact id: '8e5bc18dbb1e54e120f32a86503b534d') in 0.0303968 seconds
Number of updated asset objects reloaded before import = 0Number of asset objects unloaded after import = 3

========================================================================
Received Import Request.
  Time since last request: 0.000033 seconds.
  path: Assets/Prefabs/Customers/Mr. Smith/DefineSprite_387/68.png
  artifactKey: Guid(07cce9fc31f24ad4884add37a14cdd2e) Importer(815301076,1909f56bfc062723c751e8b465ee728b)
Start importing Assets/Prefabs/Customers/Mr. Smith/DefineSprite_387/68.png using Guid(07cce9fc31f24ad4884add37a14cdd2e) Importer(815301076,1909f56bfc062723c751e8b465ee728b) (PreviewImporter) -> (artifact id: '0f15cb7dcffd9dc5198da4ec8a19da5c') in 0.0238021 seconds
Number of updated asset objects reloaded before import = 0Number of asset objects unloaded after import = 3

========================================================================
Received Import Request.
  Time since last request: 0.000056 seconds.
  path: Assets/Prefabs/Customers/Mr. Smith/DefineSprite_387/121.png
  artifactKey: Guid(673ad03fd2168eb4a87e41da80091919) Importer(815301076,1909f56bfc062723c751e8b465ee728b)
Start importing Assets/Prefabs/Customers/Mr. Smith/DefineSprite_387/121.png using Guid(673ad03fd2168eb4a87e41da80091919) Importer(815301076,1909f56bfc062723c751e8b465ee728b) (PreviewImporter) -> (artifact id: 'c932e7f6b79706ecc4f93940449ca3ba') in 0.0215124 seconds
Number of updated asset objects reloaded before import = 0Number of asset objects unloaded after import = 3

========================================================================
Received Import Request.
  Time since last request: 0.000026 seconds.
  path: Assets/Prefabs/Customers/Mr. Smith/DefineSprite_387/124.png
  artifactKey: Guid(0b05555d18f60624cbcb524fe1cc3bbb) Importer(815301076,1909f56bfc062723c751e8b465ee728b)
Start importing Assets/Prefabs/Customers/Mr. Smith/DefineSprite_387/124.png using Guid(0b05555d18f60624cbcb524fe1cc3bbb) Importer(815301076,1909f56bfc062723c751e8b465ee728b) (PreviewImporter) -> (artifact id: '0361a9da3ed004c03f114e29b195e860') in 0.0298933 seconds
Number of updated asset objects reloaded before import = 0Number of asset objects unloaded after import = 3

========================================================================
Received Import Request.
  Time since last request: 0.000048 seconds.
  path: Assets/Prefabs/Customers/Mr. Smith/DefineSprite_387/80.png
  artifactKey: Guid(617a4ead28edd9a45a688acaeb130957) Importer(815301076,1909f56bfc062723c751e8b465ee728b)
Start importing Assets/Prefabs/Customers/Mr. Smith/DefineSprite_387/80.png using Guid(617a4ead28edd9a45a688acaeb130957) Importer(815301076,1909f56bfc062723c751e8b465ee728b) (PreviewImporter) -> (artifact id: '79dd773c1b8e74e6bd92abc521523b38') in 0.0333584 seconds
Number of updated asset objects reloaded before import = 0Number of asset objects unloaded after import = 3

========================================================================
Received Import Request.
  Time since last request: 0.000046 seconds.
  path: Assets/Prefabs/Customers/Mr. Smith/DefineSprite_387/113.png
  artifactKey: Guid(af2ef33732186984e88941c83b089c42) Importer(815301076,1909f56bfc062723c751e8b465ee728b)
Start importing Assets/Prefabs/Customers/Mr. Smith/DefineSprite_387/113.png using Guid(af2ef33732186984e88941c83b089c42) Importer(815301076,1909f56bfc062723c751e8b465ee728b) (PreviewImporter) -> (artifact id: 'bb73bcbfd8d3bfd8824fa944e36b30d0') in 0.0243044 seconds
Number of updated asset objects reloaded before import = 0Number of asset objects unloaded after import = 3

========================================================================
Received Import Request.
  Time since last request: 0.000042 seconds.
  path: Assets/Prefabs/Customers/Mr. Smith/DefineSprite_387/137.png
  artifactKey: Guid(b02025befc054a14c9cf4810f851c92e) Importer(815301076,1909f56bfc062723c751e8b465ee728b)
Start importing Assets/Prefabs/Customers/Mr. Smith/DefineSprite_387/137.png using Guid(b02025befc054a14c9cf4810f851c92e) Importer(815301076,1909f56bfc062723c751e8b465ee728b) (PreviewImporter) -> (artifact id: '89434223748e49ccbfadc1505e3e979d') in 0.0349437 seconds
Number of updated asset objects reloaded before import = 0Number of asset objects unloaded after import = 3

========================================================================
Received Import Request.
  Time since last request: 0.000033 seconds.
  path: Assets/Prefabs/Customers/Mr. Smith/DefineSprite_387/142.png
  artifactKey: Guid(3439edeb7137581438ac4f83e00de680) Importer(815301076,1909f56bfc062723c751e8b465ee728b)
Start importing Assets/Prefabs/Customers/Mr. Smith/DefineSprite_387/142.png using Guid(3439edeb7137581438ac4f83e00de680) Importer(815301076,1909f56bfc062723c751e8b465ee728b) (PreviewImporter) -> (artifact id: '2a7e6d3d7c737df46623024c3662f23f') in 0.0239891 seconds
Number of updated asset objects reloaded before import = 0Number of asset objects unloaded after import = 3

========================================================================
Received Import Request.
  Time since last request: 0.000029 seconds.
  path: Assets/Prefabs/Customers/Mr. Smith/DefineSprite_387/149.png
  artifactKey: Guid(c8e4aa03baee30e4baca82d6136566aa) Importer(815301076,1909f56bfc062723c751e8b465ee728b)
Start importing Assets/Prefabs/Customers/Mr. Smith/DefineSprite_387/149.png using Guid(c8e4aa03baee30e4baca82d6136566aa) Importer(815301076,1909f56bfc062723c751e8b465ee728b) (PreviewImporter) -> (artifact id: 'd52ca9565b082ce508ec22160b16f130') in 0.0241342 seconds
Number of updated asset objects reloaded before import = 0Number of asset objects unloaded after import = 3

========================================================================
Received Import Request.
  Time since last request: 0.000027 seconds.
  path: Assets/Prefabs/Customers/Mr. Smith/DefineSprite_387/148.png
  artifactKey: Guid(ec89f4eef45731f4b8e70ef169106768) Importer(815301076,1909f56bfc062723c751e8b465ee728b)
Start importing Assets/Prefabs/Customers/Mr. Smith/DefineSprite_387/148.png using Guid(ec89f4eef45731f4b8e70ef169106768) Importer(815301076,1909f56bfc062723c751e8b465ee728b) (PreviewImporter) -> (artifact id: '447d99f9fa78e719488e190b2232a26d') in 0.0216604 seconds
Number of updated asset objects reloaded before import = 0Number of asset objects unloaded after import = 3

========================================================================
Received Import Request.
  Time since last request: 0.000044 seconds.
  path: Assets/Prefabs/Customers/Mr. Smith/DefineSprite_387/163.png
  artifactKey: Guid(c214d0b7ef47a774e8883ad37727928d) Importer(815301076,1909f56bfc062723c751e8b465ee728b)
Start importing Assets/Prefabs/Customers/Mr. Smith/DefineSprite_387/163.png using Guid(c214d0b7ef47a774e8883ad37727928d) Importer(815301076,1909f56bfc062723c751e8b465ee728b) (PreviewImporter) -> (artifact id: '55ff89fd5ee466fe1947b0c1b4e2632d') in 0.0226283 seconds
Number of updated asset objects reloaded before import = 0Number of asset objects unloaded after import = 3

========================================================================
Received Import Request.
  Time since last request: 0.000031 seconds.
  path: Assets/Prefabs/Customers/Mr. Smith/DefineSprite_387/109.png
  artifactKey: Guid(faeb784dc8cfa184e9a9e8546a1ea3c3) Importer(815301076,1909f56bfc062723c751e8b465ee728b)
Start importing Assets/Prefabs/Customers/Mr. Smith/DefineSprite_387/109.png using Guid(faeb784dc8cfa184e9a9e8546a1ea3c3) Importer(815301076,1909f56bfc062723c751e8b465ee728b) (PreviewImporter) -> (artifact id: 'b5d61b2d1ece143f044adaec4bdd1b29') in 0.0248583 seconds
Number of updated asset objects reloaded before import = 0Number of asset objects unloaded after import = 3

========================================================================
Received Import Request.
  Time since last request: 0.000022 seconds.
  path: Assets/Prefabs/Customers/Mr. Smith/DefineSprite_387/133.png
  artifactKey: Guid(6f983063ef29baf4ca8fc7ef133487e6) Importer(815301076,1909f56bfc062723c751e8b465ee728b)
Start importing Assets/Prefabs/Customers/Mr. Smith/DefineSprite_387/133.png using Guid(6f983063ef29baf4ca8fc7ef133487e6) Importer(815301076,1909f56bfc062723c751e8b465ee728b) (PreviewImporter) -> (artifact id: '32774156685306e1d997880f166cd367') in 0.0279401 seconds
Number of updated asset objects reloaded before import = 0Number of asset objects unloaded after import = 3

========================================================================
Received Import Request.
  Time since last request: 0.000024 seconds.
  path: Assets/Prefabs/Customers/Mr. Smith/DefineSprite_387/86.png
  artifactKey: Guid(d3b4d734e7fbef541bbbc7cd3a7d514a) Importer(815301076,1909f56bfc062723c751e8b465ee728b)
Start importing Assets/Prefabs/Customers/Mr. Smith/DefineSprite_387/86.png using Guid(d3b4d734e7fbef541bbbc7cd3a7d514a) Importer(815301076,1909f56bfc062723c751e8b465ee728b) (PreviewImporter) -> (artifact id: 'cad9bed6b08b6110be46777d3eb3897f') in 0.025207 seconds
Number of updated asset objects reloaded before import = 0Number of asset objects unloaded after import = 3

========================================================================
Received Import Request.
  Time since last request: 0.000040 seconds.
  path: Assets/Prefabs/Customers/Mr. Smith/DefineSprite_387/99.png
  artifactKey: Guid(33d4fcb8f6066f845bd71ae27ef850ac) Importer(815301076,1909f56bfc062723c751e8b465ee728b)
Start importing Assets/Prefabs/Customers/Mr. Smith/DefineSprite_387/99.png using Guid(33d4fcb8f6066f845bd71ae27ef850ac) Importer(815301076,1909f56bfc062723c751e8b465ee728b) (PreviewImporter) -> (artifact id: '7634211905b751588d67d2614e49cb4e') in 0.0251972 seconds
Number of updated asset objects reloaded before import = 0Number of asset objects unloaded after import = 3

========================================================================
Received Import Request.
  Time since last request: 0.000036 seconds.
  path: Assets/Prefabs/Customers/Mr. Smith/DefineSprite_387/103.png
  artifactKey: Guid(14ac4309b6081f14caeba2ff7c8ffd02) Importer(815301076,1909f56bfc062723c751e8b465ee728b)
Start importing Assets/Prefabs/Customers/Mr. Smith/DefineSprite_387/103.png using Guid(14ac4309b6081f14caeba2ff7c8ffd02) Importer(815301076,1909f56bfc062723c751e8b465ee728b) (PreviewImporter) -> (artifact id: '78409ae83b30083aadf6834fbfcf3922') in 0.0229247 seconds
Number of updated asset objects reloaded before import = 0Number of asset objects unloaded after import = 3

========================================================================
Received Import Request.
  Time since last request: 0.000031 seconds.
  path: Assets/Prefabs/Customers/Mr. Smith/DefineSprite_387/173.png
  artifactKey: Guid(f0d05f88a9f23ac44a296f08160061f3) Importer(815301076,1909f56bfc062723c751e8b465ee728b)
Start importing Assets/Prefabs/Customers/Mr. Smith/DefineSprite_387/173.png using Guid(f0d05f88a9f23ac44a296f08160061f3) Importer(815301076,1909f56bfc062723c751e8b465ee728b) (PreviewImporter) -> (artifact id: '29d29ff9a182e7c52fa8ded3bf8f3a87') in 0.023651 seconds
Number of updated asset objects reloaded before import = 0Number of asset objects unloaded after import = 3

========================================================================
Received Import Request.
  Time since last request: 0.000033 seconds.
  path: Assets/Prefabs/Customers/Mr. Smith/DefineSprite_387/176.png
  artifactKey: Guid(8e2e129c3327dd048a989cdbcaea26d6) Importer(815301076,1909f56bfc062723c751e8b465ee728b)
Start importing Assets/Prefabs/Customers/Mr. Smith/DefineSprite_387/176.png using Guid(8e2e129c3327dd048a989cdbcaea26d6) Importer(815301076,1909f56bfc062723c751e8b465ee728b) (PreviewImporter) -> (artifact id: '1d64c7dea01bad525248da76ba667033') in 0.0226168 seconds
Number of updated asset objects reloaded before import = 0Number of asset objects unloaded after import = 3

========================================================================
Received Import Request.
  Time since last request: 0.000054 seconds.
  path: Assets/Prefabs/Customers/Mr. Smith/DefineSprite_387/154.png
  artifactKey: Guid(eda47d262fd0f39429dcaa050d6564af) Importer(815301076,1909f56bfc062723c751e8b465ee728b)
Start importing Assets/Prefabs/Customers/Mr. Smith/DefineSprite_387/154.png using Guid(eda47d262fd0f39429dcaa050d6564af) Importer(815301076,1909f56bfc062723c751e8b465ee728b) (PreviewImporter) -> (artifact id: '832cd9f0132d6b4cbe70348e976d0edc') in 0.0257882 seconds
Number of updated asset objects reloaded before import = 0Number of asset objects unloaded after import = 3

========================================================================
Received Import Request.
  Time since last request: 0.000025 seconds.
  path: Assets/Prefabs/Customers/Mr. Smith/DefineSprite_387/135.png
  artifactKey: Guid(e032a90a24c447f45a0554b122e8b714) Importer(815301076,1909f56bfc062723c751e8b465ee728b)
Start importing Assets/Prefabs/Customers/Mr. Smith/DefineSprite_387/135.png using Guid(e032a90a24c447f45a0554b122e8b714) Importer(815301076,1909f56bfc062723c751e8b465ee728b) (PreviewImporter) -> (artifact id: 'f35796b82c128d14bd592f91809a3c88') in 0.0252374 seconds
Number of updated asset objects reloaded before import = 0Number of asset objects unloaded after import = 3

========================================================================
Received Import Request.
  Time since last request: 0.000029 seconds.
  path: Assets/Prefabs/Customers/Mr. Smith/DefineSprite_387/102.png
  artifactKey: Guid(ae9561b8096c64e4a8f2f5a748247557) Importer(815301076,1909f56bfc062723c751e8b465ee728b)
Start importing Assets/Prefabs/Customers/Mr. Smith/DefineSprite_387/102.png using Guid(ae9561b8096c64e4a8f2f5a748247557) Importer(815301076,1909f56bfc062723c751e8b465ee728b) (PreviewImporter) -> (artifact id: '435412a7aeb719ebb5ee6159ba96cfa4') in 0.0309006 seconds
Number of updated asset objects reloaded before import = 0Number of asset objects unloaded after import = 3

========================================================================
Received Import Request.
  Time since last request: 0.000032 seconds.
  path: Assets/Prefabs/Customers/Mr. Smith/DefineSprite_387/55.png
  artifactKey: Guid(c8776291d8a2b744c8abd0017417cdf2) Importer(815301076,1909f56bfc062723c751e8b465ee728b)
Start importing Assets/Prefabs/Customers/Mr. Smith/DefineSprite_387/55.png using Guid(c8776291d8a2b744c8abd0017417cdf2) Importer(815301076,1909f56bfc062723c751e8b465ee728b) (PreviewImporter) -> (artifact id: '980e68d24a80bdb8b2146e97471b9690') in 0.0277896 seconds
Number of updated asset objects reloaded before import = 0Number of asset objects unloaded after import = 3

========================================================================
Received Import Request.
  Time since last request: 0.000057 seconds.
  path: Assets/Prefabs/Customers/Mr. Smith/DefineSprite_387/183.png
  artifactKey: Guid(a599bcb6831200c49a629341bf03f04c) Importer(815301076,1909f56bfc062723c751e8b465ee728b)
Start importing Assets/Prefabs/Customers/Mr. Smith/DefineSprite_387/183.png using Guid(a599bcb6831200c49a629341bf03f04c) Importer(815301076,1909f56bfc062723c751e8b465ee728b) (PreviewImporter) -> (artifact id: '3daad4655dea413fba1ec0e92ec91240') in 0.0306802 seconds
Number of updated asset objects reloaded before import = 0Number of asset objects unloaded after import = 3

========================================================================
Received Import Request.
  Time since last request: 0.000039 seconds.
  path: Assets/Prefabs/Customers/Mr. Smith/DefineSprite_387/91.png
  artifactKey: Guid(b1d0f694831392e4ba107250d552163b) Importer(815301076,1909f56bfc062723c751e8b465ee728b)
Start importing Assets/Prefabs/Customers/Mr. Smith/DefineSprite_387/91.png using Guid(b1d0f694831392e4ba107250d552163b) Importer(815301076,1909f56bfc062723c751e8b465ee728b) (PreviewImporter) -> (artifact id: '6f9f754a6934a3a7145e0a6978227ba7') in 0.0259161 seconds
Number of updated asset objects reloaded before import = 0Number of asset objects unloaded after import = 3

========================================================================
Received Import Request.
  Time since last request: 0.000029 seconds.
  path: Assets/Prefabs/Customers/Mr. Smith/DefineSprite_387/101.png
  artifactKey: Guid(ef552c05a0a452741bfbc0d29f771372) Importer(815301076,1909f56bfc062723c751e8b465ee728b)
Start importing Assets/Prefabs/Customers/Mr. Smith/DefineSprite_387/101.png using Guid(ef552c05a0a452741bfbc0d29f771372) Importer(815301076,1909f56bfc062723c751e8b465ee728b) (PreviewImporter) -> (artifact id: '45ed24345d2227281c2e8098094e6cd4') in 0.0364648 seconds
Number of updated asset objects reloaded before import = 0Number of asset objects unloaded after import = 3

========================================================================
Received Import Request.
  Time since last request: 0.000028 seconds.
  path: Assets/Prefabs/Customers/Mr. Smith/DefineSprite_387/97.png
  artifactKey: Guid(864d0474c668ebb4ebab89b77a74d9b9) Importer(815301076,1909f56bfc062723c751e8b465ee728b)
Start importing Assets/Prefabs/Customers/Mr. Smith/DefineSprite_387/97.png using Guid(864d0474c668ebb4ebab89b77a74d9b9) Importer(815301076,1909f56bfc062723c751e8b465ee728b) (PreviewImporter) -> (artifact id: '5906e6251fbe8a2250d3377cbd7cb4e3') in 0.0240682 seconds
Number of updated asset objects reloaded before import = 0Number of asset objects unloaded after import = 3

========================================================================
Received Import Request.
  Time since last request: 0.000046 seconds.
  path: Assets/Prefabs/Customers/Mr. Smith/DefineSprite_387/139.png
  artifactKey: Guid(2731ce912c054e34f85f2e9c9ff46aa1) Importer(815301076,1909f56bfc062723c751e8b465ee728b)
Start importing Assets/Prefabs/Customers/Mr. Smith/DefineSprite_387/139.png using Guid(2731ce912c054e34f85f2e9c9ff46aa1) Importer(815301076,1909f56bfc062723c751e8b465ee728b) (PreviewImporter) -> (artifact id: '679c1130a80a9b37423d321c67ed67f2') in 0.031178 seconds
Number of updated asset objects reloaded before import = 0Number of asset objects unloaded after import = 3

========================================================================
Received Import Request.
  Time since last request: 0.000026 seconds.
  path: Assets/Prefabs/Customers/Mr. Smith/DefineSprite_387/178.png
  artifactKey: Guid(bf67c751b4fd35447af4795e6b748207) Importer(815301076,1909f56bfc062723c751e8b465ee728b)
Start importing Assets/Prefabs/Customers/Mr. Smith/DefineSprite_387/178.png using Guid(bf67c751b4fd35447af4795e6b748207) Importer(815301076,1909f56bfc062723c751e8b465ee728b) (PreviewImporter) -> (artifact id: '5434bc9e97cde23ed60cc2a1f8bdf108') in 0.0275063 seconds
Number of updated asset objects reloaded before import = 0Number of asset objects unloaded after import = 3

========================================================================
Received Import Request.
  Time since last request: 0.000031 seconds.
  path: Assets/Prefabs/Customers/Mr. Smith/DefineSprite_387/179.png
  artifactKey: Guid(c9980eeff408b1148b0aeaead3c87e78) Importer(815301076,1909f56bfc062723c751e8b465ee728b)
Start importing Assets/Prefabs/Customers/Mr. Smith/DefineSprite_387/179.png using Guid(c9980eeff408b1148b0aeaead3c87e78) Importer(815301076,1909f56bfc062723c751e8b465ee728b) (PreviewImporter) -> (artifact id: '1709f120171db47e13c96b70d0b9b34b') in 0.0284806 seconds
Number of updated asset objects reloaded before import = 0Number of asset objects unloaded after import = 3

========================================================================
Received Import Request.
  Time since last request: 0.000036 seconds.
  path: Assets/Prefabs/Customers/Mr. Smith/DefineSprite_387/182.png
  artifactKey: Guid(b268ea0410db18748b8530a41da07314) Importer(815301076,1909f56bfc062723c751e8b465ee728b)
Start importing Assets/Prefabs/Customers/Mr. Smith/DefineSprite_387/182.png using Guid(b268ea0410db18748b8530a41da07314) Importer(815301076,1909f56bfc062723c751e8b465ee728b) (PreviewImporter) -> (artifact id: 'c5f4f30fb7541ff372dd83f2d77a88be') in 0.0273071 seconds
Number of updated asset objects reloaded before import = 0Number of asset objects unloaded after import = 3

========================================================================
Received Import Request.
  Time since last request: 0.000041 seconds.
  path: Assets/Prefabs/Customers/Mr. Smith/DefineSprite_387/177.png
  artifactKey: Guid(f41f466a2edefed4681f73f0a7089f5c) Importer(815301076,1909f56bfc062723c751e8b465ee728b)
Start importing Assets/Prefabs/Customers/Mr. Smith/DefineSprite_387/177.png using Guid(f41f466a2edefed4681f73f0a7089f5c) Importer(815301076,1909f56bfc062723c751e8b465ee728b) (PreviewImporter) -> (artifact id: '2e09d554a5bbba2b509853a019f0ec20') in 0.0234034 seconds
Number of updated asset objects reloaded before import = 0Number of asset objects unloaded after import = 3

========================================================================
Received Import Request.
  Time since last request: 0.000036 seconds.
  path: Assets/Prefabs/Customers/Mr. Smith/DefineSprite_387/162.png
  artifactKey: Guid(96911802d014ace41b5d9c305c9211f1) Importer(815301076,1909f56bfc062723c751e8b465ee728b)
Start importing Assets/Prefabs/Customers/Mr. Smith/DefineSprite_387/162.png using Guid(96911802d014ace41b5d9c305c9211f1) Importer(815301076,1909f56bfc062723c751e8b465ee728b) (PreviewImporter) -> (artifact id: '614cf7cc68b23a38ab90148170d49544') in 0.0266945 seconds
Number of updated asset objects reloaded before import = 0Number of asset objects unloaded after import = 3

========================================================================
Received Import Request.
  Time since last request: 0.000033 seconds.
  path: Assets/Prefabs/Customers/Mr. Smith/DefineSprite_387/168.png
  artifactKey: Guid(ba73b84b0581a9d4b91ed260df7014a0) Importer(815301076,1909f56bfc062723c751e8b465ee728b)
Start importing Assets/Prefabs/Customers/Mr. Smith/DefineSprite_387/168.png using Guid(ba73b84b0581a9d4b91ed260df7014a0) Importer(815301076,1909f56bfc062723c751e8b465ee728b) (PreviewImporter) -> (artifact id: '95ea4ceee2539159318f200c7a359ff1') in 0.0339717 seconds
Number of updated asset objects reloaded before import = 0Number of asset objects unloaded after import = 3

========================================================================
Received Import Request.
  Time since last request: 0.000045 seconds.
  path: Assets/Prefabs/Customers/Mr. Smith/DefineSprite_387/76.png
  artifactKey: Guid(88c27ab4ed83c3447a821ab130c4b948) Importer(815301076,1909f56bfc062723c751e8b465ee728b)
Start importing Assets/Prefabs/Customers/Mr. Smith/DefineSprite_387/76.png using Guid(88c27ab4ed83c3447a821ab130c4b948) Importer(815301076,1909f56bfc062723c751e8b465ee728b) (PreviewImporter) -> (artifact id: 'c579b62aa17177e006810655b8a046d5') in 0.0290879 seconds
Number of updated asset objects reloaded before import = 0Number of asset objects unloaded after import = 3

========================================================================
Received Import Request.
  Time since last request: 0.000046 seconds.
  path: Assets/Prefabs/Customers/Mr. Smith/DefineSprite_387/117.png
  artifactKey: Guid(34897c95b1de0b443a9b76af1d24c9c6) Importer(815301076,1909f56bfc062723c751e8b465ee728b)
Start importing Assets/Prefabs/Customers/Mr. Smith/DefineSprite_387/117.png using Guid(34897c95b1de0b443a9b76af1d24c9c6) Importer(815301076,1909f56bfc062723c751e8b465ee728b) (PreviewImporter) -> (artifact id: '4dbe0a017a90312e955d0e7a6a02f5ae') in 0.0339152 seconds
Number of updated asset objects reloaded before import = 0Number of asset objects unloaded after import = 3

========================================================================
Received Import Request.
  Time since last request: 0.000033 seconds.
  path: Assets/Prefabs/Customers/Mr. Smith/DefineSprite_387/141.png
  artifactKey: Guid(509be3e05d6775b4daa7439aeb041723) Importer(815301076,1909f56bfc062723c751e8b465ee728b)
Start importing Assets/Prefabs/Customers/Mr. Smith/DefineSprite_387/141.png using Guid(509be3e05d6775b4daa7439aeb041723) Importer(815301076,1909f56bfc062723c751e8b465ee728b) (PreviewImporter) -> (artifact id: 'e33ba3879741c83fb5b5dc23eafc0bcb') in 0.0280396 seconds
Number of updated asset objects reloaded before import = 0Number of asset objects unloaded after import = 3

========================================================================
Received Import Request.
  Time since last request: 0.000036 seconds.
  path: Assets/Prefabs/Customers/Mr. Smith/DefineSprite_387/60.png
  artifactKey: Guid(c79d130458461ec47b9a4676da5e255e) Importer(815301076,1909f56bfc062723c751e8b465ee728b)
Start importing Assets/Prefabs/Customers/Mr. Smith/DefineSprite_387/60.png using Guid(c79d130458461ec47b9a4676da5e255e) Importer(815301076,1909f56bfc062723c751e8b465ee728b) (PreviewImporter) -> (artifact id: '3f605c1c4f8f67f57d6a57df3b3792f6') in 0.0341566 seconds
Number of updated asset objects reloaded before import = 0Number of asset objects unloaded after import = 3

========================================================================
Received Import Request.
  Time since last request: 0.000037 seconds.
  path: Assets/Prefabs/Customers/Mr. Smith/DefineSprite_387/119.png
  artifactKey: Guid(e7bb4a9bc18bd6f4b8511f08a1eee96c) Importer(815301076,1909f56bfc062723c751e8b465ee728b)
Start importing Assets/Prefabs/Customers/Mr. Smith/DefineSprite_387/119.png using Guid(e7bb4a9bc18bd6f4b8511f08a1eee96c) Importer(815301076,1909f56bfc062723c751e8b465ee728b) (PreviewImporter) -> (artifact id: '03635b48bcb5d87016c47f539fa28cdb') in 0.0264375 seconds
Number of updated asset objects reloaded before import = 0Number of asset objects unloaded after import = 3

========================================================================
Received Import Request.
  Time since last request: 0.000040 seconds.
  path: Assets/Prefabs/Customers/Mr. Smith/DefineSprite_387/130.png
  artifactKey: Guid(8b21bd1f609cc3a41b8e649e72de74b7) Importer(815301076,1909f56bfc062723c751e8b465ee728b)
Start importing Assets/Prefabs/Customers/Mr. Smith/DefineSprite_387/130.png using Guid(8b21bd1f609cc3a41b8e649e72de74b7) Importer(815301076,1909f56bfc062723c751e8b465ee728b) (PreviewImporter) -> (artifact id: '09ea1c9e1b24fbbb5e54dcbb36772f29') in 0.0283676 seconds
Number of updated asset objects reloaded before import = 0Number of asset objects unloaded after import = 3

========================================================================
Received Import Request.
  Time since last request: 0.000035 seconds.
  path: Assets/Prefabs/Customers/Mr. Smith/DefineSprite_387/165.png
  artifactKey: Guid(93dce8c97f661e146b18640d3b4dfe8e) Importer(815301076,1909f56bfc062723c751e8b465ee728b)
Start importing Assets/Prefabs/Customers/Mr. Smith/DefineSprite_387/165.png using Guid(93dce8c97f661e146b18640d3b4dfe8e) Importer(815301076,1909f56bfc062723c751e8b465ee728b) (PreviewImporter) -> (artifact id: '8a897d1662f8a59e8d8889d6a651a689') in 0.0381912 seconds
Number of updated asset objects reloaded before import = 0Number of asset objects unloaded after import = 3

========================================================================
Received Import Request.
  Time since last request: 0.000029 seconds.
  path: Assets/Prefabs/Customers/Mr. Smith/DefineSprite_387/131.png
  artifactKey: Guid(33f114ea3f89a5e4eb25c1d6e8732b60) Importer(815301076,1909f56bfc062723c751e8b465ee728b)
Start importing Assets/Prefabs/Customers/Mr. Smith/DefineSprite_387/131.png using Guid(33f114ea3f89a5e4eb25c1d6e8732b60) Importer(815301076,1909f56bfc062723c751e8b465ee728b) (PreviewImporter) -> (artifact id: 'f15492271d503a5984747b1ba66b2a02') in 0.0290553 seconds
Number of updated asset objects reloaded before import = 0Number of asset objects unloaded after import = 3

========================================================================
Received Import Request.
  Time since last request: 0.000035 seconds.
  path: Assets/Prefabs/Customers/Mr. Smith/DefineSprite_387/151.png
  artifactKey: Guid(c5addee959af4f74da5dcd981e20fbde) Importer(815301076,1909f56bfc062723c751e8b465ee728b)
Start importing Assets/Prefabs/Customers/Mr. Smith/DefineSprite_387/151.png using Guid(c5addee959af4f74da5dcd981e20fbde) Importer(815301076,1909f56bfc062723c751e8b465ee728b) (PreviewImporter) -> (artifact id: '8b8bc53c6538142b43c84f8c7075853c') in 0.0328174 seconds
Number of updated asset objects reloaded before import = 0Number of asset objects unloaded after import = 3

========================================================================
Received Import Request.
  Time since last request: 0.000120 seconds.
  path: Assets/Prefabs/Customers/Mr. Smith/DefineSprite_387/174.png
  artifactKey: Guid(87c551b07571898488cae283d9981a9b) Importer(815301076,1909f56bfc062723c751e8b465ee728b)
Start importing Assets/Prefabs/Customers/Mr. Smith/DefineSprite_387/174.png using Guid(87c551b07571898488cae283d9981a9b) Importer(815301076,1909f56bfc062723c751e8b465ee728b) (PreviewImporter) -> (artifact id: '3713b2b3f32a8459342290ff19db7ddd') in 0.0367233 seconds
Number of updated asset objects reloaded before import = 0Number of asset objects unloaded after import = 3

========================================================================
Received Import Request.
  Time since last request: 0.000034 seconds.
  path: Assets/Prefabs/Customers/Mr. Smith/DefineSprite_387/175.png
  artifactKey: Guid(faa9c872fb87c044a8d7e335f61e3e19) Importer(815301076,1909f56bfc062723c751e8b465ee728b)
Start importing Assets/Prefabs/Customers/Mr. Smith/DefineSprite_387/175.png using Guid(faa9c872fb87c044a8d7e335f61e3e19) Importer(815301076,1909f56bfc062723c751e8b465ee728b) (PreviewImporter) -> (artifact id: 'd4ab69e17c75a4676cfba63953ec6a78') in 0.0311502 seconds
Number of updated asset objects reloaded before import = 0Number of asset objects unloaded after import = 3

========================================================================
Received Import Request.
  Time since last request: 0.000031 seconds.
  path: Assets/Prefabs/Customers/Mr. Smith/DefineSprite_387/164.png
  artifactKey: Guid(3a143150f16e2324193d9347bf1325e6) Importer(815301076,1909f56bfc062723c751e8b465ee728b)
Start importing Assets/Prefabs/Customers/Mr. Smith/DefineSprite_387/164.png using Guid(3a143150f16e2324193d9347bf1325e6) Importer(815301076,1909f56bfc062723c751e8b465ee728b) (PreviewImporter) -> (artifact id: 'a9c8357ad11c06d7aa61b69ffce1cd59') in 0.0280301 seconds
Number of updated asset objects reloaded before import = 0Number of asset objects unloaded after import = 3

========================================================================
Received Import Request.
  Time since last request: 0.000041 seconds.
  path: Assets/Prefabs/Customers/Mr. Smith/DefineSprite_387/169.png
  artifactKey: Guid(3494be93e52249341a5f94476acd9bac) Importer(815301076,1909f56bfc062723c751e8b465ee728b)
Start importing Assets/Prefabs/Customers/Mr. Smith/DefineSprite_387/169.png using Guid(3494be93e52249341a5f94476acd9bac) Importer(815301076,1909f56bfc062723c751e8b465ee728b) (PreviewImporter) -> (artifact id: '42d7c661965811d4ad6195dfeee7bd32') in 0.0350512 seconds
Number of updated asset objects reloaded before import = 0Number of asset objects unloaded after import = 3

========================================================================
Received Import Request.
  Time since last request: 0.000048 seconds.
  path: Assets/Prefabs/Customers/Mr. Smith/DefineSprite_387/138.png
  artifactKey: Guid(314f0f2c9786b124f9df2af44a8d1932) Importer(815301076,1909f56bfc062723c751e8b465ee728b)
Start importing Assets/Prefabs/Customers/Mr. Smith/DefineSprite_387/138.png using Guid(314f0f2c9786b124f9df2af44a8d1932) Importer(815301076,1909f56bfc062723c751e8b465ee728b) (PreviewImporter) -> (artifact id: 'c09396313da2ea14e59fb05c7a4c7e4f') in 0.0375387 seconds
Number of updated asset objects reloaded before import = 0Number of asset objects unloaded after import = 3

========================================================================
Received Import Request.
  Time since last request: 0.000042 seconds.
  path: Assets/Prefabs/Customers/Mr. Smith/DefineSprite_387/107.png
  artifactKey: Guid(d97c77e93eea4cc4fa122c489b91cb7c) Importer(815301076,1909f56bfc062723c751e8b465ee728b)
Start importing Assets/Prefabs/Customers/Mr. Smith/DefineSprite_387/107.png using Guid(d97c77e93eea4cc4fa122c489b91cb7c) Importer(815301076,1909f56bfc062723c751e8b465ee728b) (PreviewImporter) -> (artifact id: '911155c597030f1f4b1cafe3c7789157') in 0.0298101 seconds
Number of updated asset objects reloaded before import = 0Number of asset objects unloaded after import = 3

========================================================================
Received Import Request.
  Time since last request: 0.000035 seconds.
  path: Assets/Prefabs/Customers/Mr. Smith/DefineSprite_387/106.png
  artifactKey: Guid(fab05c87fa1b92a47af759abacda8dad) Importer(815301076,1909f56bfc062723c751e8b465ee728b)
Start importing Assets/Prefabs/Customers/Mr. Smith/DefineSprite_387/106.png using Guid(fab05c87fa1b92a47af759abacda8dad) Importer(815301076,1909f56bfc062723c751e8b465ee728b) (PreviewImporter) -> (artifact id: '63e6799bba9dc44cb1222e7180b4eab3') in 0.026286 seconds
Number of updated asset objects reloaded before import = 0Number of asset objects unloaded after import = 3

========================================================================
Received Import Request.
  Time since last request: 0.000038 seconds.
  path: Assets/Prefabs/Customers/Mr. Smith/DefineSprite_387/120.png
  artifactKey: Guid(5314cf7d7cf08444aa14398bb74b33ac) Importer(815301076,1909f56bfc062723c751e8b465ee728b)
Start importing Assets/Prefabs/Customers/Mr. Smith/DefineSprite_387/120.png using Guid(5314cf7d7cf08444aa14398bb74b33ac) Importer(815301076,1909f56bfc062723c751e8b465ee728b) (PreviewImporter) -> (artifact id: '7937b1721a5059b031491ecf4fc25579') in 0.0288375 seconds
Number of updated asset objects reloaded before import = 0Number of asset objects unloaded after import = 3

========================================================================
Received Import Request.
  Time since last request: 0.000040 seconds.
  path: Assets/Prefabs/Customers/Mr. Smith/DefineSprite_387/181.png
  artifactKey: Guid(9d6a4a24a99159648948ab8874faa9b6) Importer(815301076,1909f56bfc062723c751e8b465ee728b)
Start importing Assets/Prefabs/Customers/Mr. Smith/DefineSprite_387/181.png using Guid(9d6a4a24a99159648948ab8874faa9b6) Importer(815301076,1909f56bfc062723c751e8b465ee728b) (PreviewImporter) -> (artifact id: '5ef0cfbaec7b48ba8b949a58cc55c27e') in 0.0268188 seconds
Number of updated asset objects reloaded before import = 0Number of asset objects unloaded after import = 3

========================================================================
Received Import Request.
  Time since last request: 0.000035 seconds.
  path: Assets/Prefabs/Customers/Mr. Smith/DefineSprite_387/64.png
  artifactKey: Guid(7d3658efe65a85c48819a322e4803803) Importer(815301076,1909f56bfc062723c751e8b465ee728b)
Start importing Assets/Prefabs/Customers/Mr. Smith/DefineSprite_387/64.png using Guid(7d3658efe65a85c48819a322e4803803) Importer(815301076,1909f56bfc062723c751e8b465ee728b) (PreviewImporter) -> (artifact id: '7650f3ffa0053a91bcc1c84fe09ffa23') in 0.0251727 seconds
Number of updated asset objects reloaded before import = 0Number of asset objects unloaded after import = 3

========================================================================
Received Import Request.
  Time since last request: 0.000049 seconds.
  path: Assets/Prefabs/Customers/Mr. Smith/DefineSprite_387/150.png
  artifactKey: Guid(f66f3f76bfe8cae46bc8fba1fbcc0f43) Importer(815301076,1909f56bfc062723c751e8b465ee728b)
Start importing Assets/Prefabs/Customers/Mr. Smith/DefineSprite_387/150.png using Guid(f66f3f76bfe8cae46bc8fba1fbcc0f43) Importer(815301076,1909f56bfc062723c751e8b465ee728b) (PreviewImporter) -> (artifact id: 'c6f5f746a1b21259c3546b73071c04a7') in 0.0283101 seconds
Number of updated asset objects reloaded before import = 0Number of asset objects unloaded after import = 3

========================================================================
Received Import Request.
  Time since last request: 0.000038 seconds.
  path: Assets/Prefabs/Customers/Mr. Smith/DefineSprite_387/88.png
  artifactKey: Guid(b2a41d95f0d6f8649a94031f71ed6910) Importer(815301076,1909f56bfc062723c751e8b465ee728b)
Start importing Assets/Prefabs/Customers/Mr. Smith/DefineSprite_387/88.png using Guid(b2a41d95f0d6f8649a94031f71ed6910) Importer(815301076,1909f56bfc062723c751e8b465ee728b) (PreviewImporter) -> (artifact id: 'fbc4ea95c6b00c38ac2333be9a9f136b') in 0.0284471 seconds
Number of updated asset objects reloaded before import = 0Number of asset objects unloaded after import = 3

========================================================================
Received Import Request.
  Time since last request: 0.000044 seconds.
  path: Assets/Prefabs/Customers/Mr. Smith/DefineSprite_387/145.png
  artifactKey: Guid(9b1dac7adef7f7b4288574201050454a) Importer(815301076,1909f56bfc062723c751e8b465ee728b)
Start importing Assets/Prefabs/Customers/Mr. Smith/DefineSprite_387/145.png using Guid(9b1dac7adef7f7b4288574201050454a) Importer(815301076,1909f56bfc062723c751e8b465ee728b) (PreviewImporter) -> (artifact id: 'f8875d4e25540bcb037dcc332c13d3fb') in 0.0291662 seconds
Number of updated asset objects reloaded before import = 0Number of asset objects unloaded after import = 3

========================================================================
Received Import Request.
  Time since last request: 0.000028 seconds.
  path: Assets/Prefabs/Customers/Mr. Smith/DefineSprite_387/160.png
  artifactKey: Guid(62bb51e3f60474f4a816ef5ccb78c828) Importer(815301076,1909f56bfc062723c751e8b465ee728b)
Start importing Assets/Prefabs/Customers/Mr. Smith/DefineSprite_387/160.png using Guid(62bb51e3f60474f4a816ef5ccb78c828) Importer(815301076,1909f56bfc062723c751e8b465ee728b) (PreviewImporter) -> (artifact id: '07c8a3384961218269a6bbb657ccf2e5') in 0.0314316 seconds
Number of updated asset objects reloaded before import = 0Number of asset objects unloaded after import = 3

========================================================================
Received Import Request.
  Time since last request: 29.704284 seconds.
  path: Assets/Prefabs/Customers/Mr. Smith/Animations/Walking.anim
  artifactKey: Guid(1a4cd4bb39142df42a1a3e0c40455d16) Importer(2089858483,b0f066a214c2f5e87bad3c948f4d605d)
Start importing Assets/Prefabs/Customers/Mr. Smith/Animations/Walking.anim using Guid(1a4cd4bb39142df42a1a3e0c40455d16) Importer(2089858483,b0f066a214c2f5e87bad3c948f4d605d) (ScriptedImporter) -> (artifact id: '2547355df8fdec4d600eb20947590aa6') in 0.1290846 seconds
Number of updated asset objects reloaded before import = 0Number of asset objects unloaded after import = 1

========================================================================
Received Import Request.
  Time since last request: 0.000029 seconds.
  path: Assets/sprites/Mary
  artifactKey: Guid(357c42841bb865745a6a871c3656b197) Importer(2089858483,b0f066a214c2f5e87bad3c948f4d605d)
Start importing Assets/sprites/Mary using Guid(357c42841bb865745a6a871c3656b197) Importer(2089858483,b0f066a214c2f5e87bad3c948f4d605d) (ScriptedImporter) -> (artifact id: '59398ee222cd15d08151794c352eefb8') in 0.0121775 seconds
Number of updated asset objects reloaded before import = 0Number of asset objects unloaded after import = 1

========================================================================
Received Import Request.
  Time since last request: 0.000032 seconds.
  path: Assets/Prefabs/Customers/Mr. Smith/Animations/Idle.anim
  artifactKey: Guid(abc6c7fbbe724fc4bac4bcefda9cd674) Importer(2089858483,b0f066a214c2f5e87bad3c948f4d605d)
Start importing Assets/Prefabs/Customers/Mr. Smith/Animations/Idle.anim using Guid(abc6c7fbbe724fc4bac4bcefda9cd674) Importer(2089858483,b0f066a214c2f5e87bad3c948f4d605d) (ScriptedImporter) -> (artifact id: '999612def384fe5dd95edb416eb6f326') in 0.0180441 seconds
Number of updated asset objects reloaded before import = 0Number of asset objects unloaded after import = 1

========================================================================
Received Import Request.
  Time since last request: 0.000019 seconds.
  path: Assets/sprites/Derek/15.png
  artifactKey: Guid(bdb7c57196361be4cba62b41977cd958) Importer(2089858483,b0f066a214c2f5e87bad3c948f4d605d)
Start importing Assets/sprites/Derek/15.png using Guid(bdb7c57196361be4cba62b41977cd958) Importer(2089858483,b0f066a214c2f5e87bad3c948f4d605d) (ScriptedImporter) -> (artifact id: '21d2361b0077ad9a586501ad52f7b5d7') in 0.0698088 seconds
Number of updated asset objects reloaded before import = 0Number of asset objects unloaded after import = 3

========================================================================
Received Import Request.
  Time since last request: 0.000032 seconds.
  path: Assets/sprites/Mary/DefineSprite_133/11.png
  artifactKey: Guid(f05902637cadfb44b8cda760b0d202bf) Importer(2089858483,b0f066a214c2f5e87bad3c948f4d605d)
Start importing Assets/sprites/Mary/DefineSprite_133/11.png using Guid(f05902637cadfb44b8cda760b0d202bf) Importer(2089858483,b0f066a214c2f5e87bad3c948f4d605d) (ScriptedImporter) -> (artifact id: '1e77ba7c2add45d3aae61c8d9846ce28') in 0.023679 seconds
Number of updated asset objects reloaded before import = 0Number of asset objects unloaded after import = 3

========================================================================
Received Import Request.
  Time since last request: 0.000027 seconds.
  path: Assets/sprites/Derek/5.png
  artifactKey: Guid(3a18a04688f378642889ef2ab4683bf4) Importer(2089858483,b0f066a214c2f5e87bad3c948f4d605d)
Start importing Assets/sprites/Derek/5.png using Guid(3a18a04688f378642889ef2ab4683bf4) Importer(2089858483,b0f066a214c2f5e87bad3c948f4d605d) (ScriptedImporter) -> (artifact id: 'b3d9ca338aae5962533f8a55fbb7b976') in 0.0279764 seconds
Number of updated asset objects reloaded before import = 0Number of asset objects unloaded after import = 3

========================================================================
Received Import Request.
  Time since last request: 0.000049 seconds.
  path: Assets/sprites/Mary/DefineSprite_133/7.png
  artifactKey: Guid(045af7c874091a24a8a0771dd9dbde0b) Importer(2089858483,b0f066a214c2f5e87bad3c948f4d605d)
Start importing Assets/sprites/Mary/DefineSprite_133/7.png using Guid(045af7c874091a24a8a0771dd9dbde0b) Importer(2089858483,b0f066a214c2f5e87bad3c948f4d605d) (ScriptedImporter) -> (artifact id: 'bff2548e5f54575f7b7c0c85ae9ff318') in 0.0223063 seconds
Number of updated asset objects reloaded before import = 0Number of asset objects unloaded after import = 3

========================================================================
Received Import Request.
  Time since last request: 0.000056 seconds.
  path: Assets/sprites/Derek/9.png
  artifactKey: Guid(3e6f674dc0410f043a4ebb3b5adf2dd3) Importer(2089858483,b0f066a214c2f5e87bad3c948f4d605d)
Start importing Assets/sprites/Derek/9.png using Guid(3e6f674dc0410f043a4ebb3b5adf2dd3) Importer(2089858483,b0f066a214c2f5e87bad3c948f4d605d) (ScriptedImporter) -> (artifact id: 'd65a23714d5217d0d6ab4b17917dd784') in 0.0219125 seconds
Number of updated asset objects reloaded before import = 0Number of asset objects unloaded after import = 3

========================================================================
Received Import Request.
  Time since last request: 0.000025 seconds.
  path: Assets/Prefabs/Customers/Mr. Smith/Animations/Mr Smith.controller
  artifactKey: Guid(2c232b69a7c23004a90010789bf2dfff) Importer(2089858483,b0f066a214c2f5e87bad3c948f4d605d)
Start importing Assets/Prefabs/Customers/Mr. Smith/Animations/Mr Smith.controller using Guid(2c232b69a7c23004a90010789bf2dfff) Importer(2089858483,b0f066a214c2f5e87bad3c948f4d605d) (ScriptedImporter) -> (artifact id: '00e8c6887d555b9dfbb4063bd8adb4c3') in 0.0323246 seconds
Number of updated asset objects reloaded before import = 0Number of asset objects unloaded after import = 8

========================================================================
Received Import Request.
  Time since last request: 0.000033 seconds.
  path: Assets/sprites/Mary/DefineSprite_133/6.png
  artifactKey: Guid(7e60885aab6c4a6429f566a00f6f0b09) Importer(2089858483,b0f066a214c2f5e87bad3c948f4d605d)
Start importing Assets/sprites/Mary/DefineSprite_133/6.png using Guid(7e60885aab6c4a6429f566a00f6f0b09) Importer(2089858483,b0f066a214c2f5e87bad3c948f4d605d) (ScriptedImporter) -> (artifact id: 'e0753686ea33200df7a04ccd865a15cb') in 0.0298773 seconds
Number of updated asset objects reloaded before import = 0Number of asset objects unloaded after import = 3

========================================================================
Received Import Request.
  Time since last request: 0.000038 seconds.
  path: Assets/sprites/Caroline/5.png
  artifactKey: Guid(b5596c32490941f4794ac151ff4ec15f) Importer(2089858483,b0f066a214c2f5e87bad3c948f4d605d)
Start importing Assets/sprites/Caroline/5.png using Guid(b5596c32490941f4794ac151ff4ec15f) Importer(2089858483,b0f066a214c2f5e87bad3c948f4d605d) (ScriptedImporter) -> (artifact id: '2e1e4195fdf4d731f609f2ee9c0d7ae7') in 0.026905 seconds
Number of updated asset objects reloaded before import = 0Number of asset objects unloaded after import = 3

========================================================================
Received Import Request.
  Time since last request: 0.000033 seconds.
  path: Assets/sprites/Derek/1.png
  artifactKey: Guid(ab16a1520db023640afaff38fd447eed) Importer(2089858483,b0f066a214c2f5e87bad3c948f4d605d)
Start importing Assets/sprites/Derek/1.png using Guid(ab16a1520db023640afaff38fd447eed) Importer(2089858483,b0f066a214c2f5e87bad3c948f4d605d) (ScriptedImporter) -> (artifact id: '4c77680a646c94dd0e09e5fc1ddac532') in 0.0261286 seconds
Number of updated asset objects reloaded before import = 0Number of asset objects unloaded after import = 3

========================================================================
Received Import Request.
  Time since last request: 0.000026 seconds.
  path: Assets/sprites/Caroline/DefineSprite_128
  artifactKey: Guid(12379a8ad78c19049bd6b7939dd479d9) Importer(2089858483,b0f066a214c2f5e87bad3c948f4d605d)
Start importing Assets/sprites/Caroline/DefineSprite_128 using Guid(12379a8ad78c19049bd6b7939dd479d9) Importer(2089858483,b0f066a214c2f5e87bad3c948f4d605d) (ScriptedImporter) -> (artifact id: '4e60a91fd6909180ff1e4881ab7cb051') in 0.0192362 seconds
Number of updated asset objects reloaded before import = 0Number of asset objects unloaded after import = 1

========================================================================
Received Import Request.
  Time since last request: 0.000037 seconds.
  path: Assets/sprites/Derek/DefineSprite_143/1.png
  artifactKey: Guid(9d2b97487963d5b4caea279178c2f719) Importer(2089858483,b0f066a214c2f5e87bad3c948f4d605d)
Start importing Assets/sprites/Derek/DefineSprite_143/1.png using Guid(9d2b97487963d5b4caea279178c2f719) Importer(2089858483,b0f066a214c2f5e87bad3c948f4d605d) (ScriptedImporter) -> (artifact id: '17dfe7ab8b561403378ff44cc83e1469') in 0.0229433 seconds
Number of updated asset objects reloaded before import = 0Number of asset objects unloaded after import = 3

========================================================================
Received Import Request.
  Time since last request: 0.000044 seconds.
  path: Assets/sprites/Mary/13.png
  artifactKey: Guid(2c9e4068541402047804d92347b1f2a7) Importer(2089858483,b0f066a214c2f5e87bad3c948f4d605d)
Start importing Assets/sprites/Mary/13.png using Guid(2c9e4068541402047804d92347b1f2a7) Importer(2089858483,b0f066a214c2f5e87bad3c948f4d605d) (ScriptedImporter) -> (artifact id: '0361a586e2ea6344be8130eaaf8741e2') in 0.030327 seconds
Number of updated asset objects reloaded before import = 0Number of asset objects unloaded after import = 3

========================================================================
Received Import Request.
  Time since last request: 0.000030 seconds.
  path: Assets/sprites/Caroline/DefineSprite_128/10.png
  artifactKey: Guid(5cb4c80e1f4b67a4ba04168be8d25f7b) Importer(2089858483,b0f066a214c2f5e87bad3c948f4d605d)
Start importing Assets/sprites/Caroline/DefineSprite_128/10.png using Guid(5cb4c80e1f4b67a4ba04168be8d25f7b) Importer(2089858483,b0f066a214c2f5e87bad3c948f4d605d) (ScriptedImporter) -> (artifact id: 'b208b1911a883c8b3cdfeb03f2de996d') in 0.0225424 seconds
Number of updated asset objects reloaded before import = 0Number of asset objects unloaded after import = 3

========================================================================
Received Import Request.
  Time since last request: 0.000026 seconds.
  path: Assets/Prefabs/Customers/Mr. Smith/DefineSprite_383
  artifactKey: Guid(51f38e205b8a7eb429a9a36719290137) Importer(2089858483,b0f066a214c2f5e87bad3c948f4d605d)
Start importing Assets/Prefabs/Customers/Mr. Smith/DefineSprite_383 using Guid(51f38e205b8a7eb429a9a36719290137) Importer(2089858483,b0f066a214c2f5e87bad3c948f4d605d) (ScriptedImporter) -> (artifact id: 'b86a3480f55ff0d56dd0872e77721b94') in 0.0196036 seconds
Number of updated asset objects reloaded before import = 0Number of asset objects unloaded after import = 1

========================================================================
Received Import Request.
  Time since last request: 0.000033 seconds.
  path: Assets/sprites/Mary/DefineSprite_148/4.png
  artifactKey: Guid(43dcb28505c0f204ba6c678edf2bcd3d) Importer(2089858483,b0f066a214c2f5e87bad3c948f4d605d)
Start importing Assets/sprites/Mary/DefineSprite_148/4.png using Guid(43dcb28505c0f204ba6c678edf2bcd3d) Importer(2089858483,b0f066a214c2f5e87bad3c948f4d605d) (ScriptedImporter) -> (artifact id: '082333aada32bc0f3b044bc68aff7cd8') in 0.027533 seconds
Number of updated asset objects reloaded before import = 0Number of asset objects unloaded after import = 3

========================================================================
Received Import Request.
  Time since last request: 0.000047 seconds.
  path: Assets/Prefabs/Customers/Mr. Smith/DefineSprite_387/139.png
  artifactKey: Guid(2731ce912c054e34f85f2e9c9ff46aa1) Importer(2089858483,b0f066a214c2f5e87bad3c948f4d605d)
Start importing Assets/Prefabs/Customers/Mr. Smith/DefineSprite_387/139.png using Guid(2731ce912c054e34f85f2e9c9ff46aa1) Importer(2089858483,b0f066a214c2f5e87bad3c948f4d605d) (ScriptedImporter) -> (artifact id: '9d63864c6829881eab4edbbaecc90c1b') in 0.0283578 seconds
Number of updated asset objects reloaded before import = 0Number of asset objects unloaded after import = 3

========================================================================
Received Import Request.
  Time since last request: 0.000027 seconds.
  path: Assets/sprites/Caroline/DefineSprite_128/11.png
  artifactKey: Guid(dfa8a065958abf5448dd529038efb791) Importer(2089858483,b0f066a214c2f5e87bad3c948f4d605d)
Start importing Assets/sprites/Caroline/DefineSprite_128/11.png using Guid(dfa8a065958abf5448dd529038efb791) Importer(2089858483,b0f066a214c2f5e87bad3c948f4d605d) (ScriptedImporter) -> (artifact id: 'ffa3dfde1890da53ec51e23579e2bb88') in 0.0236642 seconds
Number of updated asset objects reloaded before import = 0Number of asset objects unloaded after import = 3

========================================================================
Received Import Request.
  Time since last request: 0.000030 seconds.
  path: Assets/sprites/Mary/DefineSprite_148/9.png
  artifactKey: Guid(41487287bdd32d84a98d712eb401372a) Importer(2089858483,b0f066a214c2f5e87bad3c948f4d605d)
Start importing Assets/sprites/Mary/DefineSprite_148/9.png using Guid(41487287bdd32d84a98d712eb401372a) Importer(2089858483,b0f066a214c2f5e87bad3c948f4d605d) (ScriptedImporter) -> (artifact id: 'b82d53e5c698272391a99bee71898853') in 0.0220471 seconds
Number of updated asset objects reloaded before import = 0Number of asset objects unloaded after import = 3

========================================================================
Received Import Request.
  Time since last request: 0.000036 seconds.
  path: Assets/Prefabs/Customers/Mr. Smith/DefineSprite_387/29.png
  artifactKey: Guid(cba9f160e4b05fc4c8d9fd38e0c069af) Importer(2089858483,b0f066a214c2f5e87bad3c948f4d605d)
Start importing Assets/Prefabs/Customers/Mr. Smith/DefineSprite_387/29.png using Guid(cba9f160e4b05fc4c8d9fd38e0c069af) Importer(2089858483,b0f066a214c2f5e87bad3c948f4d605d) (ScriptedImporter) -> (artifact id: '2053056cf01ccfa34745e909dfa1683e') in 0.0341202 seconds
Number of updated asset objects reloaded before import = 0Number of asset objects unloaded after import = 3

========================================================================
Received Import Request.
  Time since last request: 0.000052 seconds.
  path: Assets/sprites/Caroline/3.png
  artifactKey: Guid(1818a1158b1cf744d874e5ebb25f6175) Importer(2089858483,b0f066a214c2f5e87bad3c948f4d605d)
Start importing Assets/sprites/Caroline/3.png using Guid(1818a1158b1cf744d874e5ebb25f6175) Importer(2089858483,b0f066a214c2f5e87bad3c948f4d605d) (ScriptedImporter) -> (artifact id: 'e7c6d4614fbd0b9bddeea7fe639a8ea9') in 0.0273443 seconds
Number of updated asset objects reloaded before import = 0Number of asset objects unloaded after import = 3

========================================================================
Received Import Request.
  Time since last request: 0.000026 seconds.
  path: Assets/sprites/Mary/11.png
  artifactKey: Guid(c98af90c1806c174aae2222591462d31) Importer(2089858483,b0f066a214c2f5e87bad3c948f4d605d)
Start importing Assets/sprites/Mary/11.png using Guid(c98af90c1806c174aae2222591462d31) Importer(2089858483,b0f066a214c2f5e87bad3c948f4d605d) (ScriptedImporter) -> (artifact id: 'e118fc954d9091346655e164c523c1ff') in 0.0228758 seconds
Number of updated asset objects reloaded before import = 0Number of asset objects unloaded after import = 3

========================================================================
Received Import Request.
  Time since last request: 0.000031 seconds.
  path: Assets/Prefabs/Customers/Mr. Smith/DefineSprite_387/72.png
  artifactKey: Guid(96f8ac024fb16564fb24e58a7f3b68ca) Importer(2089858483,b0f066a214c2f5e87bad3c948f4d605d)
Start importing Assets/Prefabs/Customers/Mr. Smith/DefineSprite_387/72.png using Guid(96f8ac024fb16564fb24e58a7f3b68ca) Importer(2089858483,b0f066a214c2f5e87bad3c948f4d605d) (ScriptedImporter) -> (artifact id: 'da5c85c403cb40ba7b5dec828df1757b') in 0.0280202 seconds
Number of updated asset objects reloaded before import = 0Number of asset objects unloaded after import = 3

========================================================================
Received Import Request.
  Time since last request: 0.000036 seconds.
  path: Assets/Prefabs/Customers/Mr. Smith/DefineSprite_387/41.png
  artifactKey: Guid(febfd962f96236241a8bf5b9806e5a26) Importer(2089858483,b0f066a214c2f5e87bad3c948f4d605d)
Start importing Assets/Prefabs/Customers/Mr. Smith/DefineSprite_387/41.png using Guid(febfd962f96236241a8bf5b9806e5a26) Importer(2089858483,b0f066a214c2f5e87bad3c948f4d605d) (ScriptedImporter) -> (artifact id: 'dca78ac1428b22e1ab8b9feac95a1e83') in 0.0239316 seconds
Number of updated asset objects reloaded before import = 0Number of asset objects unloaded after import = 3

========================================================================
Received Import Request.
  Time since last request: 0.000056 seconds.
  path: Assets/Prefabs/Customers/Mr. Smith/DefineSprite_387/13.png
  artifactKey: Guid(e1480872e7a95f24eaf5a07ae33ced64) Importer(2089858483,b0f066a214c2f5e87bad3c948f4d605d)
Start importing Assets/Prefabs/Customers/Mr. Smith/DefineSprite_387/13.png using Guid(e1480872e7a95f24eaf5a07ae33ced64) Importer(2089858483,b0f066a214c2f5e87bad3c948f4d605d) (ScriptedImporter) -> (artifact id: '88ccc55ce0742f8e2282ded3eb9eabfc') in 0.0260028 seconds
Number of updated asset objects reloaded before import = 0Number of asset objects unloaded after import = 3

========================================================================
Received Import Request.
  Time since last request: 0.000044 seconds.
  path: Assets/sprites/Caroline/DefineSprite_128/5.png
  artifactKey: Guid(7f596e15e7d4ca24e85bbeae38ae50c3) Importer(2089858483,b0f066a214c2f5e87bad3c948f4d605d)
Start importing Assets/sprites/Caroline/DefineSprite_128/5.png using Guid(7f596e15e7d4ca24e85bbeae38ae50c3) Importer(2089858483,b0f066a214c2f5e87bad3c948f4d605d) (ScriptedImporter) -> (artifact id: 'fafb91159b9d5aff3f765611764bcf86') in 0.0270484 seconds
Number of updated asset objects reloaded before import = 0Number of asset objects unloaded after import = 3

========================================================================
Received Import Request.
  Time since last request: 0.000039 seconds.
  path: Assets/sprites/Mary/7.png
  artifactKey: Guid(04a1b7e5ffbe5f54ca1bd8b910227ecb) Importer(2089858483,b0f066a214c2f5e87bad3c948f4d605d)
Start importing Assets/sprites/Mary/7.png using Guid(04a1b7e5ffbe5f54ca1bd8b910227ecb) Importer(2089858483,b0f066a214c2f5e87bad3c948f4d605d) (ScriptedImporter) -> (artifact id: 'bf63232b3af175a1b45d2721bd2a15c3') in 0.02951 seconds
Number of updated asset objects reloaded before import = 0Number of asset objects unloaded after import = 3

========================================================================
Received Import Request.
  Time since last request: 0.000038 seconds.
  path: Assets/sprites/Derek/DefineSprite_143/3.png
  artifactKey: Guid(46c4f9c4fcc5ec2499f216b9c0d439e7) Importer(2089858483,b0f066a214c2f5e87bad3c948f4d605d)
Start importing Assets/sprites/Derek/DefineSprite_143/3.png using Guid(46c4f9c4fcc5ec2499f216b9c0d439e7) Importer(2089858483,b0f066a214c2f5e87bad3c948f4d605d) (ScriptedImporter) -> (artifact id: '795ef80c46cee511de6bedefd0d04ca4') in 0.02918 seconds
Number of updated asset objects reloaded before import = 0Number of asset objects unloaded after import = 3

========================================================================
Received Import Request.
  Time since last request: 0.000055 seconds.
  path: Assets/Prefabs/Customers/Mr. Smith/DefineSprite_387/140.png
  artifactKey: Guid(c0d938731ac32754ebe1463e42d24c16) Importer(2089858483,b0f066a214c2f5e87bad3c948f4d605d)
Start importing Assets/Prefabs/Customers/Mr. Smith/DefineSprite_387/140.png using Guid(c0d938731ac32754ebe1463e42d24c16) Importer(2089858483,b0f066a214c2f5e87bad3c948f4d605d) (ScriptedImporter) -> (artifact id: 'ed6036a8b78a6ca4358881ac37d5ade7') in 0.0248086 seconds
Number of updated asset objects reloaded before import = 0Number of asset objects unloaded after import = 3

========================================================================
Received Import Request.
  Time since last request: 0.000034 seconds.
  path: Assets/Prefabs/Customers/Mr. Smith/DefineSprite_387/81.png
  artifactKey: Guid(3ca15283126bea0478d4b5040cf6fa0b) Importer(2089858483,b0f066a214c2f5e87bad3c948f4d605d)
Start importing Assets/Prefabs/Customers/Mr. Smith/DefineSprite_387/81.png using Guid(3ca15283126bea0478d4b5040cf6fa0b) Importer(2089858483,b0f066a214c2f5e87bad3c948f4d605d) (ScriptedImporter) -> (artifact id: 'e71bf6ac47ff98353c34411e279fec72') in 0.0204957 seconds
Number of updated asset objects reloaded before import = 0Number of asset objects unloaded after import = 3

========================================================================
Received Import Request.
  Time since last request: 0.000027 seconds.
  path: Assets/sprites/Mary/DefineSprite_148/7.png
  artifactKey: Guid(36e4489e52a70ec45af7eb233e871df4) Importer(2089858483,b0f066a214c2f5e87bad3c948f4d605d)
Start importing Assets/sprites/Mary/DefineSprite_148/7.png using Guid(36e4489e52a70ec45af7eb233e871df4) Importer(2089858483,b0f066a214c2f5e87bad3c948f4d605d) (ScriptedImporter) -> (artifact id: 'f2d9371f199fbd6cda3ed11af61a350e') in 0.0207706 seconds
Number of updated asset objects reloaded before import = 0Number of asset objects unloaded after import = 3

========================================================================
Received Import Request.
  Time since last request: 0.000035 seconds.
  path: Assets/Prefabs/Customers/Mr. Smith/DefineSprite_387/108.png
  artifactKey: Guid(d2e994d21101a3342909e3a59ae3a80a) Importer(2089858483,b0f066a214c2f5e87bad3c948f4d605d)
Start importing Assets/Prefabs/Customers/Mr. Smith/DefineSprite_387/108.png using Guid(d2e994d21101a3342909e3a59ae3a80a) Importer(2089858483,b0f066a214c2f5e87bad3c948f4d605d) (ScriptedImporter) -> (artifact id: '31ffc30223d600fbf27b4432cc8d4357') in 0.0257766 seconds
Number of updated asset objects reloaded before import = 0Number of asset objects unloaded after import = 3

========================================================================
Received Import Request.
  Time since last request: 0.000040 seconds.
  path: Assets/sprites/Mary/6.png
  artifactKey: Guid(1266e82d4f2990845a2403d2cb0699bd) Importer(2089858483,b0f066a214c2f5e87bad3c948f4d605d)
Start importing Assets/sprites/Mary/6.png using Guid(1266e82d4f2990845a2403d2cb0699bd) Importer(2089858483,b0f066a214c2f5e87bad3c948f4d605d) (ScriptedImporter) -> (artifact id: 'e016aca00c7f00abcae47caea2187e20') in 0.0235335 seconds
Number of updated asset objects reloaded before import = 0Number of asset objects unloaded after import = 3

========================================================================
Received Import Request.
  Time since last request: 0.000027 seconds.
  path: Assets/Prefabs/Customers/Mr. Smith/DefineSprite_380
  artifactKey: Guid(5e789234bfddd554db917c7412a84e2a) Importer(2089858483,b0f066a214c2f5e87bad3c948f4d605d)
Start importing Assets/Prefabs/Customers/Mr. Smith/DefineSprite_380 using Guid(5e789234bfddd554db917c7412a84e2a) Importer(2089858483,b0f066a214c2f5e87bad3c948f4d605d) (ScriptedImporter) -> (artifact id: 'c864be9ca8cc6684c36fb13deff3c606') in 0.0170442 seconds
Number of updated asset objects reloaded before import = 0Number of asset objects unloaded after import = 1

========================================================================
Received Import Request.
  Time since last request: 0.000020 seconds.
  path: Assets/sprites/Caroline/9.png
  artifactKey: Guid(0332cbdb1e77e694d85a0f4459a67723) Importer(2089858483,b0f066a214c2f5e87bad3c948f4d605d)
Start importing Assets/sprites/Caroline/9.png using Guid(0332cbdb1e77e694d85a0f4459a67723) Importer(2089858483,b0f066a214c2f5e87bad3c948f4d605d) (ScriptedImporter) -> (artifact id: '446b4b8e10b384fd75c4480b99fa48e8') in 0.0272951 seconds
Number of updated asset objects reloaded before import = 0Number of asset objects unloaded after import = 3

========================================================================
Received Import Request.
  Time since last request: 0.000037 seconds.
  path: Assets/Prefabs/Customers/Mr. Smith/DefineSprite_387/91.png
  artifactKey: Guid(b1d0f694831392e4ba107250d552163b) Importer(2089858483,b0f066a214c2f5e87bad3c948f4d605d)
Start importing Assets/Prefabs/Customers/Mr. Smith/DefineSprite_387/91.png using Guid(b1d0f694831392e4ba107250d552163b) Importer(2089858483,b0f066a214c2f5e87bad3c948f4d605d) (ScriptedImporter) -> (artifact id: '380af25f4f4c0808bc5efd11b30bb04b') in 0.0217365 seconds
Number of updated asset objects reloaded before import = 0Number of asset objects unloaded after import = 3

========================================================================
Received Import Request.
  Time since last request: 0.000052 seconds.
  path: Assets/Prefabs/Customers/Mr. Smith/DefineSprite_387/90.png
  artifactKey: Guid(0d74e8a490554dd45861fa2391b0783a) Importer(2089858483,b0f066a214c2f5e87bad3c948f4d605d)
Start importing Assets/Prefabs/Customers/Mr. Smith/DefineSprite_387/90.png using Guid(0d74e8a490554dd45861fa2391b0783a) Importer(2089858483,b0f066a214c2f5e87bad3c948f4d605d) (ScriptedImporter) -> (artifact id: '8e64f615f66291f585db678c846f9086') in 0.0243943 seconds
Number of updated asset objects reloaded before import = 0Number of asset objects unloaded after import = 3

========================================================================
Received Import Request.
  Time since last request: 0.000031 seconds.
  path: Assets/Prefabs/Customers/Mr. Smith/DefineSprite_387/18.png
  artifactKey: Guid(389dbac3856b72540b306fd1333e0842) Importer(2089858483,b0f066a214c2f5e87bad3c948f4d605d)
Start importing Assets/Prefabs/Customers/Mr. Smith/DefineSprite_387/18.png using Guid(389dbac3856b72540b306fd1333e0842) Importer(2089858483,b0f066a214c2f5e87bad3c948f4d605d) (ScriptedImporter) -> (artifact id: '6ece3bc8022b8343450cc4af85182bec') in 0.0206084 seconds
Number of updated asset objects reloaded before import = 0Number of asset objects unloaded after import = 3

========================================================================
Received Import Request.
  Time since last request: 0.000034 seconds.
  path: Assets/sprites/Mary/DefineSprite_133/8.png
  artifactKey: Guid(558ab1431b3ba4e4c92320157ca801f7) Importer(2089858483,b0f066a214c2f5e87bad3c948f4d605d)
Start importing Assets/sprites/Mary/DefineSprite_133/8.png using Guid(558ab1431b3ba4e4c92320157ca801f7) Importer(2089858483,b0f066a214c2f5e87bad3c948f4d605d) (ScriptedImporter) -> (artifact id: 'efa0aeede8d08e062e2afaa30e16fd22') in 0.0212282 seconds
Number of updated asset objects reloaded before import = 0Number of asset objects unloaded after import = 3

========================================================================
Received Import Request.
  Time since last request: 0.000038 seconds.
  path: Assets/Prefabs/Customers/Mr. Smith/DefineSprite_387/170.png
  artifactKey: Guid(f6290c70c371a3d4db73ba03a3c3b87c) Importer(2089858483,b0f066a214c2f5e87bad3c948f4d605d)
Start importing Assets/Prefabs/Customers/Mr. Smith/DefineSprite_387/170.png using Guid(f6290c70c371a3d4db73ba03a3c3b87c) Importer(2089858483,b0f066a214c2f5e87bad3c948f4d605d) (ScriptedImporter) -> (artifact id: '422ade551b8844c522922baa1b6209c2') in 0.0260065 seconds
Number of updated asset objects reloaded before import = 0Number of asset objects unloaded after import = 3

========================================================================
Received Import Request.
  Time since last request: 0.000047 seconds.
  path: Assets/Prefabs/Customers/Mr. Smith/DefineSprite_387/16.png
  artifactKey: Guid(e1e47bc3ddcdc444693e5213d6fd4020) Importer(2089858483,b0f066a214c2f5e87bad3c948f4d605d)
Start importing Assets/Prefabs/Customers/Mr. Smith/DefineSprite_387/16.png using Guid(e1e47bc3ddcdc444693e5213d6fd4020) Importer(2089858483,b0f066a214c2f5e87bad3c948f4d605d) (ScriptedImporter) -> (artifact id: 'a3955d545a4b6dfbceb06404e17f1796') in 0.0246915 seconds
Number of updated asset objects reloaded before import = 0Number of asset objects unloaded after import = 3

========================================================================
Received Import Request.
  Time since last request: 0.000030 seconds.
  path: Assets/Prefabs/Customers/Mr. Smith/DefineSprite_387/76.png
  artifactKey: Guid(88c27ab4ed83c3447a821ab130c4b948) Importer(2089858483,b0f066a214c2f5e87bad3c948f4d605d)
Start importing Assets/Prefabs/Customers/Mr. Smith/DefineSprite_387/76.png using Guid(88c27ab4ed83c3447a821ab130c4b948) Importer(2089858483,b0f066a214c2f5e87bad3c948f4d605d) (ScriptedImporter) -> (artifact id: '4c1f5f5451052ed75923afdef45a19b3') in 0.0230227 seconds
Number of updated asset objects reloaded before import = 0Number of asset objects unloaded after import = 3

========================================================================
Received Import Request.
  Time since last request: 0.000032 seconds.
  path: Assets/Prefabs/Customers/Mr. Smith/DefineSprite_387/47.png
  artifactKey: Guid(96bb3215bf44d7e44b55ac869ce8bb7f) Importer(2089858483,b0f066a214c2f5e87bad3c948f4d605d)
Start importing Assets/Prefabs/Customers/Mr. Smith/DefineSprite_387/47.png using Guid(96bb3215bf44d7e44b55ac869ce8bb7f) Importer(2089858483,b0f066a214c2f5e87bad3c948f4d605d) (ScriptedImporter) -> (artifact id: '825c3137b1e18dfde839b77db65f56b7') in 0.0249569 seconds
Number of updated asset objects reloaded before import = 0Number of asset objects unloaded after import = 3

========================================================================
Received Import Request.
  Time since last request: 0.000037 seconds.
  path: Assets/Prefabs/Customers/Mr. Smith/DefineSprite_387/51.png
  artifactKey: Guid(589b61354d95e824eb04f17aa024213d) Importer(2089858483,b0f066a214c2f5e87bad3c948f4d605d)
Start importing Assets/Prefabs/Customers/Mr. Smith/DefineSprite_387/51.png using Guid(589b61354d95e824eb04f17aa024213d) Importer(2089858483,b0f066a214c2f5e87bad3c948f4d605d) (ScriptedImporter) -> (artifact id: 'd9e3587c8505fcbed5c99417fd87a047') in 0.0261371 seconds
Number of updated asset objects reloaded before import = 0Number of asset objects unloaded after import = 3

========================================================================
Received Import Request.
  Time since last request: 0.000043 seconds.
  path: Assets/Prefabs/Customers/Mr. Smith/DefineSprite_387/101.png
  artifactKey: Guid(ef552c05a0a452741bfbc0d29f771372) Importer(2089858483,b0f066a214c2f5e87bad3c948f4d605d)
Start importing Assets/Prefabs/Customers/Mr. Smith/DefineSprite_387/101.png using Guid(ef552c05a0a452741bfbc0d29f771372) Importer(2089858483,b0f066a214c2f5e87bad3c948f4d605d) (ScriptedImporter) -> (artifact id: '765f0a28e69adf22c257282941d891bb') in 0.0216579 seconds
Number of updated asset objects reloaded before import = 0Number of asset objects unloaded after import = 3

========================================================================
Received Import Request.
  Time since last request: 0.000030 seconds.
  path: Assets/Prefabs/Customers/Mr. Smith/DefineSprite_387/88.png
  artifactKey: Guid(b2a41d95f0d6f8649a94031f71ed6910) Importer(2089858483,b0f066a214c2f5e87bad3c948f4d605d)
Start importing Assets/Prefabs/Customers/Mr. Smith/DefineSprite_387/88.png using Guid(b2a41d95f0d6f8649a94031f71ed6910) Importer(2089858483,b0f066a214c2f5e87bad3c948f4d605d) (ScriptedImporter) -> (artifact id: 'd4af2425048ff3af27e40b6c7699c7af') in 0.026845 seconds
Number of updated asset objects reloaded before import = 0Number of asset objects unloaded after import = 3

========================================================================
Received Import Request.
  Time since last request: 0.000039 seconds.
  path: Assets/Prefabs/Customers/Mr. Smith/DefineSprite_387/42.png
  artifactKey: Guid(4f4cf032785348f40af704ba15c972b0) Importer(2089858483,b0f066a214c2f5e87bad3c948f4d605d)
Start importing Assets/Prefabs/Customers/Mr. Smith/DefineSprite_387/42.png using Guid(4f4cf032785348f40af704ba15c972b0) Importer(2089858483,b0f066a214c2f5e87bad3c948f4d605d) (ScriptedImporter) -> (artifact id: 'e9d509b00edf87945b16a96bf0d417f8') in 0.0263658 seconds
Number of updated asset objects reloaded before import = 0Number of asset objects unloaded after import = 3

========================================================================
Received Import Request.
  Time since last request: 0.000029 seconds.
  path: Assets/Prefabs/Customers/Mr. Smith/DefineSprite_387/43.png
  artifactKey: Guid(690f47d6a6ddf9842995b1eb2e6d44ba) Importer(2089858483,b0f066a214c2f5e87bad3c948f4d605d)
Start importing Assets/Prefabs/Customers/Mr. Smith/DefineSprite_387/43.png using Guid(690f47d6a6ddf9842995b1eb2e6d44ba) Importer(2089858483,b0f066a214c2f5e87bad3c948f4d605d) (ScriptedImporter) -> (artifact id: '92e7eb126f1002382091e84e9488d164') in 0.0230239 seconds
Number of updated asset objects reloaded before import = 0Number of asset objects unloaded after import = 3

========================================================================
Received Import Request.
  Time since last request: 0.000052 seconds.
  path: Assets/Prefabs/Customers/Mr. Smith/DefineSprite_387/126.png
  artifactKey: Guid(4e652c466a55d3944b40a47e6ed2cc9e) Importer(2089858483,b0f066a214c2f5e87bad3c948f4d605d)
Start importing Assets/Prefabs/Customers/Mr. Smith/DefineSprite_387/126.png using Guid(4e652c466a55d3944b40a47e6ed2cc9e) Importer(2089858483,b0f066a214c2f5e87bad3c948f4d605d) (ScriptedImporter) -> (artifact id: '30d17014731cecd6cf644ea693948013') in 0.0204336 seconds
Number of updated asset objects reloaded before import = 0Number of asset objects unloaded after import = 3

========================================================================
Received Import Request.
  Time since last request: 0.000029 seconds.
  path: Assets/Prefabs/Customers/Mr. Smith/DefineSprite_387/118.png
  artifactKey: Guid(88d45db570259f74e8d61f22b272c94b) Importer(2089858483,b0f066a214c2f5e87bad3c948f4d605d)
Start importing Assets/Prefabs/Customers/Mr. Smith/DefineSprite_387/118.png using Guid(88d45db570259f74e8d61f22b272c94b) Importer(2089858483,b0f066a214c2f5e87bad3c948f4d605d) (ScriptedImporter) -> (artifact id: 'adf91443eb42f6ba53de4770a91dbe4d') in 0.0247453 seconds
Number of updated asset objects reloaded before import = 0Number of asset objects unloaded after import = 3

========================================================================
Received Import Request.
  Time since last request: 0.000025 seconds.
  path: Assets/sprites/Caroline/DefineSprite_128/9.png
  artifactKey: Guid(f807595936a479045b508de4bc85fdb3) Importer(2089858483,b0f066a214c2f5e87bad3c948f4d605d)
Start importing Assets/sprites/Caroline/DefineSprite_128/9.png using Guid(f807595936a479045b508de4bc85fdb3) Importer(2089858483,b0f066a214c2f5e87bad3c948f4d605d) (ScriptedImporter) -> (artifact id: '23a4e00a0098c74ccd45973752a264c8') in 0.028624 seconds
Number of updated asset objects reloaded before import = 0Number of asset objects unloaded after import = 3

========================================================================
Received Import Request.
  Time since last request: 0.000034 seconds.
  path: Assets/Prefabs/Customers/Mr. Smith/DefineSprite_387/59.png
  artifactKey: Guid(fca0dcc519f414446a29b8f439615fa8) Importer(2089858483,b0f066a214c2f5e87bad3c948f4d605d)
Start importing Assets/Prefabs/Customers/Mr. Smith/DefineSprite_387/59.png using Guid(fca0dcc519f414446a29b8f439615fa8) Importer(2089858483,b0f066a214c2f5e87bad3c948f4d605d) (ScriptedImporter) -> (artifact id: '1adfee44fd74badf398c393ab7818226') in 0.0224557 seconds
Number of updated asset objects reloaded before import = 0Number of asset objects unloaded after import = 3

========================================================================
Received Import Request.
  Time since last request: 0.000058 seconds.
  path: Assets/sprites/Derek/DefineSprite_143/15.png
  artifactKey: Guid(b211c5a96aa2f804d82510815e754fff) Importer(2089858483,b0f066a214c2f5e87bad3c948f4d605d)
Start importing Assets/sprites/Derek/DefineSprite_143/15.png using Guid(b211c5a96aa2f804d82510815e754fff) Importer(2089858483,b0f066a214c2f5e87bad3c948f4d605d) (ScriptedImporter) -> (artifact id: '0e3004f356207e634a5137764c3b4177') in 0.0250049 seconds
Number of updated asset objects reloaded before import = 0Number of asset objects unloaded after import = 3

========================================================================
Received Import Request.
  Time since last request: 0.000032 seconds.
  path: Assets/Prefabs/Customers/Mr. Smith/DefineSprite_387/164.png
  artifactKey: Guid(3a143150f16e2324193d9347bf1325e6) Importer(2089858483,b0f066a214c2f5e87bad3c948f4d605d)
Start importing Assets/Prefabs/Customers/Mr. Smith/DefineSprite_387/164.png using Guid(3a143150f16e2324193d9347bf1325e6) Importer(2089858483,b0f066a214c2f5e87bad3c948f4d605d) (ScriptedImporter) -> (artifact id: '1189fe13554dfc08dee028ded1af4520') in 0.0213315 seconds
Number of updated asset objects reloaded before import = 0Number of asset objects unloaded after import = 3

========================================================================
Received Import Request.
  Time since last request: 0.000030 seconds.
  path: Assets/Prefabs/Customers/Mr. Smith/DefineSprite_387/163.png
  artifactKey: Guid(c214d0b7ef47a774e8883ad37727928d) Importer(2089858483,b0f066a214c2f5e87bad3c948f4d605d)
Start importing Assets/Prefabs/Customers/Mr. Smith/DefineSprite_387/163.png using Guid(c214d0b7ef47a774e8883ad37727928d) Importer(2089858483,b0f066a214c2f5e87bad3c948f4d605d) (ScriptedImporter) -> (artifact id: '1e87dd6d1d2dd6265af27f112e82535e') in 0.0247259 seconds
Number of updated asset objects reloaded before import = 0Number of asset objects unloaded after import = 3

========================================================================
Received Import Request.
  Time since last request: 0.000038 seconds.
  path: Assets/Prefabs/Customers/Mr. Smith/DefineSprite_387/113.png
  artifactKey: Guid(af2ef33732186984e88941c83b089c42) Importer(2089858483,b0f066a214c2f5e87bad3c948f4d605d)
Start importing Assets/Prefabs/Customers/Mr. Smith/DefineSprite_387/113.png using Guid(af2ef33732186984e88941c83b089c42) Importer(2089858483,b0f066a214c2f5e87bad3c948f4d605d) (ScriptedImporter) -> (artifact id: '83f9f14bb822c7893129d39621a050f6') in 0.0221114 seconds
Number of updated asset objects reloaded before import = 0Number of asset objects unloaded after import = 3

========================================================================
Received Import Request.
  Time since last request: 0.000044 seconds.
  path: Assets/Prefabs/Customers/Mr. Smith/DefineSprite_387/92.png
  artifactKey: Guid(a4eb3be6ae8923349b69e4e7d895812e) Importer(2089858483,b0f066a214c2f5e87bad3c948f4d605d)
Start importing Assets/Prefabs/Customers/Mr. Smith/DefineSprite_387/92.png using Guid(a4eb3be6ae8923349b69e4e7d895812e) Importer(2089858483,b0f066a214c2f5e87bad3c948f4d605d) (ScriptedImporter) -> (artifact id: 'f6d41750bdcd2e25778eab6c07962238') in 0.023871 seconds
Number of updated asset objects reloaded before import = 0Number of asset objects unloaded after import = 3

========================================================================
Received Import Request.
  Time since last request: 0.000031 seconds.
  path: Assets/Prefabs/Customers/Mr. Smith/DefineSprite_387/144.png
  artifactKey: Guid(25e698f67205dec4083c9f6cb357b2b0) Importer(2089858483,b0f066a214c2f5e87bad3c948f4d605d)
Start importing Assets/Prefabs/Customers/Mr. Smith/DefineSprite_387/144.png using Guid(25e698f67205dec4083c9f6cb357b2b0) Importer(2089858483,b0f066a214c2f5e87bad3c948f4d605d) (ScriptedImporter) -> (artifact id: '96c8cc08b3ad3ccfc51adeeeebb9f336') in 0.019811 seconds
Number of updated asset objects reloaded before import = 0Number of asset objects unloaded after import = 3

========================================================================
Received Import Request.
  Time since last request: 0.000041 seconds.
  path: Assets/sprites/Mary/DefineSprite_148/5.png
  artifactKey: Guid(29db047ebb2f3e24d9289b8da5f61974) Importer(2089858483,b0f066a214c2f5e87bad3c948f4d605d)
Start importing Assets/sprites/Mary/DefineSprite_148/5.png using Guid(29db047ebb2f3e24d9289b8da5f61974) Importer(2089858483,b0f066a214c2f5e87bad3c948f4d605d) (ScriptedImporter) -> (artifact id: 'fa45e0d24d81f9ef3a5a765b77d70718') in 0.0252554 seconds
Number of updated asset objects reloaded before import = 0Number of asset objects unloaded after import = 3

========================================================================
Received Import Request.
  Time since last request: 0.000046 seconds.
  path: Assets/sprites/Mary/DefineSprite_133/12.png
  artifactKey: Guid(0dfac40dea40794429d0e9f8e446cb37) Importer(2089858483,b0f066a214c2f5e87bad3c948f4d605d)
Start importing Assets/sprites/Mary/DefineSprite_133/12.png using Guid(0dfac40dea40794429d0e9f8e446cb37) Importer(2089858483,b0f066a214c2f5e87bad3c948f4d605d) (ScriptedImporter) -> (artifact id: 'acc4e539dc7755377d65a91652e1af23') in 0.0236466 seconds
Number of updated asset objects reloaded before import = 0Number of asset objects unloaded after import = 3

========================================================================
Received Import Request.
  Time since last request: 0.000063 seconds.
  path: Assets/Prefabs/Customers/Mr. Smith/DefineSprite_387/127.png
  artifactKey: Guid(fbe914a84296e164ba29129b84d7ab78) Importer(2089858483,b0f066a214c2f5e87bad3c948f4d605d)
Start importing Assets/Prefabs/Customers/Mr. Smith/DefineSprite_387/127.png using Guid(fbe914a84296e164ba29129b84d7ab78) Importer(2089858483,b0f066a214c2f5e87bad3c948f4d605d) (ScriptedImporter) -> (artifact id: '88ffda7694c89bb567521335e5a6376f') in 0.0275594 seconds
Number of updated asset objects reloaded before import = 0Number of asset objects unloaded after import = 3

========================================================================
Received Import Request.
  Time since last request: 0.000035 seconds.
  path: Assets/Prefabs/Customers/Mr. Smith/DefineSprite_387/94.png
  artifactKey: Guid(efdd8098b78c2f54fb2b67b53b8589b7) Importer(2089858483,b0f066a214c2f5e87bad3c948f4d605d)
Start importing Assets/Prefabs/Customers/Mr. Smith/DefineSprite_387/94.png using Guid(efdd8098b78c2f54fb2b67b53b8589b7) Importer(2089858483,b0f066a214c2f5e87bad3c948f4d605d) (ScriptedImporter) -> (artifact id: '86daad2994e0a1eaefbb375bc0968bd4') in 0.024477 seconds
Number of updated asset objects reloaded before import = 0Number of asset objects unloaded after import = 3

========================================================================
Received Import Request.
  Time since last request: 0.000029 seconds.
  path: Assets/Prefabs/Customers/Mr. Smith/DefineSprite_387/61.png
  artifactKey: Guid(5aaaecb8cb5812a40b0e2599ab8a9e37) Importer(2089858483,b0f066a214c2f5e87bad3c948f4d605d)
Start importing Assets/Prefabs/Customers/Mr. Smith/DefineSprite_387/61.png using Guid(5aaaecb8cb5812a40b0e2599ab8a9e37) Importer(2089858483,b0f066a214c2f5e87bad3c948f4d605d) (ScriptedImporter) -> (artifact id: '9d22ed311ed42e4c887993a1107d4f87') in 0.0231266 seconds
Number of updated asset objects reloaded before import = 0Number of asset objects unloaded after import = 3

========================================================================
Received Import Request.
  Time since last request: 0.000043 seconds.
  path: Assets/sprites/Derek/DefineSprite_143/4.png
  artifactKey: Guid(9cb5ca6ff13c85140ba963b41fbcc24f) Importer(2089858483,b0f066a214c2f5e87bad3c948f4d605d)
Start importing Assets/sprites/Derek/DefineSprite_143/4.png using Guid(9cb5ca6ff13c85140ba963b41fbcc24f) Importer(2089858483,b0f066a214c2f5e87bad3c948f4d605d) (ScriptedImporter) -> (artifact id: 'fcfcc0829962ef85385fbbf819608cab') in 0.0202184 seconds
Number of updated asset objects reloaded before import = 0Number of asset objects unloaded after import = 3

========================================================================
Received Import Request.
  Time since last request: 0.000034 seconds.
  path: Assets/Prefabs/Customers/Mr. Smith/DefineSprite_387/60.png
  artifactKey: Guid(c79d130458461ec47b9a4676da5e255e) Importer(2089858483,b0f066a214c2f5e87bad3c948f4d605d)
Start importing Assets/Prefabs/Customers/Mr. Smith/DefineSprite_387/60.png using Guid(c79d130458461ec47b9a4676da5e255e) Importer(2089858483,b0f066a214c2f5e87bad3c948f4d605d) (ScriptedImporter) -> (artifact id: '877846263a9af581decb26975c590730') in 0.0216715 seconds
Number of updated asset objects reloaded before import = 0Number of asset objects unloaded after import = 3

========================================================================
Received Import Request.
  Time since last request: 0.000026 seconds.
  path: Assets/Prefabs/Customers/Mr. Smith/DefineSprite_387/99.png
  artifactKey: Guid(33d4fcb8f6066f845bd71ae27ef850ac) Importer(2089858483,b0f066a214c2f5e87bad3c948f4d605d)
Start importing Assets/Prefabs/Customers/Mr. Smith/DefineSprite_387/99.png using Guid(33d4fcb8f6066f845bd71ae27ef850ac) Importer(2089858483,b0f066a214c2f5e87bad3c948f4d605d) (ScriptedImporter) -> (artifact id: 'e676c06f281041355ef26f2adf83fbdc') in 0.0206224 seconds
Number of updated asset objects reloaded before import = 0Number of asset objects unloaded after import = 3

========================================================================
Received Import Request.
  Time since last request: 0.000034 seconds.
  path: Assets/Prefabs/Customers/Mr. Smith/DefineSprite_386
  artifactKey: Guid(e4744976295e6254585008934157b994) Importer(2089858483,b0f066a214c2f5e87bad3c948f4d605d)
Start importing Assets/Prefabs/Customers/Mr. Smith/DefineSprite_386 using Guid(e4744976295e6254585008934157b994) Importer(2089858483,b0f066a214c2f5e87bad3c948f4d605d) (ScriptedImporter) -> (artifact id: '0e6958b490e5b47bf3d930cb0400d567') in 0.0119431 seconds
Number of updated asset objects reloaded before import = 0Number of asset objects unloaded after import = 1

========================================================================
Received Import Request.
  Time since last request: 0.000023 seconds.
  path: Assets/Prefabs/Customers/Mr. Smith/DefineSprite_387/151.png
  artifactKey: Guid(c5addee959af4f74da5dcd981e20fbde) Importer(2089858483,b0f066a214c2f5e87bad3c948f4d605d)
Start importing Assets/Prefabs/Customers/Mr. Smith/DefineSprite_387/151.png using Guid(c5addee959af4f74da5dcd981e20fbde) Importer(2089858483,b0f066a214c2f5e87bad3c948f4d605d) (ScriptedImporter) -> (artifact id: '3759bf7bf7ab8199b5f550c7b8483c48') in 0.0200731 seconds
Number of updated asset objects reloaded before import = 0Number of asset objects unloaded after import = 3

========================================================================
Received Import Request.
  Time since last request: 0.000024 seconds.
  path: Assets/Prefabs/Customers/Mr. Smith/DefineSprite_387/66.png
  artifactKey: Guid(dec290f980701b04db689e95be334c6d) Importer(2089858483,b0f066a214c2f5e87bad3c948f4d605d)
Start importing Assets/Prefabs/Customers/Mr. Smith/DefineSprite_387/66.png using Guid(dec290f980701b04db689e95be334c6d) Importer(2089858483,b0f066a214c2f5e87bad3c948f4d605d) (ScriptedImporter) -> (artifact id: '47f1e52afa060c060cc198ed78ba11cd') in 0.0176543 seconds
Number of updated asset objects reloaded before import = 0Number of asset objects unloaded after import = 3

========================================================================
Received Import Request.
  Time since last request: 0.000028 seconds.
  path: Assets/Prefabs/Customers/Mr. Smith/DefineSprite_387/3.png
  artifactKey: Guid(6f619e238d1db5343b91043280263868) Importer(2089858483,b0f066a214c2f5e87bad3c948f4d605d)
Start importing Assets/Prefabs/Customers/Mr. Smith/DefineSprite_387/3.png using Guid(6f619e238d1db5343b91043280263868) Importer(2089858483,b0f066a214c2f5e87bad3c948f4d605d) (ScriptedImporter) -> (artifact id: 'a33b16cc7dda97834b8277c811d91e6d') in 0.0187525 seconds
Number of updated asset objects reloaded before import = 0Number of asset objects unloaded after import = 3

========================================================================
Received Import Request.
  Time since last request: 0.000025 seconds.
  path: Assets/Prefabs/Customers/Mr. Smith/DefineSprite_387/74.png
  artifactKey: Guid(338852569fde94d48bde53cf7f95b73c) Importer(2089858483,b0f066a214c2f5e87bad3c948f4d605d)
Start importing Assets/Prefabs/Customers/Mr. Smith/DefineSprite_387/74.png using Guid(338852569fde94d48bde53cf7f95b73c) Importer(2089858483,b0f066a214c2f5e87bad3c948f4d605d) (ScriptedImporter) -> (artifact id: 'acd5274f9b47ae138643be47a9652515') in 0.0198257 seconds
Number of updated asset objects reloaded before import = 0Number of asset objects unloaded after import = 3

========================================================================
Received Import Request.
  Time since last request: 0.000024 seconds.
  path: Assets/sprites/Caroline/8.png
  artifactKey: Guid(5c77158127d66874f9acd8460777ad69) Importer(2089858483,b0f066a214c2f5e87bad3c948f4d605d)
Start importing Assets/sprites/Caroline/8.png using Guid(5c77158127d66874f9acd8460777ad69) Importer(2089858483,b0f066a214c2f5e87bad3c948f4d605d) (ScriptedImporter) -> (artifact id: '1c1cbe3795b5d25683a17ec6c85e2dc0') in 0.0196522 seconds
Number of updated asset objects reloaded before import = 0Number of asset objects unloaded after import = 3

========================================================================
Received Import Request.
  Time since last request: 0.000025 seconds.
  path: Assets/Prefabs/Customers/Mr. Smith/DefineSprite_387/27.png
  artifactKey: Guid(3ed657a46da3e4e43a76c57d0a130bcc) Importer(2089858483,b0f066a214c2f5e87bad3c948f4d605d)
Start importing Assets/Prefabs/Customers/Mr. Smith/DefineSprite_387/27.png using Guid(3ed657a46da3e4e43a76c57d0a130bcc) Importer(2089858483,b0f066a214c2f5e87bad3c948f4d605d) (ScriptedImporter) -> (artifact id: 'e4ba220b5d533ed6a1c56a7eebfd379c') in 0.0194923 seconds
Number of updated asset objects reloaded before import = 0Number of asset objects unloaded after import = 3

========================================================================
Received Import Request.
  Time since last request: 0.000027 seconds.
  path: Assets/Prefabs/Customers/Mr. Smith/DefineSprite_387/175.png
  artifactKey: Guid(faa9c872fb87c044a8d7e335f61e3e19) Importer(2089858483,b0f066a214c2f5e87bad3c948f4d605d)
Start importing Assets/Prefabs/Customers/Mr. Smith/DefineSprite_387/175.png using Guid(faa9c872fb87c044a8d7e335f61e3e19) Importer(2089858483,b0f066a214c2f5e87bad3c948f4d605d) (ScriptedImporter) -> (artifact id: 'a6dc1c2274ad592397d8902e5b0063e8') in 0.0183807 seconds
Number of updated asset objects reloaded before import = 0Number of asset objects unloaded after import = 3

========================================================================
Received Import Request.
  Time since last request: 0.000039 seconds.
  path: Assets/sprites/Mary/2.png
  artifactKey: Guid(b68f397cebf17e14d8816644334a4049) Importer(2089858483,b0f066a214c2f5e87bad3c948f4d605d)
Start importing Assets/sprites/Mary/2.png using Guid(b68f397cebf17e14d8816644334a4049) Importer(2089858483,b0f066a214c2f5e87bad3c948f4d605d) (ScriptedImporter) -> (artifact id: '926231a52d37d34912864f815b7ed05d') in 0.0184141 seconds
Number of updated asset objects reloaded before import = 0Number of asset objects unloaded after import = 3

========================================================================
Received Import Request.
  Time since last request: 0.000018 seconds.
  path: Assets/Prefabs/Customers/Mr. Smith/DefineSprite_387/46.png
  artifactKey: Guid(9199ef7b61f4c2b4c86a70219f513ba8) Importer(2089858483,b0f066a214c2f5e87bad3c948f4d605d)
Start importing Assets/Prefabs/Customers/Mr. Smith/DefineSprite_387/46.png using Guid(9199ef7b61f4c2b4c86a70219f513ba8) Importer(2089858483,b0f066a214c2f5e87bad3c948f4d605d) (ScriptedImporter) -> (artifact id: 'd0fbc69c7859949c9c0751cd3bcfd2c0') in 0.0176926 seconds
Number of updated asset objects reloaded before import = 0Number of asset objects unloaded after import = 3

========================================================================
Received Import Request.
  Time since last request: 0.000042 seconds.
  path: Assets/Prefabs/Customers/Mr. Smith/DefineSprite_387/153.png
  artifactKey: Guid(3be9cc8a0f7ca184e9b9b5c834395d46) Importer(2089858483,b0f066a214c2f5e87bad3c948f4d605d)
Start importing Assets/Prefabs/Customers/Mr. Smith/DefineSprite_387/153.png using Guid(3be9cc8a0f7ca184e9b9b5c834395d46) Importer(2089858483,b0f066a214c2f5e87bad3c948f4d605d) (ScriptedImporter) -> (artifact id: '3b89b8382155267877299737a4b22097') in 0.0176498 seconds
Number of updated asset objects reloaded before import = 0Number of asset objects unloaded after import = 3

========================================================================
Received Import Request.
  Time since last request: 0.000028 seconds.
  path: Assets/Prefabs/Customers/Mr. Smith/DefineSprite_387/4.png
  artifactKey: Guid(3dbc2a9af5d24aa41bcafb9a4fc41648) Importer(2089858483,b0f066a214c2f5e87bad3c948f4d605d)
Start importing Assets/Prefabs/Customers/Mr. Smith/DefineSprite_387/4.png using Guid(3dbc2a9af5d24aa41bcafb9a4fc41648) Importer(2089858483,b0f066a214c2f5e87bad3c948f4d605d) (ScriptedImporter) -> (artifact id: 'f10250be096ade02c93a20c4f2691e14') in 0.0178314 seconds
Number of updated asset objects reloaded before import = 0Number of asset objects unloaded after import = 3

========================================================================
Received Import Request.
  Time since last request: 0.000023 seconds.
  path: Assets/Prefabs/Customers/Mr. Smith/DefineSprite_387/78.png
  artifactKey: Guid(a2c93cda2d44b324c8099e64ba629926) Importer(2089858483,b0f066a214c2f5e87bad3c948f4d605d)
Start importing Assets/Prefabs/Customers/Mr. Smith/DefineSprite_387/78.png using Guid(a2c93cda2d44b324c8099e64ba629926) Importer(2089858483,b0f066a214c2f5e87bad3c948f4d605d) (ScriptedImporter) -> (artifact id: '634896db91e9076b46b8f98c00e70fa0') in 0.019136 seconds
Number of updated asset objects reloaded before import = 0Number of asset objects unloaded after import = 3

========================================================================
Received Import Request.
  Time since last request: 0.000029 seconds.
  path: Assets/sprites/Mary/DefineSprite_148/14.png
  artifactKey: Guid(c68662b6d98c04848a3650d4f88af116) Importer(2089858483,b0f066a214c2f5e87bad3c948f4d605d)
Start importing Assets/sprites/Mary/DefineSprite_148/14.png using Guid(c68662b6d98c04848a3650d4f88af116) Importer(2089858483,b0f066a214c2f5e87bad3c948f4d605d) (ScriptedImporter) -> (artifact id: '0d147cd32fab46703cf45860fea30835') in 0.0176657 seconds
Number of updated asset objects reloaded before import = 0Number of asset objects unloaded after import = 3

========================================================================
Received Import Request.
  Time since last request: 0.000035 seconds.
  path: Assets/Prefabs/Customers/Mr. Smith/DefineSprite_387/98.png
  artifactKey: Guid(bf64e4c7f3dff66458474d57b3de5085) Importer(2089858483,b0f066a214c2f5e87bad3c948f4d605d)
Start importing Assets/Prefabs/Customers/Mr. Smith/DefineSprite_387/98.png using Guid(bf64e4c7f3dff66458474d57b3de5085) Importer(2089858483,b0f066a214c2f5e87bad3c948f4d605d) (ScriptedImporter) -> (artifact id: '85bf6fd634479e7b3fdad9e492ca4583') in 0.0205681 seconds
Number of updated asset objects reloaded before import = 0Number of asset objects unloaded after import = 3

========================================================================
Received Import Request.
  Time since last request: 0.000023 seconds.
  path: Assets/Prefabs/Customers/Mr. Smith/DefineSprite_387/87.png
  artifactKey: Guid(1a73556855466f44996969dc8e102af1) Importer(2089858483,b0f066a214c2f5e87bad3c948f4d605d)
Start importing Assets/Prefabs/Customers/Mr. Smith/DefineSprite_387/87.png using Guid(1a73556855466f44996969dc8e102af1) Importer(2089858483,b0f066a214c2f5e87bad3c948f4d605d) (ScriptedImporter) -> (artifact id: '36765c6e3bdfb632f61d0f68919f5484') in 0.0235324 seconds
Number of updated asset objects reloaded before import = 0Number of asset objects unloaded after import = 3

========================================================================
Received Import Request.
  Time since last request: 0.000023 seconds.
  path: Assets/Prefabs/Customers/Mr. Smith/DefineSprite_387/79.png
  artifactKey: Guid(e4b980f33bf6ffc4b861b0e89eab7918) Importer(2089858483,b0f066a214c2f5e87bad3c948f4d605d)
Start importing Assets/Prefabs/Customers/Mr. Smith/DefineSprite_387/79.png using Guid(e4b980f33bf6ffc4b861b0e89eab7918) Importer(2089858483,b0f066a214c2f5e87bad3c948f4d605d) (ScriptedImporter) -> (artifact id: 'a88d2ee5c186727eab45697cdae07a1e') in 0.0182706 seconds
Number of updated asset objects reloaded before import = 0Number of asset objects unloaded after import = 3

========================================================================
Received Import Request.
  Time since last request: 0.000046 seconds.
  path: Assets/Prefabs/Customers/Mr. Smith/DefineSprite_387/68.png
  artifactKey: Guid(07cce9fc31f24ad4884add37a14cdd2e) Importer(2089858483,b0f066a214c2f5e87bad3c948f4d605d)
Start importing Assets/Prefabs/Customers/Mr. Smith/DefineSprite_387/68.png using Guid(07cce9fc31f24ad4884add37a14cdd2e) Importer(2089858483,b0f066a214c2f5e87bad3c948f4d605d) (ScriptedImporter) -> (artifact id: '345d310dbd2185e21820820b46312660') in 0.0195079 seconds
Number of updated asset objects reloaded before import = 0Number of asset objects unloaded after import = 3

========================================================================
Received Import Request.
  Time since last request: 0.000032 seconds.
  path: Assets/Prefabs/Customers/Mr. Smith/DefineSprite_387/19.png
  artifactKey: Guid(ebc07aeb749cce44d8ef176c6fd2a1f4) Importer(2089858483,b0f066a214c2f5e87bad3c948f4d605d)
Start importing Assets/Prefabs/Customers/Mr. Smith/DefineSprite_387/19.png using Guid(ebc07aeb749cce44d8ef176c6fd2a1f4) Importer(2089858483,b0f066a214c2f5e87bad3c948f4d605d) (ScriptedImporter) -> (artifact id: '90b5f45aa21f1d3f1c08a0dc220124ff') in 0.0201201 seconds
Number of updated asset objects reloaded before import = 0Number of asset objects unloaded after import = 3

========================================================================
Received Import Request.
  Time since last request: 0.000028 seconds.
  path: Assets/Prefabs/Customers/Mr. Smith/DefineSprite_387/119.png
  artifactKey: Guid(e7bb4a9bc18bd6f4b8511f08a1eee96c) Importer(2089858483,b0f066a214c2f5e87bad3c948f4d605d)
Start importing Assets/Prefabs/Customers/Mr. Smith/DefineSprite_387/119.png using Guid(e7bb4a9bc18bd6f4b8511f08a1eee96c) Importer(2089858483,b0f066a214c2f5e87bad3c948f4d605d) (ScriptedImporter) -> (artifact id: 'c127802b4ab818d22bb5340ef7f3931b') in 0.0210067 seconds
Number of updated asset objects reloaded before import = 0Number of asset objects unloaded after import = 3

========================================================================
Received Import Request.
  Time since last request: 0.000024 seconds.
  path: Assets/Prefabs/Customers/Mr. Smith/DefineSprite_387/166.png
  artifactKey: Guid(e924a41c98783b44ea0614b4a81fe4cf) Importer(2089858483,b0f066a214c2f5e87bad3c948f4d605d)
Start importing Assets/Prefabs/Customers/Mr. Smith/DefineSprite_387/166.png using Guid(e924a41c98783b44ea0614b4a81fe4cf) Importer(2089858483,b0f066a214c2f5e87bad3c948f4d605d) (ScriptedImporter) -> (artifact id: 'fed9339fb0dcd65dcfcb958380dbd09d') in 0.0222191 seconds
Number of updated asset objects reloaded before import = 0Number of asset objects unloaded after import = 3

========================================================================
Received Import Request.
  Time since last request: 0.000026 seconds.
  path: Assets/Prefabs/Customers/Mr. Smith/DefineSprite_387/89.png
  artifactKey: Guid(d877730d7a15e0b4d8b415971a0064f4) Importer(2089858483,b0f066a214c2f5e87bad3c948f4d605d)
Start importing Assets/Prefabs/Customers/Mr. Smith/DefineSprite_387/89.png using Guid(d877730d7a15e0b4d8b415971a0064f4) Importer(2089858483,b0f066a214c2f5e87bad3c948f4d605d) (ScriptedImporter) -> (artifact id: 'c7db5aafc10ee298a11a918f4801d2a6') in 0.0187255 seconds
Number of updated asset objects reloaded before import = 0Number of asset objects unloaded after import = 3

========================================================================
Received Import Request.
  Time since last request: 0.000045 seconds.
  path: Assets/sprites/Derek/DefineSprite_143/6.png
  artifactKey: Guid(2753d0f89e18c10438094c49cd9b8330) Importer(2089858483,b0f066a214c2f5e87bad3c948f4d605d)
Start importing Assets/sprites/Derek/DefineSprite_143/6.png using Guid(2753d0f89e18c10438094c49cd9b8330) Importer(2089858483,b0f066a214c2f5e87bad3c948f4d605d) (ScriptedImporter) -> (artifact id: '8b6a1bef91f68f192325157a87bfdf6e') in 0.020575 seconds
Number of updated asset objects reloaded before import = 0Number of asset objects unloaded after import = 3

========================================================================
Received Import Request.
  Time since last request: 0.000023 seconds.
  path: Assets/sprites/Derek/10.png
  artifactKey: Guid(e6074d4a36a00a14888e1365e753d3a5) Importer(2089858483,b0f066a214c2f5e87bad3c948f4d605d)
Start importing Assets/sprites/Derek/10.png using Guid(e6074d4a36a00a14888e1365e753d3a5) Importer(2089858483,b0f066a214c2f5e87bad3c948f4d605d) (ScriptedImporter) -> (artifact id: '87aabf1335ac8f8efec40d4135e62529') in 0.0191985 seconds
Number of updated asset objects reloaded before import = 0Number of asset objects unloaded after import = 3

========================================================================
Received Import Request.
  Time since last request: 0.000024 seconds.
  path: Assets/Prefabs/Customers/Mr. Smith/DefineSprite_387/65.png
  artifactKey: Guid(1a5ce1ada812a1d49899f2ea0aa75464) Importer(2089858483,b0f066a214c2f5e87bad3c948f4d605d)
Start importing Assets/Prefabs/Customers/Mr. Smith/DefineSprite_387/65.png using Guid(1a5ce1ada812a1d49899f2ea0aa75464) Importer(2089858483,b0f066a214c2f5e87bad3c948f4d605d) (ScriptedImporter) -> (artifact id: '5682b6694d206106f466a05a636e3eff') in 0.0183132 seconds
Number of updated asset objects reloaded before import = 0Number of asset objects unloaded after import = 3

========================================================================
Received Import Request.
  Time since last request: 0.000029 seconds.
  path: Assets/Prefabs/Customers/Mr. Smith/DefineSprite_387/80.png
  artifactKey: Guid(617a4ead28edd9a45a688acaeb130957) Importer(2089858483,b0f066a214c2f5e87bad3c948f4d605d)
Start importing Assets/Prefabs/Customers/Mr. Smith/DefineSprite_387/80.png using Guid(617a4ead28edd9a45a688acaeb130957) Importer(2089858483,b0f066a214c2f5e87bad3c948f4d605d) (ScriptedImporter) -> (artifact id: '2fd543e05a256627d69542df58f1ec7a') in 0.0205247 seconds
Number of updated asset objects reloaded before import = 0Number of asset objects unloaded after import = 3

========================================================================
Received Import Request.
  Time since last request: 0.000032 seconds.
  path: Assets/Prefabs/Customers/Mr. Smith/DefineSprite_387/57.png
  artifactKey: Guid(5f25eebd0cef24947ab56db42964f207) Importer(2089858483,b0f066a214c2f5e87bad3c948f4d605d)
Start importing Assets/Prefabs/Customers/Mr. Smith/DefineSprite_387/57.png using Guid(5f25eebd0cef24947ab56db42964f207) Importer(2089858483,b0f066a214c2f5e87bad3c948f4d605d) (ScriptedImporter) -> (artifact id: 'e9a903979fdd136aaf7bac8887090687') in 0.0245133 seconds
Number of updated asset objects reloaded before import = 0Number of asset objects unloaded after import = 3

========================================================================
Received Import Request.
  Time since last request: 0.000042 seconds.
  path: Assets/Prefabs/Customers/Mr. Smith/DefineSprite_387/21.png
  artifactKey: Guid(f54dca6dc7a4a5b43a05de839c56a94b) Importer(2089858483,b0f066a214c2f5e87bad3c948f4d605d)
Start importing Assets/Prefabs/Customers/Mr. Smith/DefineSprite_387/21.png using Guid(f54dca6dc7a4a5b43a05de839c56a94b) Importer(2089858483,b0f066a214c2f5e87bad3c948f4d605d) (ScriptedImporter) -> (artifact id: '8ca53eda128dc028fb2f31df5807af63') in 0.0211644 seconds
Number of updated asset objects reloaded before import = 0Number of asset objects unloaded after import = 3

========================================================================
Received Import Request.
  Time since last request: 0.000020 seconds.
  path: Assets/Prefabs/Customers/Mr. Smith/DefineSprite_387/71.png
  artifactKey: Guid(6d1e5b5d22be6304897982974b674dd2) Importer(2089858483,b0f066a214c2f5e87bad3c948f4d605d)
Start importing Assets/Prefabs/Customers/Mr. Smith/DefineSprite_387/71.png using Guid(6d1e5b5d22be6304897982974b674dd2) Importer(2089858483,b0f066a214c2f5e87bad3c948f4d605d) (ScriptedImporter) -> (artifact id: '1207edfbcdef40d41c862381c01d200a') in 0.019427 seconds
Number of updated asset objects reloaded before import = 0Number of asset objects unloaded after import = 3

========================================================================
Received Import Request.
  Time since last request: 0.000024 seconds.
  path: Assets/Prefabs/Customers/Mr. Smith/DefineSprite_387/53.png
  artifactKey: Guid(3ba637258f0832547bc0032bbe274f61) Importer(2089858483,b0f066a214c2f5e87bad3c948f4d605d)
Start importing Assets/Prefabs/Customers/Mr. Smith/DefineSprite_387/53.png using Guid(3ba637258f0832547bc0032bbe274f61) Importer(2089858483,b0f066a214c2f5e87bad3c948f4d605d) (ScriptedImporter) -> (artifact id: '5971446e3573f8cf55f6de9ef9bd9fb2') in 0.0206691 seconds
Number of updated asset objects reloaded before import = 0Number of asset objects unloaded after import = 3

========================================================================
Received Import Request.
  Time since last request: 0.000035 seconds.
  path: Assets/Prefabs/Customers/Mr. Smith/DefineSprite_387/32.png
  artifactKey: Guid(e59503fd5540fd84c9e4fbbd6fa2e235) Importer(2089858483,b0f066a214c2f5e87bad3c948f4d605d)
Start importing Assets/Prefabs/Customers/Mr. Smith/DefineSprite_387/32.png using Guid(e59503fd5540fd84c9e4fbbd6fa2e235) Importer(2089858483,b0f066a214c2f5e87bad3c948f4d605d) (ScriptedImporter) -> (artifact id: '3ed97ee595a4706c08202c4f49bac272') in 0.021917 seconds
Number of updated asset objects reloaded before import = 0Number of asset objects unloaded after import = 3

========================================================================
Received Import Request.
  Time since last request: 0.000044 seconds.
  path: Assets/Prefabs/Customers/Mr. Smith/DefineSprite_387/148.png
  artifactKey: Guid(ec89f4eef45731f4b8e70ef169106768) Importer(2089858483,b0f066a214c2f5e87bad3c948f4d605d)
Start importing Assets/Prefabs/Customers/Mr. Smith/DefineSprite_387/148.png using Guid(ec89f4eef45731f4b8e70ef169106768) Importer(2089858483,b0f066a214c2f5e87bad3c948f4d605d) (ScriptedImporter) -> (artifact id: '99bcbadc4d9586e17aea2c377f91d606') in 0.0242279 seconds
Number of updated asset objects reloaded before import = 0Number of asset objects unloaded after import = 3

========================================================================
Received Import Request.
  Time since last request: 0.000034 seconds.
  path: Assets/Prefabs/Customers/Mr. Smith/DefineSprite_387/146.png
  artifactKey: Guid(1c79278e8ae749041be51b21884defd5) Importer(2089858483,b0f066a214c2f5e87bad3c948f4d605d)
Start importing Assets/Prefabs/Customers/Mr. Smith/DefineSprite_387/146.png using Guid(1c79278e8ae749041be51b21884defd5) Importer(2089858483,b0f066a214c2f5e87bad3c948f4d605d) (ScriptedImporter) -> (artifact id: '57a29d9a9c6eb6391c50857efc15f2d2') in 0.0205752 seconds
Number of updated asset objects reloaded before import = 0Number of asset objects unloaded after import = 3

========================================================================
Received Import Request.
  Time since last request: 0.000031 seconds.
  path: Assets/Prefabs/Customers/Mr. Smith/DefineSprite_387/184.png
  artifactKey: Guid(14cb4bde1d3812547a59940bbcd91e27) Importer(2089858483,b0f066a214c2f5e87bad3c948f4d605d)
Start importing Assets/Prefabs/Customers/Mr. Smith/DefineSprite_387/184.png using Guid(14cb4bde1d3812547a59940bbcd91e27) Importer(2089858483,b0f066a214c2f5e87bad3c948f4d605d) (ScriptedImporter) -> (artifact id: '66cfe54c090cdfb8407819ed50951280') in 0.0201062 seconds
Number of updated asset objects reloaded before import = 0Number of asset objects unloaded after import = 3

========================================================================
Received Import Request.
  Time since last request: 0.000028 seconds.
  path: Assets/Prefabs/Customers/Mr. Smith/DefineSprite_387/69.png
  artifactKey: Guid(06584c2ff50e22f44b0ef172ff525d9a) Importer(2089858483,b0f066a214c2f5e87bad3c948f4d605d)
Start importing Assets/Prefabs/Customers/Mr. Smith/DefineSprite_387/69.png using Guid(06584c2ff50e22f44b0ef172ff525d9a) Importer(2089858483,b0f066a214c2f5e87bad3c948f4d605d) (ScriptedImporter) -> (artifact id: 'e823cf48809fc0030814ae8ead69352c') in 0.0219432 seconds
Number of updated asset objects reloaded before import = 0Number of asset objects unloaded after import = 3

========================================================================
Received Import Request.
  Time since last request: 0.000041 seconds.
  path: Assets/Prefabs/Customers/Mr. Smith/DefineSprite_387/156.png
  artifactKey: Guid(3881a4de284082a4bac7d88495f0e3d7) Importer(2089858483,b0f066a214c2f5e87bad3c948f4d605d)
Start importing Assets/Prefabs/Customers/Mr. Smith/DefineSprite_387/156.png using Guid(3881a4de284082a4bac7d88495f0e3d7) Importer(2089858483,b0f066a214c2f5e87bad3c948f4d605d) (ScriptedImporter) -> (artifact id: 'cc0af61a551fb07958eb41ee2a02b1fb') in 0.0201298 seconds
Number of updated asset objects reloaded before import = 0Number of asset objects unloaded after import = 3

========================================================================
Received Import Request.
  Time since last request: 0.000024 seconds.
  path: Assets/Prefabs/Customers/Mr. Smith/DefineSprite_387/37.png
  artifactKey: Guid(0c1b9f5ea8b81c64cb835e51c64866c7) Importer(2089858483,b0f066a214c2f5e87bad3c948f4d605d)
Start importing Assets/Prefabs/Customers/Mr. Smith/DefineSprite_387/37.png using Guid(0c1b9f5ea8b81c64cb835e51c64866c7) Importer(2089858483,b0f066a214c2f5e87bad3c948f4d605d) (ScriptedImporter) -> (artifact id: '1d0447f00c31ccf0f28d97973d265d13') in 0.0200702 seconds
Number of updated asset objects reloaded before import = 0Number of asset objects unloaded after import = 3

========================================================================
Received Import Request.
  Time since last request: 0.000024 seconds.
  path: Assets/sprites/Caroline/DefineSprite_128/1.png
  artifactKey: Guid(c22060eb0b875ca418027f67ad4fcd8a) Importer(2089858483,b0f066a214c2f5e87bad3c948f4d605d)
Start importing Assets/sprites/Caroline/DefineSprite_128/1.png using Guid(c22060eb0b875ca418027f67ad4fcd8a) Importer(2089858483,b0f066a214c2f5e87bad3c948f4d605d) (ScriptedImporter) -> (artifact id: '10e2be5816d218d7993a3541dc6b3bc1') in 0.0191919 seconds
Number of updated asset objects reloaded before import = 0Number of asset objects unloaded after import = 3

========================================================================
Received Import Request.
  Time since last request: 0.000031 seconds.
  path: Assets/Prefabs/Customers/Mr. Smith/DefineSprite_387/49.png
  artifactKey: Guid(122ba4d8bdc1e304c813fafc64fb3090) Importer(2089858483,b0f066a214c2f5e87bad3c948f4d605d)
Start importing Assets/Prefabs/Customers/Mr. Smith/DefineSprite_387/49.png using Guid(122ba4d8bdc1e304c813fafc64fb3090) Importer(2089858483,b0f066a214c2f5e87bad3c948f4d605d) (ScriptedImporter) -> (artifact id: '1d995014fd1ce5c41d9ee76204fdd9f4') in 0.0235815 seconds
Number of updated asset objects reloaded before import = 0Number of asset objects unloaded after import = 3

========================================================================
Received Import Request.
  Time since last request: 0.000044 seconds.
  path: Assets/Prefabs/Customers/Mr. Smith/DefineSprite_387/64.png
  artifactKey: Guid(7d3658efe65a85c48819a322e4803803) Importer(2089858483,b0f066a214c2f5e87bad3c948f4d605d)
Start importing Assets/Prefabs/Customers/Mr. Smith/DefineSprite_387/64.png using Guid(7d3658efe65a85c48819a322e4803803) Importer(2089858483,b0f066a214c2f5e87bad3c948f4d605d) (ScriptedImporter) -> (artifact id: 'f775ab2f681bf48a3b6589491631a604') in 0.022906 seconds
Number of updated asset objects reloaded before import = 0Number of asset objects unloaded after import = 3

========================================================================
Received Import Request.
  Time since last request: 0.000027 seconds.
  path: Assets/Prefabs/Customers/Mr. Smith/DefineSprite_386/6.png
  artifactKey: Guid(d74c880352165be40ad68d93b9750e25) Importer(2089858483,b0f066a214c2f5e87bad3c948f4d605d)
Start importing Assets/Prefabs/Customers/Mr. Smith/DefineSprite_386/6.png using Guid(d74c880352165be40ad68d93b9750e25) Importer(2089858483,b0f066a214c2f5e87bad3c948f4d605d) (ScriptedImporter) -> (artifact id: '765ebc2b85a7f952f77832cb277c0d0e') in 0.0214236 seconds
Number of updated asset objects reloaded before import = 0Number of asset objects unloaded after import = 3

========================================================================
Received Import Request.
  Time since last request: 0.000030 seconds.
  path: Assets/Prefabs/Customers/Mr. Smith/DefineSprite_386/9.png
  artifactKey: Guid(8e6ec9a9a582f494caac1bd44b632747) Importer(2089858483,b0f066a214c2f5e87bad3c948f4d605d)
Start importing Assets/Prefabs/Customers/Mr. Smith/DefineSprite_386/9.png using Guid(8e6ec9a9a582f494caac1bd44b632747) Importer(2089858483,b0f066a214c2f5e87bad3c948f4d605d) (ScriptedImporter) -> (artifact id: 'ccf7d1f2f845b88cd2902be9e760c735') in 0.0202579 seconds
Number of updated asset objects reloaded before import = 0Number of asset objects unloaded after import = 3

========================================================================
Received Import Request.
  Time since last request: 0.000036 seconds.
  path: Assets/Prefabs/Customers/Mr. Smith/DefineSprite_386/4.png
  artifactKey: Guid(71b8b1a01f5c1b244971c5d105acf1ba) Importer(2089858483,b0f066a214c2f5e87bad3c948f4d605d)
Start importing Assets/Prefabs/Customers/Mr. Smith/DefineSprite_386/4.png using Guid(71b8b1a01f5c1b244971c5d105acf1ba) Importer(2089858483,b0f066a214c2f5e87bad3c948f4d605d) (ScriptedImporter) -> (artifact id: 'd6f0804e3989d1b72f8b9c55e3606117') in 0.0181368 seconds
Number of updated asset objects reloaded before import = 0Number of asset objects unloaded after import = 3

========================================================================
Received Import Request.
  Time since last request: 0.000041 seconds.
  path: Assets/Prefabs/Customers/Mr. Smith/DefineSprite_387/104.png
  artifactKey: Guid(f19ece49d2ab6254fbc323578ccafea8) Importer(2089858483,b0f066a214c2f5e87bad3c948f4d605d)
Start importing Assets/Prefabs/Customers/Mr. Smith/DefineSprite_387/104.png using Guid(f19ece49d2ab6254fbc323578ccafea8) Importer(2089858483,b0f066a214c2f5e87bad3c948f4d605d) (ScriptedImporter) -> (artifact id: '086f9c65e5978c999d094321f31da70b') in 0.0180535 seconds
Number of updated asset objects reloaded before import = 0Number of asset objects unloaded after import = 3

========================================================================
Received Import Request.
  Time since last request: 0.000028 seconds.
  path: Assets/sprites/Mary/12.png
  artifactKey: Guid(b2159eea963f7ef4a8037cf12b4f1015) Importer(2089858483,b0f066a214c2f5e87bad3c948f4d605d)
Start importing Assets/sprites/Mary/12.png using Guid(b2159eea963f7ef4a8037cf12b4f1015) Importer(2089858483,b0f066a214c2f5e87bad3c948f4d605d) (ScriptedImporter) -> (artifact id: 'f4bda41d5a819e5483938cfcb15eea1b') in 0.020174 seconds
Number of updated asset objects reloaded before import = 0Number of asset objects unloaded after import = 3

========================================================================
Received Import Request.
  Time since last request: 0.000023 seconds.
  path: Assets/sprites/Derek/DefineSprite_143/5.png
  artifactKey: Guid(1229b4da8d087e44d80f780db93fc813) Importer(2089858483,b0f066a214c2f5e87bad3c948f4d605d)
Start importing Assets/sprites/Derek/DefineSprite_143/5.png using Guid(1229b4da8d087e44d80f780db93fc813) Importer(2089858483,b0f066a214c2f5e87bad3c948f4d605d) (ScriptedImporter) -> (artifact id: 'c377a9f85bb522e475cc4a6d18fd8efa') in 0.0204284 seconds
Number of updated asset objects reloaded before import = 0Number of asset objects unloaded after import = 3

========================================================================
Received Import Request.
  Time since last request: 0.000027 seconds.
  path: Assets/Prefabs/Customers/Mr. Smith/DefineSprite_386/15.png
  artifactKey: Guid(4202ea1edf012ce4286f1f9fd7c3169d) Importer(2089858483,b0f066a214c2f5e87bad3c948f4d605d)
Start importing Assets/Prefabs/Customers/Mr. Smith/DefineSprite_386/15.png using Guid(4202ea1edf012ce4286f1f9fd7c3169d) Importer(2089858483,b0f066a214c2f5e87bad3c948f4d605d) (ScriptedImporter) -> (artifact id: '7bcf119d12d4634f29aca9d0240972e7') in 0.0197193 seconds
Number of updated asset objects reloaded before import = 0Number of asset objects unloaded after import = 3

========================================================================
Received Import Request.
  Time since last request: 0.000043 seconds.
  path: Assets/Prefabs/Customers/Mr. Smith/DefineSprite_383/1.png
  artifactKey: Guid(df243a2f42814c0488ac25b75a02f2d8) Importer(2089858483,b0f066a214c2f5e87bad3c948f4d605d)
Start importing Assets/Prefabs/Customers/Mr. Smith/DefineSprite_383/1.png using Guid(df243a2f42814c0488ac25b75a02f2d8) Importer(2089858483,b0f066a214c2f5e87bad3c948f4d605d) (ScriptedImporter) -> (artifact id: '1e706d8d9228f4be4777873368c3a820') in 0.0176571 seconds
Number of updated asset objects reloaded before import = 0Number of asset objects unloaded after import = 3

========================================================================
Received Import Request.
  Time since last request: 0.000023 seconds.
  path: Assets/Prefabs/Customers/Mr. Smith/DefineSprite_386/13.png
  artifactKey: Guid(ed3c927f0e5e3b445a72aaa8fc313a4f) Importer(2089858483,b0f066a214c2f5e87bad3c948f4d605d)
Start importing Assets/Prefabs/Customers/Mr. Smith/DefineSprite_386/13.png using Guid(ed3c927f0e5e3b445a72aaa8fc313a4f) Importer(2089858483,b0f066a214c2f5e87bad3c948f4d605d) (ScriptedImporter) -> (artifact id: 'cc630f4dec529a513edef6a73fb51636') in 0.0180612 seconds
Number of updated asset objects reloaded before import = 0Number of asset objects unloaded after import = 3

========================================================================
Received Import Request.
  Time since last request: 0.000023 seconds.
  path: Assets/Prefabs/Customers/Mr. Smith/DefineSprite_386/3.png
  artifactKey: Guid(6b5c21ec7cc937740af69f12b73722e8) Importer(2089858483,b0f066a214c2f5e87bad3c948f4d605d)
Start importing Assets/Prefabs/Customers/Mr. Smith/DefineSprite_386/3.png using Guid(6b5c21ec7cc937740af69f12b73722e8) Importer(2089858483,b0f066a214c2f5e87bad3c948f4d605d) (ScriptedImporter) -> (artifact id: 'faa20cf323ab2c7d6dec4ff9431595f7') in 0.0234246 seconds
Number of updated asset objects reloaded before import = 0Number of asset objects unloaded after import = 3

========================================================================
Received Import Request.
  Time since last request: 0.000029 seconds.
  path: Assets/Prefabs/Customers/Mr. Smith/DefineSprite_380/5.png
  artifactKey: Guid(c14f5041634920847abf02799b214d6b) Importer(2089858483,b0f066a214c2f5e87bad3c948f4d605d)
Start importing Assets/Prefabs/Customers/Mr. Smith/DefineSprite_380/5.png using Guid(c14f5041634920847abf02799b214d6b) Importer(2089858483,b0f066a214c2f5e87bad3c948f4d605d) (ScriptedImporter) -> (artifact id: '0855efb32a040287ccf2cc0227092d78') in 0.0203691 seconds
Number of updated asset objects reloaded before import = 0Number of asset objects unloaded after import = 3

========================================================================
Received Import Request.
  Time since last request: 0.000038 seconds.
  path: Assets/Prefabs/Customers/Mr. Smith/DefineSprite_380/9.png
  artifactKey: Guid(d0e50145d2e6f124fbc0cf923f4719fa) Importer(2089858483,b0f066a214c2f5e87bad3c948f4d605d)
Start importing Assets/Prefabs/Customers/Mr. Smith/DefineSprite_380/9.png using Guid(d0e50145d2e6f124fbc0cf923f4719fa) Importer(2089858483,b0f066a214c2f5e87bad3c948f4d605d) (ScriptedImporter) -> (artifact id: '3e75116bc484b364c3a7865f019916ec') in 0.0261065 seconds
Number of updated asset objects reloaded before import = 0Number of asset objects unloaded after import = 3

========================================================================
Received Import Request.
  Time since last request: 0.000044 seconds.
  path: Assets/Prefabs/Customers/Mr. Smith/DefineSprite_387/56.png
  artifactKey: Guid(623af194fbd7fbb4c9820b842ed640cc) Importer(2089858483,b0f066a214c2f5e87bad3c948f4d605d)
Start importing Assets/Prefabs/Customers/Mr. Smith/DefineSprite_387/56.png using Guid(623af194fbd7fbb4c9820b842ed640cc) Importer(2089858483,b0f066a214c2f5e87bad3c948f4d605d) (ScriptedImporter) -> (artifact id: '33b02fb5ce97c8a9f919e5b516632c90') in 0.0253379 seconds
Number of updated asset objects reloaded before import = 0Number of asset objects unloaded after import = 3

========================================================================
Received Import Request.
  Time since last request: 0.000026 seconds.
  path: Assets/Prefabs/Customers/Mr. Smith/DefineSprite_380/12.png
  artifactKey: Guid(a1d9045df91e454418bbd6b0b249346f) Importer(2089858483,b0f066a214c2f5e87bad3c948f4d605d)
Start importing Assets/Prefabs/Customers/Mr. Smith/DefineSprite_380/12.png using Guid(a1d9045df91e454418bbd6b0b249346f) Importer(2089858483,b0f066a214c2f5e87bad3c948f4d605d) (ScriptedImporter) -> (artifact id: '791d2fdd8e7d4b80791995682ad224ef') in 0.0231697 seconds
Number of updated asset objects reloaded before import = 0Number of asset objects unloaded after import = 3

========================================================================
Received Import Request.
  Time since last request: 0.000029 seconds.
  path: Assets/Scenes/Playable.unity
  artifactKey: Guid(0391cbbffe6aef649a1e3fe1e819782c) Importer(2089858483,b0f066a214c2f5e87bad3c948f4d605d)
Start importing Assets/Scenes/Playable.unity using Guid(0391cbbffe6aef649a1e3fe1e819782c) Importer(2089858483,b0f066a214c2f5e87bad3c948f4d605d) (ScriptedImporter) -> (artifact id: '78ec7f57916836de54880a1d7793b202') in 0.0388406 seconds
Number of updated asset objects reloaded before import = 0Number of asset objects unloaded after import = 1

========================================================================
Received Import Request.
  Time since last request: 0.000037 seconds.
  path: Assets/Prefabs/Customers/Mr. Smith/DefineSprite_387/44.png
  artifactKey: Guid(5b69e7c9a767125468f080a2b5667949) Importer(2089858483,b0f066a214c2f5e87bad3c948f4d605d)
Start importing Assets/Prefabs/Customers/Mr. Smith/DefineSprite_387/44.png using Guid(5b69e7c9a767125468f080a2b5667949) Importer(2089858483,b0f066a214c2f5e87bad3c948f4d605d) (ScriptedImporter) -> (artifact id: 'e09050c934df702662a24309e44e4205') in 0.0235945 seconds
Number of updated asset objects reloaded before import = 0Number of asset objects unloaded after import = 3

========================================================================
Received Import Request.
  Time since last request: 0.000031 seconds.
  path: Assets/sprites/Caroline/2.png
  artifactKey: Guid(f96087043eae7284c8979bb882fe9e39) Importer(2089858483,b0f066a214c2f5e87bad3c948f4d605d)
Start importing Assets/sprites/Caroline/2.png using Guid(f96087043eae7284c8979bb882fe9e39) Importer(2089858483,b0f066a214c2f5e87bad3c948f4d605d) (ScriptedImporter) -> (artifact id: '84e9805cfb7f204f93838e768ec08e70') in 0.0196789 seconds
Number of updated asset objects reloaded before import = 0Number of asset objects unloaded after import = 3

========================================================================
Received Import Request.
  Time since last request: 0.000023 seconds.
  path: Assets/Prefabs/Customers/Mr. Smith/DefineSprite_387/106.png
  artifactKey: Guid(fab05c87fa1b92a47af759abacda8dad) Importer(2089858483,b0f066a214c2f5e87bad3c948f4d605d)
Start importing Assets/Prefabs/Customers/Mr. Smith/DefineSprite_387/106.png using Guid(fab05c87fa1b92a47af759abacda8dad) Importer(2089858483,b0f066a214c2f5e87bad3c948f4d605d) (ScriptedImporter) -> (artifact id: '52d67a3a08a4936b62a7b5c3393e107b') in 0.0212706 seconds
Number of updated asset objects reloaded before import = 0Number of asset objects unloaded after import = 3

========================================================================
Received Import Request.
  Time since last request: 0.000041 seconds.
  path: Assets/Prefabs/Customers/Mr. Smith/DefineSprite_387/169.png
  artifactKey: Guid(3494be93e52249341a5f94476acd9bac) Importer(2089858483,b0f066a214c2f5e87bad3c948f4d605d)
Start importing Assets/Prefabs/Customers/Mr. Smith/DefineSprite_387/169.png using Guid(3494be93e52249341a5f94476acd9bac) Importer(2089858483,b0f066a214c2f5e87bad3c948f4d605d) (ScriptedImporter) -> (artifact id: 'a7e79736342de6f40eb813268e7b8093') in 0.0249825 seconds
Number of updated asset objects reloaded before import = 0Number of asset objects unloaded after import = 3

========================================================================
Received Import Request.
  Time since last request: 0.000035 seconds.
  path: Assets/Prefabs/Customers/Mr. Smith/DefineSprite_387/31.png
  artifactKey: Guid(384d58dabc5d1904d8ef8eac4220a4f4) Importer(2089858483,b0f066a214c2f5e87bad3c948f4d605d)
Start importing Assets/Prefabs/Customers/Mr. Smith/DefineSprite_387/31.png using Guid(384d58dabc5d1904d8ef8eac4220a4f4) Importer(2089858483,b0f066a214c2f5e87bad3c948f4d605d) (ScriptedImporter) -> (artifact id: '5b05bca3b9cc7d062a948fd3ed5b43b2') in 0.0185985 seconds
Number of updated asset objects reloaded before import = 0Number of asset objects unloaded after import = 3

========================================================================
Received Import Request.
  Time since last request: 0.000027 seconds.
  path: Assets/Prefabs/Customers/Mr. Smith/DefineSprite_387/17.png
  artifactKey: Guid(cfbc24591da4ec847ae8084628287d80) Importer(2089858483,b0f066a214c2f5e87bad3c948f4d605d)
Start importing Assets/Prefabs/Customers/Mr. Smith/DefineSprite_387/17.png using Guid(cfbc24591da4ec847ae8084628287d80) Importer(2089858483,b0f066a214c2f5e87bad3c948f4d605d) (ScriptedImporter) -> (artifact id: '5dacac2dd237cf10226f661fd0bfbd79') in 0.0237434 seconds
Number of updated asset objects reloaded before import = 0Number of asset objects unloaded after import = 3

========================================================================
Received Import Request.
  Time since last request: 0.000029 seconds.
  path: Assets/Prefabs/Customers/Mr. Smith/DefineSprite_387/112.png
  artifactKey: Guid(438be948beedcf14a9fbd576be0ef5a9) Importer(2089858483,b0f066a214c2f5e87bad3c948f4d605d)
Start importing Assets/Prefabs/Customers/Mr. Smith/DefineSprite_387/112.png using Guid(438be948beedcf14a9fbd576be0ef5a9) Importer(2089858483,b0f066a214c2f5e87bad3c948f4d605d) (ScriptedImporter) -> (artifact id: '13b57121ad7840ea0d304d2e6abbbf51') in 0.0240043 seconds
Number of updated asset objects reloaded before import = 0Number of asset objects unloaded after import = 3

========================================================================
Received Import Request.
  Time since last request: 0.000032 seconds.
  path: Assets/Prefabs/Customers/Mr. Smith/DefineSprite_387/111.png
  artifactKey: Guid(4fffd99c81aa7f84a825dd0994c2b3e5) Importer(2089858483,b0f066a214c2f5e87bad3c948f4d605d)
Start importing Assets/Prefabs/Customers/Mr. Smith/DefineSprite_387/111.png using Guid(4fffd99c81aa7f84a825dd0994c2b3e5) Importer(2089858483,b0f066a214c2f5e87bad3c948f4d605d) (ScriptedImporter) -> (artifact id: 'cf034c7211f62dda54d712362d3950cf') in 0.0224617 seconds
Number of updated asset objects reloaded before import = 0Number of asset objects unloaded after import = 3

========================================================================
Received Import Request.
  Time since last request: 0.000044 seconds.
  path: Assets/Prefabs/Customers/Mr. Smith/DefineSprite_387/174.png
  artifactKey: Guid(87c551b07571898488cae283d9981a9b) Importer(2089858483,b0f066a214c2f5e87bad3c948f4d605d)
Start importing Assets/Prefabs/Customers/Mr. Smith/DefineSprite_387/174.png using Guid(87c551b07571898488cae283d9981a9b) Importer(2089858483,b0f066a214c2f5e87bad3c948f4d605d) (ScriptedImporter) -> (artifact id: '895945b7f9e2ea54917b3adbc0b382bc') in 0.0223739 seconds
Number of updated asset objects reloaded before import = 0Number of asset objects unloaded after import = 3

========================================================================
Received Import Request.
  Time since last request: 0.000024 seconds.
  path: Assets/Prefabs/Customers/Mr. Smith/DefineSprite_387/62.png
  artifactKey: Guid(630578b908116724b8706c2594931791) Importer(2089858483,b0f066a214c2f5e87bad3c948f4d605d)
Start importing Assets/Prefabs/Customers/Mr. Smith/DefineSprite_387/62.png using Guid(630578b908116724b8706c2594931791) Importer(2089858483,b0f066a214c2f5e87bad3c948f4d605d) (ScriptedImporter) -> (artifact id: '3d495998176e4d438b03bd842670f18c') in 0.0226826 seconds
Number of updated asset objects reloaded before import = 0Number of asset objects unloaded after import = 3

========================================================================
Received Import Request.
  Time since last request: 0.000022 seconds.
  path: Assets/Prefabs/Customers/Mr. Smith/DefineSprite_387/173.png
  artifactKey: Guid(f0d05f88a9f23ac44a296f08160061f3) Importer(2089858483,b0f066a214c2f5e87bad3c948f4d605d)
Start importing Assets/Prefabs/Customers/Mr. Smith/DefineSprite_387/173.png using Guid(f0d05f88a9f23ac44a296f08160061f3) Importer(2089858483,b0f066a214c2f5e87bad3c948f4d605d) (ScriptedImporter) -> (artifact id: '3da18286ace99bb81c4d71d566eb4b22') in 0.0193958 seconds
Number of updated asset objects reloaded before import = 0Number of asset objects unloaded after import = 3

========================================================================
Received Import Request.
  Time since last request: 0.000027 seconds.
  path: Assets/Prefabs/Customers/Mr. Smith/DefineSprite_387/180.png
  artifactKey: Guid(2177884d25619bc4685296bb90920c10) Importer(2089858483,b0f066a214c2f5e87bad3c948f4d605d)
Start importing Assets/Prefabs/Customers/Mr. Smith/DefineSprite_387/180.png using Guid(2177884d25619bc4685296bb90920c10) Importer(2089858483,b0f066a214c2f5e87bad3c948f4d605d) (ScriptedImporter) -> (artifact id: 'de3d889302a76624272bb11313f3d8e6') in 0.0209887 seconds
Number of updated asset objects reloaded before import = 0Number of asset objects unloaded after import = 3

========================================================================
Received Import Request.
  Time since last request: 0.000118 seconds.
  path: Assets/Prefabs/Customers/Mr. Smith/DefineSprite_387/45.png
  artifactKey: Guid(a0c0947d79aafb044b837a8d157b3405) Importer(2089858483,b0f066a214c2f5e87bad3c948f4d605d)
Start importing Assets/Prefabs/Customers/Mr. Smith/DefineSprite_387/45.png using Guid(a0c0947d79aafb044b837a8d157b3405) Importer(2089858483,b0f066a214c2f5e87bad3c948f4d605d) (ScriptedImporter) -> (artifact id: 'd7b1df7dd947a4d24f2e893ccdf9e3c3') in 0.021924 seconds
Number of updated asset objects reloaded before import = 0Number of asset objects unloaded after import = 3

========================================================================
Received Import Request.
  Time since last request: 0.000024 seconds.
  path: Assets/sprites/Derek/11.png
  artifactKey: Guid(590d22627a8046e46aa2291633180e61) Importer(2089858483,b0f066a214c2f5e87bad3c948f4d605d)
Start importing Assets/sprites/Derek/11.png using Guid(590d22627a8046e46aa2291633180e61) Importer(2089858483,b0f066a214c2f5e87bad3c948f4d605d) (ScriptedImporter) -> (artifact id: 'f6b9d63a94dd44faa4f86f2f3f314e01') in 0.0210013 seconds
Number of updated asset objects reloaded before import = 0Number of asset objects unloaded after import = 3

========================================================================
Received Import Request.
  Time since last request: 0.000032 seconds.
  path: Assets/Prefabs/Customers/Mr. Smith/DefineSprite_387/114.png
  artifactKey: Guid(832b3d3069f95c84c933d8c17561820e) Importer(2089858483,b0f066a214c2f5e87bad3c948f4d605d)
Start importing Assets/Prefabs/Customers/Mr. Smith/DefineSprite_387/114.png using Guid(832b3d3069f95c84c933d8c17561820e) Importer(2089858483,b0f066a214c2f5e87bad3c948f4d605d) (ScriptedImporter) -> (artifact id: '82c331ae91d5724fe740c98e4e2896e0') in 0.020907 seconds
Number of updated asset objects reloaded before import = 0Number of asset objects unloaded after import = 3

========================================================================
Received Import Request.
  Time since last request: 0.000038 seconds.
  path: Assets/Prefabs/Customers/Mr. Smith/DefineSprite_387/178.png
  artifactKey: Guid(bf67c751b4fd35447af4795e6b748207) Importer(2089858483,b0f066a214c2f5e87bad3c948f4d605d)
Start importing Assets/Prefabs/Customers/Mr. Smith/DefineSprite_387/178.png using Guid(bf67c751b4fd35447af4795e6b748207) Importer(2089858483,b0f066a214c2f5e87bad3c948f4d605d) (ScriptedImporter) -> (artifact id: '53fd5239d3fab4b53ba72247fef01837') in 0.0236424 seconds
Number of updated asset objects reloaded before import = 0Number of asset objects unloaded after import = 3

========================================================================
Received Import Request.
  Time since last request: 0.000039 seconds.
  path: Assets/Prefabs/Customers/Mr. Smith/DefineSprite_380/3.png
  artifactKey: Guid(a7f116544dc3db94394c88c77ec096fa) Importer(2089858483,b0f066a214c2f5e87bad3c948f4d605d)
Start importing Assets/Prefabs/Customers/Mr. Smith/DefineSprite_380/3.png using Guid(a7f116544dc3db94394c88c77ec096fa) Importer(2089858483,b0f066a214c2f5e87bad3c948f4d605d) (ScriptedImporter) -> (artifact id: 'a319daab60962fbfc8d6938fe479e381') in 0.0199993 seconds
Number of updated asset objects reloaded before import = 0Number of asset objects unloaded after import = 3

========================================================================
Received Import Request.
  Time since last request: 0.000029 seconds.
  path: Assets/sprites/Mary/DefineSprite_133/5.png
  artifactKey: Guid(36abea88a59db0d40b7779b9dc70234a) Importer(2089858483,b0f066a214c2f5e87bad3c948f4d605d)
Start importing Assets/sprites/Mary/DefineSprite_133/5.png using Guid(36abea88a59db0d40b7779b9dc70234a) Importer(2089858483,b0f066a214c2f5e87bad3c948f4d605d) (ScriptedImporter) -> (artifact id: '67ab3930f79fcacf46e6cecd1c199098') in 0.0219043 seconds
Number of updated asset objects reloaded before import = 0Number of asset objects unloaded after import = 3

========================================================================
Received Import Request.
  Time since last request: 0.000024 seconds.
  path: Assets/Prefabs/Customers/Mr. Smith/DefineSprite_387/26.png
  artifactKey: Guid(622c55dbd08168f478876101469094f9) Importer(2089858483,b0f066a214c2f5e87bad3c948f4d605d)
Start importing Assets/Prefabs/Customers/Mr. Smith/DefineSprite_387/26.png using Guid(622c55dbd08168f478876101469094f9) Importer(2089858483,b0f066a214c2f5e87bad3c948f4d605d) (ScriptedImporter) -> (artifact id: '9f0a10265b51b0daa2c1d3b4c2222abb') in 0.021869 seconds
Number of updated asset objects reloaded before import = 0Number of asset objects unloaded after import = 3

========================================================================
Received Import Request.
  Time since last request: 0.000047 seconds.
  path: Assets/Prefabs/Customers/Mr. Smith/DefineSprite_387/15.png
  artifactKey: Guid(f9a59dc4cf3e87447b6ead56864e64fe) Importer(2089858483,b0f066a214c2f5e87bad3c948f4d605d)
Start importing Assets/Prefabs/Customers/Mr. Smith/DefineSprite_387/15.png using Guid(f9a59dc4cf3e87447b6ead56864e64fe) Importer(2089858483,b0f066a214c2f5e87bad3c948f4d605d) (ScriptedImporter) -> (artifact id: '36d301f738aa540bc16e33828c0e9de5') in 0.0177499 seconds
Number of updated asset objects reloaded before import = 0Number of asset objects unloaded after import = 3

========================================================================
Received Import Request.
  Time since last request: 0.000051 seconds.
  path: Assets/Prefabs/Customers/Mr. Smith/DefineSprite_387/84.png
  artifactKey: Guid(ffe8961c72e4ecb4eb14c0e57d1a10e9) Importer(2089858483,b0f066a214c2f5e87bad3c948f4d605d)
Start importing Assets/Prefabs/Customers/Mr. Smith/DefineSprite_387/84.png using Guid(ffe8961c72e4ecb4eb14c0e57d1a10e9) Importer(2089858483,b0f066a214c2f5e87bad3c948f4d605d) (ScriptedImporter) -> (artifact id: 'd80d6807a0caa2e03e73d9a7ac5abdf9') in 0.0219977 seconds
Number of updated asset objects reloaded before import = 0Number of asset objects unloaded after import = 3

========================================================================
Received Import Request.
  Time since last request: 0.000029 seconds.
  path: Assets/sprites/Derek/12.png
  artifactKey: Guid(78300b83e01c3aa4981950d9cde0b183) Importer(2089858483,b0f066a214c2f5e87bad3c948f4d605d)
Start importing Assets/sprites/Derek/12.png using Guid(78300b83e01c3aa4981950d9cde0b183) Importer(2089858483,b0f066a214c2f5e87bad3c948f4d605d) (ScriptedImporter) -> (artifact id: 'f9233fbf24a74a37fbc9b66fa19d9f90') in 0.0186451 seconds
Number of updated asset objects reloaded before import = 0Number of asset objects unloaded after import = 3

========================================================================
Received Import Request.
  Time since last request: 0.000037 seconds.
  path: Assets/Prefabs/Customers/Mr. Smith/DefineSprite_387/161.png
  artifactKey: Guid(116ecd9c9045d224f877ba4b476e5bcf) Importer(2089858483,b0f066a214c2f5e87bad3c948f4d605d)
Start importing Assets/Prefabs/Customers/Mr. Smith/DefineSprite_387/161.png using Guid(116ecd9c9045d224f877ba4b476e5bcf) Importer(2089858483,b0f066a214c2f5e87bad3c948f4d605d) (ScriptedImporter) -> (artifact id: 'e378cffc1face2f2ab4f4529a7d424b2') in 0.0209159 seconds
Number of updated asset objects reloaded before import = 0Number of asset objects unloaded after import = 3

========================================================================
Received Import Request.
  Time since last request: 0.000028 seconds.
  path: Assets/Prefabs/Customers/Mr. Smith/DefineSprite_387/105.png
  artifactKey: Guid(b4332ebf28b64f14abd010c4c6e20cc1) Importer(2089858483,b0f066a214c2f5e87bad3c948f4d605d)
Start importing Assets/Prefabs/Customers/Mr. Smith/DefineSprite_387/105.png using Guid(b4332ebf28b64f14abd010c4c6e20cc1) Importer(2089858483,b0f066a214c2f5e87bad3c948f4d605d) (ScriptedImporter) -> (artifact id: 'aaebb93fbe4f8f8d399cc3385fa3cdcc') in 0.0268314 seconds
Number of updated asset objects reloaded before import = 0Number of asset objects unloaded after import = 3

========================================================================
Received Import Request.
  Time since last request: 0.000041 seconds.
  path: Assets/Prefabs/Customers/Mr. Smith/DefineSprite_387/96.png
  artifactKey: Guid(7f860d8ebec21494fb89ca14ce788211) Importer(2089858483,b0f066a214c2f5e87bad3c948f4d605d)
Start importing Assets/Prefabs/Customers/Mr. Smith/DefineSprite_387/96.png using Guid(7f860d8ebec21494fb89ca14ce788211) Importer(2089858483,b0f066a214c2f5e87bad3c948f4d605d) (ScriptedImporter) -> (artifact id: '379b6c7c3419299bcfbcb9bc0ed180fa') in 0.0187103 seconds
Number of updated asset objects reloaded before import = 0Number of asset objects unloaded after import = 3

========================================================================
Received Import Request.
  Time since last request: 0.000035 seconds.
  path: Assets/sprites/Derek/DefineSprite_143/7.png
  artifactKey: Guid(69f5948a29666f14dbaa763dd951c049) Importer(2089858483,b0f066a214c2f5e87bad3c948f4d605d)
Start importing Assets/sprites/Derek/DefineSprite_143/7.png using Guid(69f5948a29666f14dbaa763dd951c049) Importer(2089858483,b0f066a214c2f5e87bad3c948f4d605d) (ScriptedImporter) -> (artifact id: '5ce620f4af57357fe6f105c6cdf82f2b') in 0.0205998 seconds
Number of updated asset objects reloaded before import = 0Number of asset objects unloaded after import = 3

========================================================================
Received Import Request.
  Time since last request: 0.000034 seconds.
  path: Assets/sprites/Mary/3.png
  artifactKey: Guid(02d2e19b65ea61145872fab127953532) Importer(2089858483,b0f066a214c2f5e87bad3c948f4d605d)
Start importing Assets/sprites/Mary/3.png using Guid(02d2e19b65ea61145872fab127953532) Importer(2089858483,b0f066a214c2f5e87bad3c948f4d605d) (ScriptedImporter) -> (artifact id: '06ebd1d296642a0a342a7a2d7e4be9c2') in 0.0194002 seconds
Number of updated asset objects reloaded before import = 0Number of asset objects unloaded after import = 3

========================================================================
Received Import Request.
  Time since last request: 0.000059 seconds.
  path: Assets/Prefabs/Customers/Mr. Smith/DefineSprite_387/158.png
  artifactKey: Guid(379af01008da807418d2c4dbc01cb7df) Importer(2089858483,b0f066a214c2f5e87bad3c948f4d605d)
Start importing Assets/Prefabs/Customers/Mr. Smith/DefineSprite_387/158.png using Guid(379af01008da807418d2c4dbc01cb7df) Importer(2089858483,b0f066a214c2f5e87bad3c948f4d605d) (ScriptedImporter) -> (artifact id: '3f34ded70d03c518823c32ba1cbadd1e') in 0.0189488 seconds
Number of updated asset objects reloaded before import = 0Number of asset objects unloaded after import = 3

========================================================================
Received Import Request.
  Time since last request: 0.000036 seconds.
  path: Assets/sprites/Mary/15.png
  artifactKey: Guid(836b802e8069ccf44a95351b486cdf82) Importer(2089858483,b0f066a214c2f5e87bad3c948f4d605d)
Start importing Assets/sprites/Mary/15.png using Guid(836b802e8069ccf44a95351b486cdf82) Importer(2089858483,b0f066a214c2f5e87bad3c948f4d605d) (ScriptedImporter) -> (artifact id: 'bb410dc40df0ae5f4b118da8024ec33c') in 0.0232096 seconds
Number of updated asset objects reloaded before import = 0Number of asset objects unloaded after import = 3

========================================================================
Received Import Request.
  Time since last request: 0.000042 seconds.
  path: Assets/Prefabs/Customers/Mr. Smith/DefineSprite_387/8.png
  artifactKey: Guid(d2da746f30c82524b946c428f6f77d1b) Importer(2089858483,b0f066a214c2f5e87bad3c948f4d605d)
Start importing Assets/Prefabs/Customers/Mr. Smith/DefineSprite_387/8.png using Guid(d2da746f30c82524b946c428f6f77d1b) Importer(2089858483,b0f066a214c2f5e87bad3c948f4d605d) (ScriptedImporter) -> (artifact id: 'b8ef1611134d293ead9ee2d949b30b71') in 0.0217249 seconds
Number of updated asset objects reloaded before import = 0Number of asset objects unloaded after import = 3

========================================================================
Received Import Request.
  Time since last request: 0.000021 seconds.
  path: Assets/sprites/Mary/DefineSprite_148/3.png
  artifactKey: Guid(f2f23d98b3ba7264e9d432cd4db80abc) Importer(2089858483,b0f066a214c2f5e87bad3c948f4d605d)
Start importing Assets/sprites/Mary/DefineSprite_148/3.png using Guid(f2f23d98b3ba7264e9d432cd4db80abc) Importer(2089858483,b0f066a214c2f5e87bad3c948f4d605d) (ScriptedImporter) -> (artifact id: 'ea613c6f32be92aedb3fab6a20c00e48') in 0.0211974 seconds
Number of updated asset objects reloaded before import = 0Number of asset objects unloaded after import = 3

========================================================================
Received Import Request.
  Time since last request: 0.000028 seconds.
  path: Assets/Prefabs/Customers/Mr. Smith/DefineSprite_387/177.png
  artifactKey: Guid(f41f466a2edefed4681f73f0a7089f5c) Importer(2089858483,b0f066a214c2f5e87bad3c948f4d605d)
Start importing Assets/Prefabs/Customers/Mr. Smith/DefineSprite_387/177.png using Guid(f41f466a2edefed4681f73f0a7089f5c) Importer(2089858483,b0f066a214c2f5e87bad3c948f4d605d) (ScriptedImporter) -> (artifact id: 'e80f79168d8c640d10a4a758a85f318b') in 0.0231994 seconds
Number of updated asset objects reloaded before import = 0Number of asset objects unloaded after import = 3

========================================================================
Received Import Request.
  Time since last request: 0.000028 seconds.
  path: Assets/Prefabs/Customers/Mr. Smith/DefineSprite_387/100.png
  artifactKey: Guid(e78fc00a855faff4a825895b48defb8f) Importer(2089858483,b0f066a214c2f5e87bad3c948f4d605d)
Start importing Assets/Prefabs/Customers/Mr. Smith/DefineSprite_387/100.png using Guid(e78fc00a855faff4a825895b48defb8f) Importer(2089858483,b0f066a214c2f5e87bad3c948f4d605d) (ScriptedImporter) -> (artifact id: 'a35fbbf1e1f6f96b054dc231074257ad') in 0.021253 seconds
Number of updated asset objects reloaded before import = 0Number of asset objects unloaded after import = 3

========================================================================
Received Import Request.
  Time since last request: 0.000039 seconds.
  path: Assets/sprites/Caroline/DefineSprite_128/7.png
  artifactKey: Guid(c810e5f61f87d514a9fac85e3ac7dbbc) Importer(2089858483,b0f066a214c2f5e87bad3c948f4d605d)
Start importing Assets/sprites/Caroline/DefineSprite_128/7.png using Guid(c810e5f61f87d514a9fac85e3ac7dbbc) Importer(2089858483,b0f066a214c2f5e87bad3c948f4d605d) (ScriptedImporter) -> (artifact id: '402813163663ea9757d327e7b4a20351') in 0.0184949 seconds
Number of updated asset objects reloaded before import = 0Number of asset objects unloaded after import = 3

========================================================================
Received Import Request.
  Time since last request: 0.000027 seconds.
  path: Assets/Prefabs/Customers/Mr. Smith/DefineSprite_387/82.png
  artifactKey: Guid(81bab467bde86d64897a05c3cb990994) Importer(2089858483,b0f066a214c2f5e87bad3c948f4d605d)
Start importing Assets/Prefabs/Customers/Mr. Smith/DefineSprite_387/82.png using Guid(81bab467bde86d64897a05c3cb990994) Importer(2089858483,b0f066a214c2f5e87bad3c948f4d605d) (ScriptedImporter) -> (artifact id: '75679522b735b6f1afd38cf402f55a0d') in 0.0230771 seconds
Number of updated asset objects reloaded before import = 0Number of asset objects unloaded after import = 3

========================================================================
Received Import Request.
  Time since last request: 0.000019 seconds.
  path: Assets/Prefabs/Customers/Mr. Smith/DefineSprite_387/165.png
  artifactKey: Guid(93dce8c97f661e146b18640d3b4dfe8e) Importer(2089858483,b0f066a214c2f5e87bad3c948f4d605d)
Start importing Assets/Prefabs/Customers/Mr. Smith/DefineSprite_387/165.png using Guid(93dce8c97f661e146b18640d3b4dfe8e) Importer(2089858483,b0f066a214c2f5e87bad3c948f4d605d) (ScriptedImporter) -> (artifact id: 'e634d564863d3802d41252eedbfa895a') in 0.0205553 seconds
Number of updated asset objects reloaded before import = 0Number of asset objects unloaded after import = 3

========================================================================
Received Import Request.
  Time since last request: 0.000030 seconds.
  path: Assets/sprites/Derek/DefineSprite_143/10.png
  artifactKey: Guid(b982bbba825f73f459084907ee0d124c) Importer(2089858483,b0f066a214c2f5e87bad3c948f4d605d)
Start importing Assets/sprites/Derek/DefineSprite_143/10.png using Guid(b982bbba825f73f459084907ee0d124c) Importer(2089858483,b0f066a214c2f5e87bad3c948f4d605d) (ScriptedImporter) -> (artifact id: 'c8d905b04caa03c5fb9bba4772f24947') in 0.019865 seconds
Number of updated asset objects reloaded before import = 0Number of asset objects unloaded after import = 3

========================================================================
Received Import Request.
  Time since last request: 0.000031 seconds.
  path: Assets/Prefabs/Customers/Mr. Smith/DefineSprite_387/162.png
  artifactKey: Guid(96911802d014ace41b5d9c305c9211f1) Importer(2089858483,b0f066a214c2f5e87bad3c948f4d605d)
Start importing Assets/Prefabs/Customers/Mr. Smith/DefineSprite_387/162.png using Guid(96911802d014ace41b5d9c305c9211f1) Importer(2089858483,b0f066a214c2f5e87bad3c948f4d605d) (ScriptedImporter) -> (artifact id: '13da7df6e66aeac066488405f294cf8f') in 0.0191285 seconds
Number of updated asset objects reloaded before import = 0Number of asset objects unloaded after import = 3

========================================================================
Received Import Request.
  Time since last request: 0.000042 seconds.
  path: Assets/sprites/Mary/DefineSprite_148/2.png
  artifactKey: Guid(36101414d8554674d80ac5376c9ff6bb) Importer(2089858483,b0f066a214c2f5e87bad3c948f4d605d)
Start importing Assets/sprites/Mary/DefineSprite_148/2.png using Guid(36101414d8554674d80ac5376c9ff6bb) Importer(2089858483,b0f066a214c2f5e87bad3c948f4d605d) (ScriptedImporter) -> (artifact id: '351d738b6230966f7f3d695bb11e4ab3') in 0.0219374 seconds
Number of updated asset objects reloaded before import = 0Number of asset objects unloaded after import = 3

========================================================================
Received Import Request.
  Time since last request: 0.000062 seconds.
  path: Assets/sprites/Caroline/DefineSprite_128/4.png
  artifactKey: Guid(70887851b53b0904a9e8e65152eeec46) Importer(2089858483,b0f066a214c2f5e87bad3c948f4d605d)
Start importing Assets/sprites/Caroline/DefineSprite_128/4.png using Guid(70887851b53b0904a9e8e65152eeec46) Importer(2089858483,b0f066a214c2f5e87bad3c948f4d605d) (ScriptedImporter) -> (artifact id: '2f5af414beadf8a8507a255460d50aa2') in 0.0176553 seconds
Number of updated asset objects reloaded before import = 0Number of asset objects unloaded after import = 3

========================================================================
Received Import Request.
  Time since last request: 0.000023 seconds.
  path: Assets/Prefabs/Customers/Mr. Smith/DefineSprite_387/36.png
  artifactKey: Guid(7d904676a4154484ba4948d0db9bba7b) Importer(2089858483,b0f066a214c2f5e87bad3c948f4d605d)
Start importing Assets/Prefabs/Customers/Mr. Smith/DefineSprite_387/36.png using Guid(7d904676a4154484ba4948d0db9bba7b) Importer(2089858483,b0f066a214c2f5e87bad3c948f4d605d) (ScriptedImporter) -> (artifact id: 'be5273b5433c0d4bff12957c730186de') in 0.0249986 seconds
Number of updated asset objects reloaded before import = 0Number of asset objects unloaded after import = 3

========================================================================
Received Import Request.
  Time since last request: 0.000028 seconds.
  path: Assets/Prefabs/Customers/Mr. Smith/DefineSprite_387/10.png
  artifactKey: Guid(72a5bc72131210e4f9f458e8d6370775) Importer(2089858483,b0f066a214c2f5e87bad3c948f4d605d)
Start importing Assets/Prefabs/Customers/Mr. Smith/DefineSprite_387/10.png using Guid(72a5bc72131210e4f9f458e8d6370775) Importer(2089858483,b0f066a214c2f5e87bad3c948f4d605d) (ScriptedImporter) -> (artifact id: '764440ff9cbe0135053e308ae3184d0f') in 0.0195962 seconds
Number of updated asset objects reloaded before import = 0Number of asset objects unloaded after import = 3

========================================================================
Received Import Request.
  Time since last request: 5.164352 seconds.
  path: Assets/Prefabs/Customers/Mr. Smith/WalkingBackward/7.png
  artifactKey: Guid(64502b40e9eecea4a9870ff4b8a207cf) Importer(2089858483,b0f066a214c2f5e87bad3c948f4d605d)
Start importing Assets/Prefabs/Customers/Mr. Smith/WalkingBackward/7.png using Guid(64502b40e9eecea4a9870ff4b8a207cf) Importer(2089858483,b0f066a214c2f5e87bad3c948f4d605d) (ScriptedImporter) -> (artifact id: '9b70ccbd4851b0451cdd0328efd69692') in 0.0247123 seconds
Number of updated asset objects reloaded before import = 0Number of asset objects unloaded after import = 3

========================================================================
Received Import Request.
  Time since last request: 0.000024 seconds.
  path: Assets/Prefabs/Customers/Mr. Smith/WalkingBackward/1.png
  artifactKey: Guid(fede277fc25381b4394de6f0a0f1cace) Importer(2089858483,b0f066a214c2f5e87bad3c948f4d605d)
Start importing Assets/Prefabs/Customers/Mr. Smith/WalkingBackward/1.png using Guid(fede277fc25381b4394de6f0a0f1cace) Importer(2089858483,b0f066a214c2f5e87bad3c948f4d605d) (ScriptedImporter) -> (artifact id: '3e6379249c3281c3dbe358d47e32bc2b') in 0.0226846 seconds
Number of updated asset objects reloaded before import = 0Number of asset objects unloaded after import = 3

========================================================================
Received Import Request.
  Time since last request: 0.000034 seconds.
  path: Assets/Prefabs/Customers/Mr. Smith/WalkingBackward/12.png
  artifactKey: Guid(a1d9045df91e454418bbd6b0b249346f) Importer(2089858483,b0f066a214c2f5e87bad3c948f4d605d)
Start importing Assets/Prefabs/Customers/Mr. Smith/WalkingBackward/12.png using Guid(a1d9045df91e454418bbd6b0b249346f) Importer(2089858483,b0f066a214c2f5e87bad3c948f4d605d) (ScriptedImporter) -> (artifact id: '74465412dc2a921d16d023e4d404301b') in 0.0216003 seconds
Number of updated asset objects reloaded before import = 0Number of asset objects unloaded after import = 3

========================================================================
Received Import Request.
  Time since last request: 0.000053 seconds.
  path: Assets/Prefabs/Customers/Mr. Smith/WalkingBackward/10.png
  artifactKey: Guid(f6c2bedc4a4f3244899cddc69ac95ab0) Importer(2089858483,b0f066a214c2f5e87bad3c948f4d605d)
Start importing Assets/Prefabs/Customers/Mr. Smith/WalkingBackward/10.png using Guid(f6c2bedc4a4f3244899cddc69ac95ab0) Importer(2089858483,b0f066a214c2f5e87bad3c948f4d605d) (ScriptedImporter) -> (artifact id: 'a87c1775172b1702cd63abc9b01bdb46') in 0.0239341 seconds
Number of updated asset objects reloaded before import = 0Number of asset objects unloaded after import = 3

========================================================================
Received Import Request.
  Time since last request: 0.000039 seconds.
  path: Assets/Prefabs/Customers/Mr. Smith/WalkingBackward/5.png
  artifactKey: Guid(c14f5041634920847abf02799b214d6b) Importer(2089858483,b0f066a214c2f5e87bad3c948f4d605d)
Start importing Assets/Prefabs/Customers/Mr. Smith/WalkingBackward/5.png using Guid(c14f5041634920847abf02799b214d6b) Importer(2089858483,b0f066a214c2f5e87bad3c948f4d605d) (ScriptedImporter) -> (artifact id: '17af985dba7fb71985fba2b5447a3040') in 0.0205585 seconds
Number of updated asset objects reloaded before import = 0Number of asset objects unloaded after import = 3

========================================================================
Received Import Request.
  Time since last request: 0.000032 seconds.
  path: Assets/Prefabs/Customers/Mr. Smith/WalkingBackward/11.png
  artifactKey: Guid(23b17d2ee8381c54484a80f339921653) Importer(2089858483,b0f066a214c2f5e87bad3c948f4d605d)
Start importing Assets/Prefabs/Customers/Mr. Smith/WalkingBackward/11.png using Guid(23b17d2ee8381c54484a80f339921653) Importer(2089858483,b0f066a214c2f5e87bad3c948f4d605d) (ScriptedImporter) -> (artifact id: '816d1a7c13d3d2bb9cb0d9fb079f8612') in 0.0216899 seconds
Number of updated asset objects reloaded before import = 0Number of asset objects unloaded after import = 3

========================================================================
Received Import Request.
  Time since last request: 0.000028 seconds.
  path: Assets/Prefabs/Customers/Mr. Smith/WalkingBackward/3.png
  artifactKey: Guid(a7f116544dc3db94394c88c77ec096fa) Importer(2089858483,b0f066a214c2f5e87bad3c948f4d605d)
Start importing Assets/Prefabs/Customers/Mr. Smith/WalkingBackward/3.png using Guid(a7f116544dc3db94394c88c77ec096fa) Importer(2089858483,b0f066a214c2f5e87bad3c948f4d605d) (ScriptedImporter) -> (artifact id: '38e866f0cc4dfdcd5f37e6d2fb507d70') in 0.0219966 seconds
Number of updated asset objects reloaded before import = 0Number of asset objects unloaded after import = 3

========================================================================
Received Prepare
Assembly reference Packages/com.unity.cinemachine/Editor/Samples/ExposeHDRPInternals/HDRP-Editor-ref.asmref has no target assembly definition
Assembly reference Packages/com.unity.cinemachine/Editor/Samples/ExposeHDRPInternals/HDRP-Editor-ref.asmref has no target assembly definition
Begin MonoManager ReloadAssembly
[Licensing::Client] Successfully resolved entitlement details
Symbol file LoadedFromMemory is not a mono symbol file
Symbol file LoadedFromMemory is not a mono symbol file
- Loaded All Assemblies, in  3.214 seconds
Assembly reference Packages/com.unity.cinemachine/Editor/Samples/ExposeHDRPInternals/HDRP-Editor-ref.asmref has no target assembly definition
'Packages/com.unity.cinemachine/Editor/Obsolete/CinemachineVirtualCameraBaseEditor.cs' contains partial class of Unity.Object, exactly 1 of the partial classes needs to be in a file with the same filename. This is to know the one that can be referenced from ie. GameObjects
'Packages/com.unity.cinemachine/Editor/Editors/CinemachineVirtualCameraBaseEditor.cs' contains partial class of Unity.Object, exactly 1 of the partial classes needs to be in a file with the same filename. This is to know the one that can be referenced from ie. GameObjects
Refreshing native plugins compatible for Editor in 8.43 ms, found 5 plugins.
Native extension for LinuxStandalone target not found
Native extension for AppleTV target not found
Native extension for iOS target not found
Native extension for Android target not found
Native extension for UWP target not found
Native extension for WindowsStandalone target not found
Failed to load: C:/Program Files/Unity/Hub/Editor/6000.3.6f1/Editor/Data/PlaybackEngines/VisionOSPlayer\x64\UnityEditor.VisionOS.Native.dll
Native extension for VisionOS target not found
Native extension for WebGL target not found
Assembly reference Packages/com.unity.cinemachine/Editor/Samples/ExposeHDRPInternals/HDRP-Editor-ref.asmref has no target assembly definition
Refreshing native plugins compatible for Editor in 6.85 ms, found 5 plugins.
[Package Manager] Failed to launch server process. Reason: Unity was launched with the -noUpm command-line argument
[Package Manager] Unable to send message (not connected to server process).
[Package Manager] Cannot connect to Unity Package Manager local server
[Package Manager] Failed to launch server process. Reason: Unity was launched with the -noUpm command-line argument
[Package Manager] Unable to send message (not connected to server process).
[Package Manager] Cannot connect to Unity Package Manager local server
[Licensing::Client] Error: Code 404 while processing request (status: Found 0 entitlement groups and 0 free entitlements matching requested entitlement ids)
[Licensing::Client] Error: Code 404 while processing request (status: Found 0 entitlement groups and 0 free entitlements matching requested entitlement ids)
[Licensing::Client] Error: Code 404 while processing request (status: Found 0 entitlement groups and 0 free entitlements matching requested entitlement ids)
ScheduleIndexationOnStartup MainProcess:False IndexOnStartup:True
Mono: successfully reloaded assembly
- Finished resetting the current domain, in  6.584 seconds
Domain Reload Profiling: 10434ms
	BeginReloadAssembly (682ms)
		ExecutionOrderSort (0ms)
		DisableScriptedObjects (40ms)
		BackupInstance (0ms)
		ReleaseScriptingObjects (1ms)
		CreateAndSetChildDomain (179ms)
	RebuildCommonClasses (101ms)
	RebuildNativeTypeToScriptingClass (39ms)
	initialDomainReloadingComplete (156ms)
	LoadAllAssembliesAndSetupDomain (2871ms)
		LoadAssemblies (1432ms)
		RebuildTransferFunctionScriptingTraits (0ms)
		AnalyzeDomain (1086ms)
			TypeCache.Refresh (45ms)
				TypeCache.ScanAssembly (3ms)
			BuildScriptInfoCaches (988ms)
			ResolveRequiredComponents (41ms)
	FinalizeReload (6585ms)
		ReleaseScriptCaches (0ms)
		RebuildScriptCaches (0ms)
		SetupLoadedEditorAssemblies (6070ms)
			LogAssemblyErrors (0ms)
			InitializePlatformSupportModulesInManaged (294ms)
			SetLoadedEditorAssemblies (18ms)
			BeforeProcessingInitializeOnLoad (668ms)
			ProcessInitializeOnLoadAttributes (2691ms)
			ProcessInitializeOnLoadMethodAttributes (2363ms)
			AfterProcessingInitializeOnLoad (34ms)
			EditorAssembliesLoaded (1ms)
		ExecutionOrderSort2 (0ms)
		AwakeInstancesAfterBackupRestoration (57ms)
Refreshing native plugins compatible for Editor in 5.70 ms, found 5 plugins.
Preloading 1 native plugins for Editor in 0.14 ms.
Unloading 60 Unused Serialized files (Serialized files now loaded: 0)
Unloading 11011 unused Assets / (18.8 MB). Loaded Objects now: 11978.
Memory consumption went from 244.7 MB to 225.9 MB.
Total: 67.651600 ms (FindLiveObjects: 2.265000 ms CreateObjectMapping: 2.672100 ms MarkObjects: 51.058500 ms  DeleteObjects: 11.652900 ms)

Prepare: number of updated asset objects reloaded= 0
========================================================================
Received Prepare
Assembly reference Packages/com.unity.cinemachine/Editor/Samples/ExposeHDRPInternals/HDRP-Editor-ref.asmref has no target assembly definition
Assembly reference Packages/com.unity.cinemachine/Editor/Samples/ExposeHDRPInternals/HDRP-Editor-ref.asmref has no target assembly definition
Begin MonoManager ReloadAssembly
Symbol file LoadedFromMemory is not a mono symbol file
Symbol file LoadedFromMemory is not a mono symbol file
- Loaded All Assemblies, in  2.951 seconds
Assembly reference Packages/com.unity.cinemachine/Editor/Samples/ExposeHDRPInternals/HDRP-Editor-ref.asmref has no target assembly definition
'Packages/com.unity.cinemachine/Editor/Obsolete/CinemachineVirtualCameraBaseEditor.cs' contains partial class of Unity.Object, exactly 1 of the partial classes needs to be in a file with the same filename. This is to know the one that can be referenced from ie. GameObjects
'Packages/com.unity.cinemachine/Editor/Editors/CinemachineVirtualCameraBaseEditor.cs' contains partial class of Unity.Object, exactly 1 of the partial classes needs to be in a file with the same filename. This is to know the one that can be referenced from ie. GameObjects
Refreshing native plugins compatible for Editor in 6.17 ms, found 5 plugins.
Native extension for LinuxStandalone target not found
Native extension for AppleTV target not found
Native extension for iOS target not found
Native extension for Android target not found
Native extension for UWP target not found
Native extension for WindowsStandalone target not found
Failed to load: C:/Program Files/Unity/Hub/Editor/6000.3.6f1/Editor/Data/PlaybackEngines/VisionOSPlayer\x64\UnityEditor.VisionOS.Native.dll
Native extension for VisionOS target not found
Native extension for WebGL target not found
Assembly reference Packages/com.unity.cinemachine/Editor/Samples/ExposeHDRPInternals/HDRP-Editor-ref.asmref has no target assembly definition
Refreshing native plugins compatible for Editor in 7.58 ms, found 5 plugins.
[Package Manager] Failed to launch server process. Reason: Unity was launched with the -noUpm command-line argument
[Package Manager] Unable to send message (not connected to server process).
[Package Manager] Cannot connect to Unity Package Manager local server
[Package Manager] Failed to launch server process. Reason: Unity was launched with the -noUpm command-line argument
[Package Manager] Unable to send message (not connected to server process).
[Package Manager] Cannot connect to Unity Package Manager local server
[Licensing::Client] Error: Code 404 while processing request (status: Found 0 entitlement groups and 0 free entitlements matching requested entitlement ids)
[Licensing::Client] Error: Code 404 while processing request (status: Found 0 entitlement groups and 0 free entitlements matching requested entitlement ids)
[Licensing::Client] Error: Code 404 while processing request (status: Found 0 entitlement groups and 0 free entitlements matching requested entitlement ids)
ScheduleIndexationOnStartup MainProcess:False IndexOnStartup:True
Mono: successfully reloaded assembly
- Finished resetting the current domain, in  6.759 seconds
Domain Reload Profiling: 9718ms
	BeginReloadAssembly (701ms)
		ExecutionOrderSort (0ms)
		DisableScriptedObjects (43ms)
		BackupInstance (0ms)
		ReleaseScriptingObjects (1ms)
		CreateAndSetChildDomain (206ms)
	RebuildCommonClasses (96ms)
	RebuildNativeTypeToScriptingClass (29ms)
	initialDomainReloadingComplete (164ms)
	LoadAllAssembliesAndSetupDomain (1969ms)
		LoadAssemblies (1280ms)
		RebuildTransferFunctionScriptingTraits (0ms)
		AnalyzeDomain (969ms)
			TypeCache.Refresh (18ms)
				TypeCache.ScanAssembly (0ms)
			BuildScriptInfoCaches (912ms)
			ResolveRequiredComponents (29ms)
	FinalizeReload (6759ms)
		ReleaseScriptCaches (0ms)
		RebuildScriptCaches (0ms)
		SetupLoadedEditorAssemblies (6272ms)
			LogAssemblyErrors (0ms)
			InitializePlatformSupportModulesInManaged (833ms)
			SetLoadedEditorAssemblies (27ms)
			BeforeProcessingInitializeOnLoad (1238ms)
			ProcessInitializeOnLoadAttributes (2730ms)
			ProcessInitializeOnLoadMethodAttributes (1417ms)
			AfterProcessingInitializeOnLoad (26ms)
			EditorAssembliesLoaded (1ms)
		ExecutionOrderSort2 (0ms)
		AwakeInstancesAfterBackupRestoration (44ms)
Refreshing native plugins compatible for Editor in 6.84 ms, found 5 plugins.
Preloading 1 native plugins for Editor in 0.13 ms.
Unloading 60 Unused Serialized files (Serialized files now loaded: 0)
Unloading 11011 unused Assets / (17.8 MB). Loaded Objects now: 11981.
Memory consumption went from 244.8 MB to 227.0 MB.
Total: 60.440000 ms (FindLiveObjects: 3.374200 ms CreateObjectMapping: 4.101400 ms MarkObjects: 41.781900 ms  DeleteObjects: 11.179400 ms)

Prepare: number of updated asset objects reloaded= 0
========================================================================
Received Import Request.
  Time since last request: 1405.893198 seconds.
  path: Assets/sprites/DefineSprite_38/51.png
  artifactKey: Guid(ada6cc0e23ee67c449989aa6ce6741b2) Importer(815301076,1909f56bfc062723c751e8b465ee728b)
Start importing Assets/sprites/DefineSprite_38/51.png using Guid(ada6cc0e23ee67c449989aa6ce6741b2) Importer(815301076,1909f56bfc062723c751e8b465ee728b) (PreviewImporter) -> (artifact id: '8b6be5880b376fe0bb9648c3ba214e93') in 1.1772485 seconds
Number of updated asset objects reloaded before import = 0Number of asset objects unloaded after import = 3

========================================================================
Received Import Request.
  Time since last request: 0.000040 seconds.
  path: Assets/sprites/DefineSprite_38/55.png
  artifactKey: Guid(35317392f17000c48bdf12fcc9566499) Importer(815301076,1909f56bfc062723c751e8b465ee728b)
Start importing Assets/sprites/DefineSprite_38/55.png using Guid(35317392f17000c48bdf12fcc9566499) Importer(815301076,1909f56bfc062723c751e8b465ee728b) (PreviewImporter) -> (artifact id: 'ef15530825201213564e82fc4cc00bca') in 0.0408776 seconds
Number of updated asset objects reloaded before import = 0Number of asset objects unloaded after import = 3

========================================================================
Received Import Request.
  Time since last request: 0.000048 seconds.
  path: Assets/sprites/DefineSprite_38/52.png
  artifactKey: Guid(11cf681d75ae4564784e511e1a525d37) Importer(815301076,1909f56bfc062723c751e8b465ee728b)
Start importing Assets/sprites/DefineSprite_38/52.png using Guid(11cf681d75ae4564784e511e1a525d37) Importer(815301076,1909f56bfc062723c751e8b465ee728b) (PreviewImporter) -> (artifact id: 'b4ad3cc943a8a00d368d37b1adbf8da4') in 0.0340594 seconds
Number of updated asset objects reloaded before import = 0Number of asset objects unloaded after import = 3

========================================================================
Received Import Request.
  Time since last request: 49.085483 seconds.
  path: Assets/sprites/DefineSprite_366/51.png
  artifactKey: Guid(27e2459b148dfc047a35cb921c170e37) Importer(815301076,1909f56bfc062723c751e8b465ee728b)
Start importing Assets/sprites/DefineSprite_366/51.png using Guid(27e2459b148dfc047a35cb921c170e37) Importer(815301076,1909f56bfc062723c751e8b465ee728b) (PreviewImporter) -> (artifact id: '64fb2397a27a6445bb9b7a4b105ab1d2') in 0.0315023 seconds
Number of updated asset objects reloaded before import = 0Number of asset objects unloaded after import = 3

========================================================================
Received Import Request.
  Time since last request: 0.000037 seconds.
  path: Assets/sprites/DefineSprite_366/55.png
  artifactKey: Guid(889d900b381427747b68461d0cbab597) Importer(815301076,1909f56bfc062723c751e8b465ee728b)
Start importing Assets/sprites/DefineSprite_366/55.png using Guid(889d900b381427747b68461d0cbab597) Importer(815301076,1909f56bfc062723c751e8b465ee728b) (PreviewImporter) -> (artifact id: '2b29882faa9440747ea9b669e8485ccc') in 1.1106893 seconds
Number of updated asset objects reloaded before import = 0Number of asset objects unloaded after import = 3

========================================================================
Received Import Request.
  Time since last request: 2.103328 seconds.
  path: Assets/sprites/DefineSprite_401/51.png
  artifactKey: Guid(ab0c5b394b97e8143bf73bc02ca6d538) Importer(815301076,1909f56bfc062723c751e8b465ee728b)
Start importing Assets/sprites/DefineSprite_401/51.png using Guid(ab0c5b394b97e8143bf73bc02ca6d538) Importer(815301076,1909f56bfc062723c751e8b465ee728b) (PreviewImporter) -> (artifact id: '67feb08f705b7194a5a320d127e8a720') in 0.0376611 seconds
Number of updated asset objects reloaded before import = 0Number of asset objects unloaded after import = 3

========================================================================
Received Import Request.
  Time since last request: 0.000037 seconds.
  path: Assets/sprites/DefineSprite_401/54.png
  artifactKey: Guid(bd9cb387dd13c3c45a167fa23ebeec17) Importer(815301076,1909f56bfc062723c751e8b465ee728b)
Start importing Assets/sprites/DefineSprite_401/54.png using Guid(bd9cb387dd13c3c45a167fa23ebeec17) Importer(815301076,1909f56bfc062723c751e8b465ee728b) (PreviewImporter) -> (artifact id: '606e81de9a01177eb2a3ae4e855eb25b') in 0.0328362 seconds
Number of updated asset objects reloaded before import = 0Number of asset objects unloaded after import = 3

========================================================================
Received Import Request.
  Time since last request: 31.702652 seconds.
  path: Assets/sprites/DefineSprite_422/51.png
  artifactKey: Guid(55c6786b8d1563046bf9c98f1d7a888f) Importer(815301076,1909f56bfc062723c751e8b465ee728b)
Start importing Assets/sprites/DefineSprite_422/51.png using Guid(55c6786b8d1563046bf9c98f1d7a888f) Importer(815301076,1909f56bfc062723c751e8b465ee728b) (PreviewImporter) -> (artifact id: '7a2c99e92f6a155c8e854b847beecd17') in 0.034778 seconds
Number of updated asset objects reloaded before import = 0Number of asset objects unloaded after import = 3

========================================================================
Received Import Request.
  Time since last request: 0.000037 seconds.
  path: Assets/sprites/DefineSprite_422/55.png
  artifactKey: Guid(82f5753d63d34e342882c3eef281b1a1) Importer(815301076,1909f56bfc062723c751e8b465ee728b)
Start importing Assets/sprites/DefineSprite_422/55.png using Guid(82f5753d63d34e342882c3eef281b1a1) Importer(815301076,1909f56bfc062723c751e8b465ee728b) (PreviewImporter) -> (artifact id: '439de9116e451465fd0d7fd0e5b6a675') in 0.0370179 seconds
Number of updated asset objects reloaded before import = 0Number of asset objects unloaded after import = 3

========================================================================
Received Import Request.
  Time since last request: 11.495363 seconds.
  path: Assets/sprites/DefineSprite_450/51.png
  artifactKey: Guid(1e1e7202665a71f409b3e3e40bcbc8eb) Importer(815301076,1909f56bfc062723c751e8b465ee728b)
Start importing Assets/sprites/DefineSprite_450/51.png using Guid(1e1e7202665a71f409b3e3e40bcbc8eb) Importer(815301076,1909f56bfc062723c751e8b465ee728b) (PreviewImporter) -> (artifact id: 'aa4cd51900cd742e1bdfb77f8bad0543') in 0.0303235 seconds
Number of updated asset objects reloaded before import = 0Number of asset objects unloaded after import = 3

========================================================================
Received Import Request.
  Time since last request: 0.000034 seconds.
  path: Assets/sprites/DefineSprite_450/55.png
  artifactKey: Guid(be0ca012cc8ec79468883f21b2c2ba3e) Importer(815301076,1909f56bfc062723c751e8b465ee728b)
Start importing Assets/sprites/DefineSprite_450/55.png using Guid(be0ca012cc8ec79468883f21b2c2ba3e) Importer(815301076,1909f56bfc062723c751e8b465ee728b) (PreviewImporter) -> (artifact id: 'd67afc68f401a1252cc62dc428d8c27d') in 0.0358489 seconds
Number of updated asset objects reloaded before import = 0Number of asset objects unloaded after import = 3

========================================================================
Received Import Request.
  Time since last request: 6.494370 seconds.
  path: Assets/sprites/DefineSprite_478/51.png
  artifactKey: Guid(32368ad56b3e844478548113e8e73d52) Importer(815301076,1909f56bfc062723c751e8b465ee728b)
Start importing Assets/sprites/DefineSprite_478/51.png using Guid(32368ad56b3e844478548113e8e73d52) Importer(815301076,1909f56bfc062723c751e8b465ee728b) (PreviewImporter) -> (artifact id: '4662cb3262e9ef08373e363132e00efe') in 0.0460097 seconds
Number of updated asset objects reloaded before import = 0Number of asset objects unloaded after import = 3

========================================================================
Received Import Request.
  Time since last request: 0.000041 seconds.
  path: Assets/sprites/DefineSprite_478/55.png
  artifactKey: Guid(725c5e275e0cd0c4a8817ff64f4024c0) Importer(815301076,1909f56bfc062723c751e8b465ee728b)
Start importing Assets/sprites/DefineSprite_478/55.png using Guid(725c5e275e0cd0c4a8817ff64f4024c0) Importer(815301076,1909f56bfc062723c751e8b465ee728b) (PreviewImporter) -> (artifact id: '328e677305809bd7f7a25fe6192ea587') in 1.0655282 seconds
Number of updated asset objects reloaded before import = 0Number of asset objects unloaded after import = 3

========================================================================
Received Import Request.
  Time since last request: 14.150918 seconds.
  path: Assets/sprites/DefineSprite_506/51.png
  artifactKey: Guid(81015f3f59383ab4895b40bf155e06c9) Importer(815301076,1909f56bfc062723c751e8b465ee728b)
Start importing Assets/sprites/DefineSprite_506/51.png using Guid(81015f3f59383ab4895b40bf155e06c9) Importer(815301076,1909f56bfc062723c751e8b465ee728b) (PreviewImporter) -> (artifact id: '79d81db80df63d270ca6ccf9a24fbba0') in 0.0388176 seconds
Number of updated asset objects reloaded before import = 0Number of asset objects unloaded after import = 3

========================================================================
Received Import Request.
  Time since last request: 0.000041 seconds.
  path: Assets/sprites/DefineSprite_506/54.png
  artifactKey: Guid(7861e78eeab29544d9f936e33e322922) Importer(815301076,1909f56bfc062723c751e8b465ee728b)
Start importing Assets/sprites/DefineSprite_506/54.png using Guid(7861e78eeab29544d9f936e33e322922) Importer(815301076,1909f56bfc062723c751e8b465ee728b) (PreviewImporter) -> (artifact id: 'e16f852a92f69b3ed75531f8bd964017') in 0.0284425 seconds
Number of updated asset objects reloaded before import = 0Number of asset objects unloaded after import = 3

